base_price,peak_hour,demand_supply_ratio,competitor_gap,weather_factor,traffic_factor,time_of_day
61.25,1,5.125,-112.51,0.2,0.4,18
383.3,0,0.159,87.89,1.0,1.0,21
148.39,0,0.333,-129.02,0.0,0.4,14
295.22,0,0.933,146.02,1.0,0.7,4
364.16,0,4.455,161.05,0.2,0.4,3
220.97,0,1.167,9.43,0.5,0.7,20
291.3,0,1.567,-196.6,0.8,0.0,13
328.33,0,0.463,-109.44,1.0,0.4,15
347.57,0,1.667,-50.31,0.0,0.4,14
254.03,0,1.389,-171.32,0.2,0.7,11
170.14,0,0.326,-301.35,0.0,0.4,4
123.53,0,2.938,-97.22,1.0,0.4,11
399.2,0,0.42,246.13,0.0,0.7,6
144.94,0,3.6,-329.37,0.5,0.4,3
448.11,0,1.231,108.83,0.2,0.7,2
302.62,0,0.333,134.39,1.0,1.0,16
148.69,0,1.083,-350.2,1.0,1.0,12
437.5,0,12.25,318.72,0.2,1.0,12
221.73,0,0.2,-276.52,1.0,0.7,10
374.32,0,0.023,17.55,1.0,0.7,10
182.08,0,2.75,60.91,0.0,0.7,5
278.46,0,4.083,180.58,0.5,0.4,21
122.7,0,0.49,-356.37,1.0,0.0,6
58.76,0,0.656,-409.33,0.5,0.4,12
476.13,0,0.432,387.59,0.8,0.0,13
106.59,0,0.7,-240.3,1.0,0.4,16
240.41,0,0.872,95.1,1.0,0.4,21
497.82,1,0.769,155.37,0.8,1.0,18
78.81,0,1.067,19.34,1.0,0.4,5
81.95,0,15.0,-252.05,0.2,0.0,22
281.37,1,4.4,106.06,0.8,0.4,17
470.98,1,0.191,164.01,0.8,0.4,17
92.45,1,2.077,-254.09,0.5,1.0,9
74.38,0,0.638,-269.67,0.0,0.0,3
410.27,0,2.136,311.1,0.2,0.4,23
239.85,0,3.222,64.5,0.2,0.0,11
72.76,0,5.143,-426.92,0.0,0.0,4
232.89,1,1.455,-33.72,0.8,0.0,19
493.39,0,25.0,324.05,0.8,0.7,7
497.94,0,0.957,197.84,0.8,0.4,12
485.92,1,1.357,175.29,1.0,0.0,17
72.56,0,5.25,-191.99,1.0,0.4,14
433.1,0,5.5,352.27,0.0,0.4,1
160.8,0,0.216,-156.73,1.0,0.0,15
304.35,0,1.132,111.98,0.5,0.4,20
157.41,0,2.19,-70.69,0.5,1.0,0
54.19,0,9.8,-275.33,1.0,0.0,3
277.65,0,2.5,168.04,0.5,0.0,13
120.99,0,1.263,-304.2,0.5,0.0,0
469.29,0,1.8,372.68,0.2,0.7,6
298.95,0,0.146,126.39,1.0,0.4,11
359.37,0,1.571,-74.44,1.0,1.0,22
335.43,0,0.667,-87.78,0.0,0.0,10
336.7,1,5.556,168.82,0.8,1.0,17
83.86,0,0.125,-363.54,0.2,0.0,4
116.64,0,1.056,9.29,0.5,0.7,3
356.93,0,1.643,6.81,0.5,1.0,7
466.59,0,4.8,310.06,0.2,0.4,6
381.45,0,0.167,181.97,0.8,0.4,12
98.64,0,0.244,-343.84,0.8,0.4,15
187.34,0,1.304,-220.57,0.2,0.4,15
229.31,0,3.308,53.94,0.0,0.7,20
229.86,0,1.273,-261.66,1.0,0.7,6
130.36,0,0.471,-352.78,0.5,0.0,22
205.56,1,1.393,-198.33,0.8,0.0,17
164.63,0,2.846,-204.32,0.0,0.4,15
476.99,1,5.6,12.64,1.0,0.7,9
455.02,0,0.17,176.81,0.8,0.7,4
299.49,1,2.368,163.16,0.8,0.4,18
232.73,0,1.85,-192.45,0.5,0.7,15
323.0,0,0.737,127.99,0.8,1.0,7
262.93,0,0.424,-192.6,0.2,0.0,23
334.82,1,0.767,133.99,0.2,0.7,8
60.99,1,1.3,-99.19,0.8,0.0,8
309.05,0,0.659,-64.21,0.8,1.0,10
345.23,0,1.6,292.73,0.0,1.0,21
283.08,0,0.267,210.48,0.2,0.0,5
350.41,0,0.3,-144.14,1.0,0.7,1
416.75,0,0.725,-34.66,0.8,1.0,7
252.53,1,1.548,-135.77,0.5,1.0,17
247.94,0,0.889,-123.16,0.2,0.7,5
86.26,0,0.6,-31.61,0.8,0.4,11
236.69,0,2.8,37.79,0.8,1.0,3
225.26,1,0.519,-171.15,0.0,1.0,9
184.38,1,0.043,-41.11,0.8,0.4,8
246.13,0,0.833,183.07,0.5,1.0,21
463.79,0,0.367,-27.53,1.0,0.0,22
348.35,1,1.027,260.57,0.8,0.4,18
167.07,0,3.0,-30.24,0.8,0.7,1
175.22,1,1.96,-302.82,0.8,0.7,8
387.06,0,15.5,313.62,0.5,0.4,14
480.78,0,0.1,412.66,0.0,0.4,15
118.57,0,0.05,11.77,0.0,0.4,11
395.1,0,2.647,269.59,1.0,0.0,21
310.41,0,2.857,-157.59,1.0,1.0,16
84.2,1,3.538,-276.58,0.2,0.0,8
432.63,0,2.5,112.44,0.0,0.0,4
347.68,0,1.25,266.65,0.5,0.0,13
245.09,0,4.571,32.11,0.8,0.4,3
284.79,0,0.255,-57.92,1.0,1.0,11
316.61,1,0.596,121.57,0.2,0.0,9
387.71,0,1.812,81.28,0.8,0.7,4
131.83,1,1.524,-13.62,0.5,0.7,8
446.05,0,0.867,145.94,1.0,0.4,0
232.89,0,0.34,-66.94,0.2,1.0,0
251.68,0,1.438,193.92,0.5,0.4,23
187.79,0,2.812,-123.91,0.8,0.7,1
198.86,0,1.333,-167.42,0.5,0.7,21
374.58,1,1.875,182.58,1.0,0.4,8
267.89,0,0.292,-108.17,1.0,0.7,15
152.37,1,0.684,21.62,0.0,0.4,19
299.01,0,0.75,-64.83,0.2,1.0,11
177.95,0,0.027,-87.47,0.5,0.4,2
101.34,0,0.548,21.94,0.8,0.0,6
74.12,0,0.932,-43.02,1.0,0.7,1
301.13,0,2.0,63.85,1.0,0.4,5
458.83,0,0.862,275.02,1.0,1.0,0
77.1,0,0.925,-404.95,0.0,0.4,20
347.19,0,0.824,226.51,0.2,0.0,13
252.73,1,0.037,-64.49,0.5,0.0,17
177.22,1,0.413,-259.6,0.0,0.4,17
347.53,0,1.079,-122.62,0.8,0.0,5
117.05,1,0.357,-52.48,0.2,0.0,8
317.77,0,0.55,-103.14,0.5,1.0,11
186.84,0,0.667,-44.29,0.5,1.0,22
67.94,0,0.154,-176.47,0.5,0.7,10
482.86,0,0.4,56.68,1.0,0.0,14
68.1,0,0.486,-322.22,0.8,1.0,11
246.15,0,0.316,-170.26,0.0,1.0,3
194.48,0,1.227,97.41,0.2,0.7,7
179.7,1,1.406,-295.64,1.0,0.0,9
163.58,0,0.286,61.42,0.8,0.0,22
235.96,0,1.167,101.55,0.5,1.0,20
73.23,0,0.592,-96.95,0.2,0.7,22
104.64,0,1.406,-383.28,1.0,0.4,4
297.88,0,0.55,-0.63,0.0,0.4,11
341.47,0,3.75,222.18,0.5,0.7,23
159.68,0,1.0,-138.39,0.8,0.4,5
445.7,0,0.688,6.89,0.5,1.0,20
419.25,0,1.833,241.97,0.5,1.0,6
267.95,1,0.829,68.35,1.0,1.0,8
491.35,1,1.615,333.89,0.8,0.4,9
385.12,1,0.143,17.77,0.8,1.0,9
272.9,0,4.2,206.24,1.0,0.7,15
286.68,0,4.143,31.06,0.2,1.0,4
261.27,0,2.0,-224.87,0.5,1.0,15
433.55,1,0.273,-3.15,0.8,0.7,17
269.58,0,0.939,-23.88,1.0,0.0,10
464.42,0,0.932,-34.42,0.0,1.0,20
366.75,0,1.195,271.52,0.2,0.7,3
408.26,0,0.143,226.24,0.5,1.0,13
235.42,0,0.471,-121.39,0.2,0.4,20
441.88,1,0.15,113.01,0.2,1.0,17
257.52,0,0.667,93.23,0.5,0.0,10
295.97,0,0.432,212.73,0.5,0.7,15
162.54,1,0.622,-267.85,0.2,1.0,19
221.61,1,0.438,10.08,0.5,0.7,19
173.52,1,1.654,-131.15,0.0,1.0,17
323.18,0,3.333,114.64,0.2,0.7,2
395.36,0,1.043,38.98,0.2,0.0,16
189.02,0,14.0,-59.35,1.0,0.7,3
459.33,0,1.5,262.31,0.8,0.4,12
444.41,1,0.257,229.77,1.0,0.7,19
485.32,0,0.548,302.51,0.5,0.0,4
389.37,0,0.5,237.84,0.8,0.7,13
169.01,0,26.0,63.4,0.5,0.7,14
473.13,0,0.61,374.37,0.2,1.0,12
197.6,0,1.111,-126.94,0.0,1.0,23
233.73,0,0.476,120.83,0.0,0.7,22
155.66,0,1.143,-136.24,0.8,1.0,0
363.42,0,0.896,70.33,1.0,0.4,0
425.16,0,6.0,98.12,0.5,0.0,23
249.52,1,1.714,-228.23,0.5,0.0,9
455.76,0,0.686,115.59,0.0,1.0,16
477.05,1,1.625,56.16,0.0,0.4,9
486.99,1,1.051,414.23,0.5,0.4,8
80.87,0,2.643,-313.45,0.2,0.4,14
116.4,0,0.44,-338.84,0.0,0.7,15
162.79,0,0.257,34.27,0.0,0.4,10
314.98,0,1.438,257.88,0.5,0.0,6
286.74,0,1.778,-98.81,0.8,1.0,20
99.07,0,0.868,-177.66,1.0,0.0,14
185.73,0,1.265,-153.77,0.0,0.0,4
358.74,0,0.929,88.12,0.8,0.0,10
116.75,0,0.538,9.96,1.0,0.7,3
182.7,0,1.147,-94.8,0.8,0.0,22
342.91,0,0.19,-53.12,0.2,1.0,16
202.52,1,0.556,-51.55,0.8,0.0,8
349.3,0,1.333,130.86,0.2,1.0,16
91.95,0,1.0,-1.5,0.5,0.4,3
480.48,0,0.105,177.72,0.0,1.0,14
240.32,0,0.878,-221.81,0.0,0.7,3
96.62,1,0.87,-181.72,0.2,1.0,9
430.42,1,0.304,215.02,0.5,0.4,17
418.29,1,0.72,92.18,1.0,0.0,8
170.35,0,0.956,39.16,0.5,0.7,20
441.44,0,0.083,136.6,0.8,0.0,21
487.31,0,1.171,396.02,1.0,0.4,13
203.4,0,0.9,-13.12,0.5,0.0,0
389.5,0,0.909,317.11,0.0,0.7,11
268.55,0,1.536,19.63,0.5,0.4,1
205.33,0,4.125,105.43,1.0,1.0,20
70.44,0,2.15,-157.43,1.0,0.0,2
475.4,0,0.7,80.09,0.5,0.7,22
273.82,0,8.0,30.03,0.2,1.0,7
275.12,0,3.067,-149.89,0.5,0.0,15
246.3,1,16.0,-10.59,0.0,0.7,9
231.99,0,0.757,-106.07,0.5,0.0,22
127.34,1,0.095,-349.09,0.8,0.7,18
159.49,1,4.0,-155.5,1.0,0.0,18
202.78,0,0.417,2.9,0.2,0.0,7
288.77,0,5.125,151.51,0.5,0.7,14
156.32,0,4.2,40.42,0.2,0.4,23
391.62,0,0.204,307.71,0.8,1.0,3
310.76,0,0.755,-45.75,1.0,0.7,16
247.89,0,2.1,-13.12,0.5,0.7,23
278.3,0,0.174,88.62,0.8,0.0,14
84.53,0,1.263,-354.38,0.0,1.0,16
479.4,1,1.056,96.89,0.0,1.0,18
194.69,1,3.231,-69.34,0.2,0.0,18
492.07,0,0.318,404.12,0.2,0.0,5
495.94,0,1.586,210.11,1.0,0.4,16
224.34,1,1.263,-174.17,1.0,0.0,8
79.66,0,1.909,-12.87,0.8,0.7,20
483.98,1,1.093,162.76,0.2,0.7,9
113.64,0,0.884,-93.78,0.8,0.4,15
189.31,1,7.667,-30.2,0.5,0.4,19
498.72,0,0.938,38.12,0.0,1.0,12
213.17,0,12.0,82.05,0.2,0.7,12
499.99,0,0.867,380.26,0.5,0.0,14
425.8,0,1.429,-21.86,0.0,0.7,13
219.52,0,0.231,96.51,1.0,0.4,3
234.89,0,9.667,-119.47,0.2,1.0,5
386.84,0,0.388,134.82,1.0,0.4,15
215.53,0,2.385,-260.68,0.8,1.0,3
276.31,1,2.0,37.91,0.2,0.4,18
73.48,0,0.529,-192.79,0.5,0.0,1
178.28,0,4.25,-215.12,0.5,1.0,1
91.27,1,0.357,-368.46,0.8,0.7,8
228.4,0,6.75,10.12,0.8,0.0,16
193.41,0,7.5,98.82,0.5,0.4,6
462.83,0,0.158,200.23,0.2,1.0,23
457.64,0,40.0,399.09,0.2,0.4,20
287.5,1,1.205,187.47,0.5,0.4,9
157.3,0,2.0,-180.23,1.0,1.0,1
318.53,1,0.25,261.13,1.0,0.4,9
243.16,1,0.526,-83.5,0.2,1.0,17
88.53,0,1.0,-400.06,0.0,0.0,6
336.05,0,10.333,-155.42,0.5,0.0,7
158.51,0,0.217,-187.19,0.0,0.7,15
295.71,0,0.13,-120.37,0.2,1.0,12
132.03,0,0.756,21.35,0.8,0.0,2
406.0,0,4.333,-42.61,0.5,0.7,21
263.03,0,0.743,196.55,0.2,0.7,7
439.61,0,12.5,240.24,0.0,0.7,0
247.88,0,0.542,-232.54,0.5,0.4,15
215.31,0,1.406,-193.47,0.5,0.0,14
243.77,0,4.667,-254.02,0.2,0.7,13
197.56,0,1.167,14.52,0.8,1.0,15
208.2,1,1.552,139.14,0.5,1.0,19
83.77,0,10.25,-253.11,0.5,0.4,23
355.14,0,0.256,107.96,0.2,0.0,7
214.85,1,1.19,-7.43,1.0,0.0,17
252.47,0,0.227,35.54,0.8,0.0,13
215.13,0,0.265,23.66,0.5,0.4,11
133.72,0,0.042,-149.27,1.0,0.0,23
366.82,0,2.941,220.26,1.0,0.7,15
105.19,0,2.462,-328.58,0.8,0.4,20
414.73,0,4.833,-70.67,0.5,0.7,5
293.98,0,0.139,-157.12,0.2,0.4,21
104.61,1,2.2,-35.83,0.2,0.4,19
299.31,0,0.083,83.3,1.0,0.4,2
189.18,0,1.2,-310.64,0.8,1.0,12
106.4,1,7.4,-86.26,0.0,1.0,9
205.03,0,1.294,-240.05,1.0,0.4,1
459.82,0,0.848,384.88,0.0,0.4,2
195.2,0,1.0,-174.0,0.5,0.7,14
335.78,0,1.308,37.9,0.2,0.7,20
276.16,0,5.833,150.27,1.0,0.4,5
374.28,0,1.075,51.97,1.0,0.0,5
476.85,1,2.0,79.89,0.5,0.4,17
337.55,1,0.675,63.43,1.0,0.7,8
160.2,0,0.645,-253.11,0.8,0.7,12
76.96,0,0.111,-170.86,0.8,1.0,5
114.65,0,0.564,-323.02,0.5,0.7,12
216.74,1,0.184,-86.0,0.5,0.4,8
252.32,1,0.444,138.93,0.0,0.7,19
161.72,0,1.481,-277.67,0.2,0.7,5
135.43,1,2.238,13.73,1.0,1.0,9
60.43,0,0.625,-414.92,1.0,1.0,21
208.8,1,0.368,136.06,0.8,1.0,18
431.23,0,35.0,187.31,0.5,0.7,2
230.26,0,8.0,-76.37,0.2,0.7,10
223.86,0,3.8,-28.8,1.0,0.7,1
103.46,0,1.1,-385.33,0.8,0.7,22
389.73,0,1.5,250.15,1.0,1.0,6
67.51,0,1.0,-303.61,0.8,1.0,5
112.9,0,1.182,-356.22,0.5,0.4,0
429.17,0,0.833,111.99,1.0,1.0,6
263.7,0,1.85,206.21,0.5,0.0,21
408.54,0,1.9,32.14,0.0,1.0,15
310.31,0,0.84,157.92,0.0,1.0,6
374.53,0,0.829,-24.04,0.8,0.4,20
307.66,0,5.333,-57.57,0.2,0.0,15
118.14,1,0.778,-242.59,0.8,1.0,19
367.6,0,11.75,84.19,1.0,0.7,12
219.57,0,0.912,-260.94,0.8,0.7,1
397.4,0,0.523,22.98,0.5,1.0,7
301.14,0,0.889,149.95,0.5,0.7,15
367.24,0,0.311,174.57,0.5,0.7,14
354.48,0,0.216,133.62,0.8,0.7,11
179.43,0,6.333,-191.93,0.5,1.0,2
265.59,0,0.354,124.66,1.0,0.7,15
111.77,1,2.5,-215.28,1.0,0.4,17
457.33,0,0.093,305.78,0.2,0.0,16
372.81,0,1.227,277.56,0.2,0.0,16
343.8,0,0.407,-102.49,0.8,1.0,14
483.76,0,0.265,289.23,0.0,0.0,10
290.82,1,2.467,-84.58,0.0,0.4,18
498.73,0,4.0,270.08,0.8,0.4,14
54.17,0,6.333,-251.41,0.0,0.7,21
294.49,0,0.714,22.23,0.2,1.0,23
198.81,0,1.625,-180.19,0.5,0.4,12
405.85,0,2.182,100.35,0.2,0.4,4
422.15,0,1.577,140.27,0.0,1.0,21
491.76,0,0.583,226.91,0.2,0.0,1
251.03,1,1.562,80.88,0.5,0.7,18
55.15,0,1.27,-289.01,0.2,0.0,0
188.06,0,0.267,-44.38,1.0,0.7,23
462.26,0,0.195,279.49,1.0,0.4,20
118.93,0,0.29,-267.55,1.0,0.7,22
460.76,0,1.25,69.95,0.2,0.4,20
442.91,0,1.256,356.07,0.8,0.7,16
77.79,0,4.625,-218.65,1.0,0.4,16
124.04,0,3.5,-310.48,0.8,0.0,21
312.42,1,0.304,221.5,1.0,1.0,17
280.96,0,3.333,25.4,0.0,1.0,13
59.8,0,0.426,-104.71,0.0,0.4,3
240.66,0,1.667,-124.51,1.0,0.0,12
179.19,1,10.333,48.2,0.2,1.0,17
441.33,0,0.862,-16.72,0.8,0.0,15
109.85,0,1.229,-327.28,0.0,0.4,21
107.31,0,0.765,-383.12,0.0,0.0,15
373.59,0,0.682,132.73,0.8,0.4,6
119.8,0,1.304,-15.02,0.0,0.0,16
394.72,0,0.675,-52.97,0.0,0.4,0
317.27,1,0.714,66.37,0.0,0.4,9
247.53,0,0.115,-45.36,0.0,0.4,22
417.1,0,1.267,37.92,0.5,0.7,5
493.56,1,2.0,209.0,0.8,0.7,18
476.83,0,0.111,30.96,0.2,1.0,4
487.53,0,8.0,13.82,0.8,0.7,10
117.15,0,1.0,-102.26,1.0,1.0,20
435.89,0,0.75,320.93,0.8,0.0,14
300.78,0,1.0,190.44,0.2,0.7,6
85.58,0,0.524,-166.82,0.5,0.0,1
73.19,0,3.615,-146.54,1.0,0.0,4
314.41,1,0.265,-37.74,0.2,1.0,18
480.66,1,1.1,423.76,0.2,0.0,19
461.5,0,1.581,98.47,0.2,1.0,0
398.98,1,1.714,177.68,1.0,0.7,17
280.77,0,0.708,7.0,0.0,1.0,11
216.82,0,1.5,-19.45,1.0,0.4,7
167.35,0,5.0,-303.29,1.0,1.0,22
198.44,0,0.769,-22.49,0.2,1.0,16
201.9,0,0.955,-191.61,0.8,1.0,20
407.74,0,0.234,281.57,1.0,1.0,1
480.76,0,0.833,194.99,0.0,0.0,5
429.15,0,3.0,275.0,0.2,0.0,21
217.94,1,1.1,-110.09,1.0,1.0,18
52.98,0,16.0,-245.26,0.0,0.0,14
291.08,0,2.611,112.07,1.0,1.0,11
285.97,0,1.0,127.53,1.0,0.7,12
85.56,1,0.692,-396.12,0.8,0.4,8
357.82,0,0.75,-73.72,0.0,0.0,21
298.72,0,1.0,223.47,0.0,0.4,6
340.21,0,1.143,141.14,0.0,0.0,21
449.4,0,0.311,185.42,0.0,0.0,11
303.58,0,0.514,238.77,0.5,0.0,22
388.51,0,3.8,17.79,0.8,0.0,13
158.21,0,0.297,-267.38,0.8,0.7,20
112.98,0,1.021,-381.84,0.0,0.7,21
154.46,0,0.25,70.25,1.0,1.0,2
173.0,1,0.049,-323.66,0.8,0.4,9
244.33,0,1.44,-111.53,0.8,0.0,11
370.9,0,1.188,283.98,0.2,1.0,0
382.84,0,4.1,190.33,0.0,0.0,7
211.96,1,0.69,40.57,0.2,0.0,17
300.64,0,0.966,20.04,0.0,0.0,15
91.88,0,0.639,-227.24,0.5,1.0,16
224.51,1,0.704,136.4,1.0,0.4,17
358.39,1,3.091,232.11,0.5,0.7,8
78.47,1,3.2,-167.13,0.8,0.7,17
163.26,0,0.208,2.29,0.8,0.4,2
187.1,1,0.778,-289.87,0.5,1.0,19
243.78,0,1.318,-176.81,1.0,0.4,10
476.28,0,0.538,335.9,0.5,0.4,13
380.69,0,1.105,45.88,1.0,0.4,3
417.42,0,1.389,190.6,0.0,0.4,21
356.77,0,2.917,59.23,0.8,0.4,21
81.12,0,0.422,-350.38,0.8,1.0,3
158.91,0,2.05,-187.49,0.8,1.0,1
265.66,0,0.744,35.3,1.0,1.0,7
365.74,0,0.125,-49.79,1.0,0.0,20
345.92,0,3.125,136.17,1.0,0.0,12
341.03,0,0.955,-144.04,0.5,1.0,3
166.43,0,0.143,-113.37,1.0,0.4,5
258.38,1,0.923,-97.42,1.0,0.4,9
97.05,1,0.065,-140.14,0.0,0.0,8
190.35,0,0.435,-64.55,0.2,1.0,2
247.17,0,4.429,-116.37,0.5,0.0,11
101.79,1,0.065,-330.34,0.0,0.4,9
128.5,1,0.471,6.44,1.0,1.0,17
333.39,0,0.577,199.52,0.8,1.0,3
447.39,1,1.2,195.08,0.8,1.0,9
142.6,0,3.286,-245.95,0.0,0.0,22
196.69,1,0.5,-59.21,0.5,1.0,18
318.64,0,1.952,-6.45,1.0,0.0,3
327.81,0,0.767,-88.37,0.5,0.0,14
103.04,0,0.429,-84.38,0.2,0.7,16
224.81,0,0.303,-93.58,1.0,1.0,7
335.98,0,0.375,-26.06,0.2,0.4,5
134.19,0,2.111,-294.7,1.0,0.0,2
111.44,0,0.031,-305.41,1.0,1.0,13
237.03,0,1.375,-190.92,0.8,0.4,6
408.15,0,18.5,258.91,0.0,0.7,7
125.69,0,1.842,-130.1,0.8,0.0,16
398.8,0,0.444,-21.68,0.5,0.0,14
295.86,0,1.621,-199.54,0.0,0.4,16
168.27,0,0.103,-269.72,0.0,1.0,2
144.45,0,3.125,-237.48,0.5,1.0,16
403.18,1,4.444,-12.91,0.0,0.7,8
292.45,0,0.462,96.81,0.5,0.7,15
493.47,0,0.545,137.79,0.0,0.4,12
496.62,0,6.75,56.45,0.2,0.4,1
194.94,0,0.217,33.54,0.8,1.0,20
170.92,0,0.902,-65.48,0.8,0.0,2
231.28,1,8.333,-156.13,0.5,1.0,9
51.11,0,0.553,-347.25,0.0,1.0,0
211.2,0,0.956,132.7,1.0,1.0,23
272.62,0,2.0,77.33,0.5,0.7,23
304.76,0,4.111,36.36,0.5,0.0,14
402.75,0,0.171,145.94,0.0,0.4,15
496.33,0,30.0,253.82,0.2,0.7,7
344.56,0,3.0,181.88,0.5,0.4,2
187.48,0,0.634,-177.27,0.2,1.0,3
92.83,1,0.13,-53.21,0.0,0.4,18
355.99,1,0.441,301.81,0.5,0.0,8
264.97,1,5.0,111.94,0.0,0.0,9
446.45,0,0.875,334.74,0.2,0.4,13
53.81,0,0.919,-288.7,0.8,0.7,0
386.72,0,0.341,-77.23,1.0,1.0,0
113.01,1,0.857,7.59,0.8,0.7,17
161.5,0,2.333,-178.58,0.2,0.7,22
444.12,1,0.047,301.67,1.0,0.4,17
340.78,0,1.368,-61.93,0.2,1.0,16
274.81,0,0.5,-42.46,1.0,0.0,22
224.08,0,2.333,-203.46,0.8,0.7,1
393.23,1,3.667,-86.27,0.0,0.0,8
167.98,0,5.0,100.06,0.0,1.0,16
370.68,0,0.463,-24.52,0.8,1.0,7
291.94,0,1.171,173.23,0.0,0.7,14
488.44,0,2.357,368.52,0.5,1.0,10
425.54,0,0.837,69.06,0.0,0.7,4
479.04,0,0.596,321.65,0.2,0.0,6
325.53,0,0.267,250.77,0.2,0.0,15
365.67,0,5.111,241.95,0.5,0.7,14
387.4,0,2.667,-55.66,0.0,0.0,7
285.73,0,1.556,117.4,1.0,0.0,15
212.06,0,0.909,-62.76,1.0,0.4,7
398.0,1,0.647,-54.42,0.0,0.4,8
69.82,0,33.0,-368.5,0.2,0.0,20
464.1,1,0.96,333.57,0.0,1.0,8
237.32,1,1.312,-136.81,0.5,0.0,18
275.92,0,3.0,-179.95,0.2,0.4,20
81.02,0,0.115,-178.27,0.5,0.7,0
255.54,0,0.167,39.53,0.5,0.7,11
258.77,0,2.5,-57.49,0.8,0.4,3
408.19,0,0.714,290.44,0.8,0.0,14
336.17,0,1.522,-25.89,0.0,0.7,15
219.32,0,1.14,-162.82,0.5,0.0,2
238.92,0,2.125,-243.61,0.2,0.7,7
453.78,1,0.2,169.89,0.5,1.0,17
93.01,0,0.158,-17.07,0.8,0.0,22
245.74,0,9.25,-238.16,0.2,0.7,1
365.33,0,0.808,-15.58,0.5,1.0,1
474.6,0,3.0,363.35,1.0,0.0,15
252.31,0,0.636,61.0,0.0,0.7,21
258.51,1,1.45,-175.11,0.0,0.4,8
363.6,0,0.435,295.45,0.5,0.4,11
485.78,0,2.875,257.47,0.0,0.7,2
478.44,0,6.0,43.87,1.0,0.4,4
411.75,0,4.286,298.84,0.0,0.0,13
420.65,0,0.692,203.14,0.0,0.7,23
138.99,0,0.4,-201.7,0.2,0.0,14
474.03,0,2.667,401.24,1.0,1.0,20
63.27,0,0.812,-294.18,0.2,0.7,6
175.93,0,0.667,-271.61,0.0,0.4,21
235.4,0,0.594,-62.41,0.0,0.0,7
238.66,1,2.778,-100.53,1.0,0.4,9
495.23,0,17.5,93.37,0.5,1.0,5
460.7,0,1.391,184.62,0.8,0.7,10
318.7,0,0.095,255.51,0.5,0.0,20
395.08,0,1.478,-104.74,0.2,0.0,5
169.94,1,2.688,-247.39,0.0,0.4,9
470.84,0,1.087,-25.35,0.2,0.4,6
412.79,1,1.81,48.86,1.0,0.0,18
476.4,0,1.957,172.78,1.0,0.4,23
129.0,0,1.75,61.92,0.0,0.4,0
286.9,0,7.5,236.59,1.0,0.4,22
129.86,1,0.478,-281.23,0.5,0.0,19
367.11,0,0.263,253.37,0.0,0.7,4
473.87,0,0.522,245.85,0.0,0.7,7
489.14,0,2.333,109.58,0.8,1.0,16
368.23,0,1.75,65.34,1.0,0.7,11
416.5,0,1.132,196.23,0.5,0.4,14
476.95,0,47.0,0.04,0.8,0.0,5
464.47,0,1.857,-20.92,0.2,0.0,15
385.4,0,0.455,228.3,0.5,0.4,21
351.51,1,0.13,-26.67,0.5,1.0,18
162.29,0,1.214,81.78,0.5,0.0,5
223.67,0,0.25,-155.99,0.2,1.0,21
295.71,0,1.087,200.07,0.8,0.4,23
409.64,0,5.8,344.6,0.0,0.7,0
203.81,0,1.4,-245.76,0.2,0.0,0
317.31,0,0.273,-8.83,0.8,0.0,12
323.29,0,3.818,77.9,0.0,0.0,15
234.18,0,1.077,-65.17,1.0,0.7,16
156.9,1,0.95,84.56,1.0,1.0,19
51.72,0,0.167,-37.71,1.0,1.0,14
143.13,0,3.5,-194.06,0.0,1.0,6
261.93,1,0.769,-190.76,0.5,0.0,8
133.2,0,1.4,-315.27,0.5,0.4,5
247.88,0,0.176,79.35,0.5,0.0,1
350.36,0,1.089,261.79,0.5,1.0,22
299.12,0,2.533,-129.24,1.0,1.0,1
307.72,0,1.419,151.68,0.5,0.0,20
275.95,0,15.333,-179.25,1.0,0.4,20
127.8,0,1.69,-365.17,0.2,0.4,7
85.27,0,0.107,-272.14,0.2,0.4,15
459.86,0,0.81,-1.52,0.0,0.0,11
298.42,0,1.385,-137.06,1.0,1.0,16
314.41,0,1.125,-87.35,0.0,1.0,4
314.57,0,0.27,-76.7,0.0,0.0,13
403.59,1,7.143,-36.77,0.5,1.0,18
268.51,1,0.595,-55.52,0.0,0.4,17
328.21,1,2.6,-28.16,0.8,0.0,18
156.91,0,0.489,-228.68,0.5,0.7,22
189.93,0,1.1,-239.35,0.0,0.4,13
249.4,1,0.417,-172.22,0.5,1.0,17
134.57,0,7.0,-10.56,0.8,1.0,16
419.46,0,1.417,137.59,0.2,0.0,11
231.52,0,1.394,-169.71,1.0,0.0,23
426.64,0,1.0,264.37,0.8,0.0,23
173.29,0,3.538,-247.29,1.0,1.0,23
63.75,0,0.182,-153.86,1.0,1.0,15
298.1,0,0.816,93.19,0.5,0.0,20
72.34,0,0.08,-361.88,0.2,0.4,20
143.03,0,0.341,-200.18,1.0,0.0,16
460.18,0,0.032,118.86,1.0,0.0,10
412.29,0,0.436,224.83,0.5,1.0,12
163.4,0,0.767,-96.61,1.0,1.0,14
280.18,0,7.0,-67.88,0.5,0.7,15
266.78,0,6.286,65.45,0.5,0.7,14
369.99,0,0.405,-81.58,0.5,0.4,3
158.14,0,0.694,82.59,1.0,1.0,16
112.97,0,0.477,51.52,0.8,0.7,4
224.72,0,1.038,158.83,1.0,0.4,13
150.06,0,1.022,-140.53,0.8,0.7,14
428.29,0,1.818,-16.13,0.2,0.7,21
383.41,0,3.444,7.08,1.0,0.4,22
90.18,0,0.524,-119.7,0.5,1.0,15
313.51,0,1.412,54.82,0.0,1.0,21
311.14,0,1.079,-18.15,0.8,0.4,5
221.75,0,0.182,37.49,0.0,0.4,7
234.14,0,0.591,-72.09,0.8,0.4,23
400.52,0,3.833,131.11,0.2,0.7,1
253.42,0,4.0,109.2,0.2,0.4,5
89.62,1,0.98,-236.9,0.8,1.0,17
52.1,0,1.24,-238.1,0.5,0.0,11
135.76,0,1.441,-218.78,0.2,0.4,16
108.02,0,1.15,-114.58,1.0,0.7,14
184.19,0,1.667,3.32,1.0,0.7,7
204.23,1,4.889,-251.39,0.5,0.4,18
152.79,0,13.0,-224.44,0.2,0.4,23
277.09,0,0.053,171.67,0.0,1.0,12
290.63,0,0.34,218.77,0.0,0.0,7
360.39,0,0.5,122.84,0.8,0.0,23
365.84,0,0.548,223.37,0.0,0.7,11
348.12,0,6.143,176.63,1.0,0.4,16
373.44,0,0.212,270.46,0.0,0.0,11
139.89,0,0.333,-28.46,1.0,0.4,5
182.91,0,1.704,115.18,0.8,0.4,3
155.53,0,1.409,99.79,0.0,0.0,12
117.12,0,1.344,26.58,1.0,0.0,22
457.15,1,6.714,117.2,0.8,0.7,18
94.91,0,7.5,-33.71,0.0,0.7,0
241.7,0,2.095,139.54,0.0,0.0,4
126.73,0,1.024,-84.16,0.8,0.7,1
416.73,0,0.25,284.44,0.8,1.0,5
360.46,0,0.72,95.25,0.8,0.4,12
376.89,0,0.2,-114.82,0.2,0.0,22
411.02,0,1.226,55.74,0.2,1.0,3
438.16,1,20.0,-7.82,0.2,1.0,8
248.31,0,0.296,169.81,0.5,0.0,15
395.39,1,1.294,85.9,1.0,0.4,19
285.4,0,0.647,-79.86,0.0,1.0,13
266.87,0,2.938,-81.8,0.8,0.4,23
55.24,0,10.0,-415.23,1.0,1.0,15
388.14,0,2.2,193.85,0.5,0.7,5
297.72,0,2.2,77.33,0.2,0.0,0
251.64,0,0.784,-183.83,0.8,0.7,23
344.02,0,0.667,247.83,0.8,0.0,2
421.66,0,36.0,15.36,1.0,0.7,12
344.57,0,2.571,89.28,0.5,0.7,20
199.39,0,0.5,-195.95,1.0,1.0,13
372.16,1,1.792,270.85,0.2,0.0,17
484.0,0,0.561,302.61,1.0,0.7,21
453.59,0,2.333,182.0,0.8,0.0,15
134.39,0,3.077,-334.21,0.8,0.4,4
202.07,1,0.283,-188.65,0.0,0.0,19
315.19,0,0.698,38.3,0.8,0.0,12
298.95,0,12.0,54.19,1.0,1.0,12
361.32,0,4.167,233.18,0.2,0.0,12
322.77,1,1.103,127.94,0.8,1.0,8
161.71,0,0.918,-67.33,0.5,0.7,13
235.74,0,1.0,-129.27,1.0,0.7,22
370.34,1,1.714,-100.64,0.2,0.4,17
180.76,0,0.87,-24.62,0.2,0.4,22
336.59,1,0.778,-33.07,0.5,1.0,17
369.56,1,0.86,16.15,1.0,0.7,8
97.91,0,0.029,-123.48,0.0,0.0,14
403.49,0,0.367,-89.1,0.5,0.4,3
141.8,0,2.368,-151.73,0.5,1.0,11
382.77,0,0.909,-56.41,1.0,1.0,4
179.44,0,0.733,-169.58,0.8,1.0,21
484.62,0,2.095,410.41,0.5,0.4,7
423.49,1,1.724,-36.68,0.5,0.4,19
251.97,0,0.684,-240.58,0.0,0.4,23
103.71,0,1.455,35.42,0.5,0.7,23
430.71,0,0.289,378.17,0.8,0.4,3
318.6,0,0.476,-79.55,1.0,0.7,3
211.14,0,1.028,-191.67,0.5,0.4,1
403.82,0,6.8,282.1,1.0,1.0,10
447.53,0,1.533,99.03,0.5,0.7,1
328.23,1,0.286,64.54,1.0,0.0,8
250.55,0,1.87,-206.47,1.0,0.4,4
221.62,0,2.095,-186.67,0.0,1.0,10
177.27,0,0.745,-282.83,0.5,1.0,11
454.23,0,0.158,317.6,1.0,0.0,1
292.09,1,0.22,238.79,0.0,0.4,18
145.93,0,0.82,-212.5,0.0,0.4,20
398.84,0,0.938,57.89,0.0,0.4,15
199.27,0,0.652,109.89,0.0,0.4,20
308.73,0,7.2,156.29,0.5,1.0,11
232.0,0,0.707,39.62,0.8,0.0,2
374.13,0,0.024,295.67,1.0,0.0,0
467.62,0,0.217,369.86,0.5,0.0,4
221.64,0,1.69,-198.32,0.0,1.0,13
111.37,0,2.333,-114.58,1.0,0.7,2
354.78,1,0.5,-106.6,0.5,0.0,9
105.46,0,3.6,53.2,1.0,1.0,21
187.11,0,6.0,-199.62,0.5,0.4,5
114.1,0,1.273,-18.7,1.0,0.7,2
351.94,0,0.667,46.66,0.0,1.0,2
180.79,1,7.2,100.48,0.0,0.4,18
478.19,0,1.188,267.48,0.2,0.0,20
455.05,0,8.0,262.05,0.8,0.7,16
362.06,0,2.15,243.48,1.0,0.7,0
52.17,0,2.545,-108.61,0.2,1.0,14
355.81,0,2.667,156.61,0.8,1.0,6
187.46,0,0.46,-110.79,0.2,0.0,6
138.39,0,0.257,-241.71,0.0,0.0,2
64.04,0,0.805,-247.81,0.8,0.4,11
294.56,0,2.118,-204.87,0.8,0.4,12
451.15,0,1.733,135.83,0.5,0.4,11
90.75,0,1.0,-122.99,0.0,0.4,21
390.74,0,4.0,277.57,0.2,0.4,5
442.49,0,0.86,326.7,0.8,0.7,2
269.44,0,0.306,191.15,0.5,0.4,21
283.05,1,3.071,-123.11,0.8,1.0,9
491.27,0,1.0,295.44,1.0,0.7,6
294.96,0,0.447,166.73,0.8,0.7,7
282.5,0,8.4,63.15,0.2,1.0,16
406.7,1,0.719,-42.53,0.0,0.4,18
84.69,1,0.733,-254.87,0.2,0.4,18
320.91,1,0.458,-96.72,0.2,1.0,17
266.68,0,5.875,1.21,0.2,0.4,21
159.65,0,13.5,52.1,1.0,0.4,12
67.64,0,1.242,-239.88,0.0,0.4,6
481.21,0,0.353,161.5,1.0,0.0,7
419.59,0,1.093,-56.67,0.2,1.0,14
126.76,1,1.0,-296.9,1.0,0.4,18
330.45,0,4.167,50.59,0.2,0.7,12
80.98,0,1.026,-139.22,0.2,0.0,6
436.82,0,0.382,159.86,0.8,0.4,16
264.14,0,0.583,-62.5,0.0,0.0,7
108.65,0,0.721,-212.91,0.0,1.0,6
443.67,0,1.125,79.73,0.8,0.4,21
207.73,0,2.0,-204.35,1.0,0.0,1
264.71,1,0.529,110.08,0.0,0.7,8
166.01,0,1.296,113.55,0.0,0.0,11
344.55,1,0.04,-14.95,0.5,1.0,19
241.73,1,0.7,-71.69,0.5,1.0,9
174.0,0,0.6,-182.27,0.2,1.0,13
130.42,0,1.161,-171.17,0.8,0.7,21
398.39,1,1.609,169.23,0.2,0.0,17
402.4,0,0.517,-74.76,0.0,0.4,12
410.38,1,1.182,84.07,0.0,0.4,9
411.97,1,41.0,-8.49,0.8,1.0,18
149.8,0,0.294,63.78,0.0,1.0,7
284.45,0,0.952,-85.77,1.0,0.0,20
247.54,0,1.281,106.77,1.0,0.7,1
279.75,0,0.077,-84.55,1.0,0.4,10
157.67,0,0.125,107.54,0.2,0.0,16
208.91,0,1.923,-18.9,1.0,0.4,16
366.63,0,0.021,-97.0,1.0,0.7,16
206.64,0,0.947,-276.84,0.5,0.4,14
468.37,1,0.433,159.66,0.5,0.4,17
301.38,0,4.714,24.95,0.5,0.0,1
415.92,0,0.486,107.22,0.8,1.0,12
159.47,1,0.62,-43.38,0.8,1.0,9
102.32,0,0.065,21.92,0.2,0.4,1
282.43,0,1.174,228.05,0.5,0.4,15
353.16,0,0.231,-66.32,0.0,0.4,10
148.35,1,0.913,-159.82,0.2,0.4,9
155.69,0,3.692,-3.24,0.5,0.4,22
426.35,0,0.812,216.14,0.0,0.0,15
271.7,0,1.023,218.72,1.0,0.0,21
191.94,0,0.6,-262.21,1.0,0.7,2
462.2,0,0.245,286.08,0.2,0.4,20
265.24,0,1.214,-28.11,1.0,0.7,23
128.66,0,0.88,-360.77,1.0,1.0,1
55.32,0,45.0,-89.52,1.0,0.0,4
437.83,0,0.6,303.61,0.5,0.4,6
204.39,0,0.775,71.63,0.8,0.4,15
217.54,0,0.918,-216.91,0.5,1.0,10
490.67,1,4.111,131.96,0.0,0.7,8
435.34,0,1.286,297.11,0.2,1.0,21
274.82,0,0.444,-223.18,1.0,0.7,12
302.96,0,1.176,-2.57,0.8,0.0,22
146.96,0,2.75,-17.47,0.0,1.0,0
212.43,0,1.294,-89.73,0.5,0.7,23
207.99,0,3.375,-147.82,1.0,0.4,6
342.11,0,0.881,213.57,0.5,0.7,4
269.37,0,1.333,-112.07,0.0,1.0,22
334.27,1,0.633,219.09,0.2,0.7,9
307.24,0,1.025,-124.77,0.0,0.0,1
191.07,0,1.467,-152.79,0.5,1.0,2
438.26,0,0.58,224.84,1.0,1.0,2
434.4,0,0.917,328.13,0.2,0.7,2
86.03,0,0.938,-39.08,0.0,0.0,23
74.22,1,0.861,-322.7,1.0,0.0,8
119.87,0,0.425,-224.8,0.8,0.7,22
177.88,0,0.333,-154.04,0.2,0.4,4
210.58,0,0.07,-251.29,0.8,1.0,14
250.18,0,0.5,-236.11,1.0,0.4,0
333.97,0,1.3,-2.16,1.0,1.0,3
290.2,0,1.0,-168.82,0.8,0.4,15
214.6,1,1.45,47.69,0.5,0.0,18
431.58,0,0.694,226.83,0.8,0.0,4
264.68,0,0.653,210.57,0.8,0.7,10
296.7,0,15.0,161.84,1.0,1.0,20
371.72,0,1.455,31.02,0.8,0.4,20
331.4,0,0.214,48.93,1.0,0.7,21
289.37,0,0.875,118.4,0.2,0.0,4
99.66,0,0.474,-155.24,0.8,0.7,0
134.51,0,1.25,75.78,0.0,0.0,20
171.14,0,0.368,-200.7,0.0,0.4,14
272.11,0,10.0,68.25,0.5,1.0,23
406.14,0,0.667,207.53,0.2,0.0,12
82.12,0,1.923,-179.45,0.2,0.7,1
488.57,0,0.125,116.96,0.8,1.0,7
139.63,1,16.0,-241.27,0.0,0.4,18
482.55,0,0.568,11.25,0.2,0.0,0
104.96,0,1.059,-161.59,0.5,0.4,23
148.0,0,0.093,47.18,0.8,0.7,10
313.11,0,0.611,85.0,0.2,0.0,23
263.87,0,0.844,-54.43,0.5,0.0,3
91.13,0,0.344,-237.26,0.0,0.0,10
365.6,0,4.2,-40.56,0.2,1.0,14
404.85,0,0.583,14.34,0.8,0.4,20
211.18,0,1.8,100.55,0.0,1.0,11
182.62,0,0.806,-181.05,0.2,0.4,7
379.58,0,1.095,205.68,1.0,0.4,12
252.22,0,3.4,-166.52,1.0,0.7,11
337.11,1,0.02,116.54,0.2,0.0,9
329.09,0,0.48,134.78,0.0,1.0,12
273.9,0,0.773,-24.26,1.0,0.7,10
194.91,0,0.643,101.59,0.0,0.0,23
140.94,1,4.0,-127.48,0.0,0.0,19
346.06,0,1.68,59.44,1.0,0.7,7
322.68,0,1.6,240.79,0.2,1.0,12
77.32,0,0.732,-223.79,0.8,0.7,7
169.62,0,0.1,101.33,0.0,0.7,16
93.7,0,0.412,-282.63,1.0,1.0,13
345.59,0,0.382,39.08,0.2,1.0,21
337.38,0,0.14,126.3,0.8,1.0,7
297.48,1,0.917,20.37,0.2,1.0,17
496.16,0,0.583,300.07,0.5,1.0,3
195.55,0,0.596,37.22,1.0,0.4,15
466.77,0,1.389,302.43,0.8,1.0,15
65.6,0,0.021,-112.42,0.0,0.4,7
492.98,0,0.05,346.31,0.5,0.0,0
280.07,0,0.5,-26.73,1.0,0.4,5
210.05,0,0.1,97.77,0.5,0.4,14
91.36,0,0.85,-138.55,0.2,0.0,22
127.81,0,0.677,-293.76,1.0,0.0,14
66.82,0,2.1,-346.93,0.8,0.0,16
206.57,0,2.273,-211.14,0.8,0.0,3
432.27,0,1.143,-35.62,0.8,0.0,1
193.69,0,11.333,-110.52,0.5,0.4,20
379.21,0,0.091,152.41,0.8,0.0,13
403.87,0,1.474,287.26,0.5,0.0,11
72.19,0,0.771,-157.45,0.0,1.0,2
364.04,1,0.56,-28.87,0.8,0.4,9
307.1,1,0.619,4.57,1.0,0.4,17
399.55,0,0.278,204.01,1.0,0.0,13
240.59,1,1.593,33.85,0.5,0.7,17
396.36,0,21.0,270.2,0.5,1.0,1
70.19,0,0.345,-347.99,0.2,0.7,14
433.74,0,1.043,333.17,0.0,0.4,6
56.18,1,0.526,-306.03,0.0,0.7,19
199.34,0,15.5,-183.67,0.2,0.4,1
166.4,0,0.694,-100.96,0.2,0.0,12
287.06,0,0.884,122.1,0.0,0.7,12
172.08,0,1.125,-87.15,0.0,0.0,10
348.34,0,2.389,-112.45,0.5,0.0,1
223.94,0,0.452,-266.97,1.0,0.0,2
289.2,1,0.821,155.31,1.0,1.0,18
67.89,0,23.0,-397.13,0.5,0.7,4
120.65,0,0.542,-85.4,0.5,0.7,21
498.2,0,1.25,7.84,0.5,0.0,20
450.68,0,0.68,33.99,0.0,0.7,6
453.73,1,0.455,108.11,0.0,1.0,9
442.72,0,1.1,83.78,0.8,0.4,15
486.74,0,0.357,27.36,0.5,1.0,10
343.61,0,0.643,32.15,0.2,0.4,16
454.39,0,0.978,-4.91,0.8,0.4,1
192.87,0,3.364,-107.93,0.0,0.4,21
63.27,0,0.213,-130.14,0.8,1.0,4
470.2,0,0.604,17.84,0.5,0.4,16
133.14,0,0.778,-259.96,1.0,0.7,16
153.91,0,0.925,-0.57,0.0,0.7,13
264.47,0,0.9,-11.58,1.0,1.0,23
132.79,0,1.75,-91.57,0.8,0.4,21
64.5,0,0.867,-329.54,0.0,0.7,4
352.1,0,0.312,210.82,0.2,0.0,16
270.47,0,0.725,74.27,0.8,0.4,21
68.82,0,0.52,-312.08,0.8,0.7,22
307.37,0,0.833,16.1,0.0,0.0,16
445.0,0,10.0,284.43,1.0,1.0,21
224.33,0,0.083,-169.99,0.0,0.4,7
447.98,0,1.115,49.83,0.5,1.0,15
325.91,0,1.474,251.36,1.0,0.4,14
90.7,0,1.448,-184.6,0.2,0.4,0
252.9,1,1.286,122.4,1.0,0.4,9
195.83,0,0.353,-146.03,0.2,0.0,11
252.23,0,0.174,38.91,1.0,1.0,15
477.39,0,0.825,256.98,0.8,0.0,5
442.09,0,0.595,3.89,0.2,0.4,12
73.09,1,1.087,-115.54,0.8,0.7,18
454.34,0,1.5,-27.86,0.0,0.7,16
434.93,0,0.938,140.35,0.0,1.0,3
346.76,0,0.368,92.58,0.8,0.0,1
160.12,1,39.0,-136.18,1.0,0.4,8
74.78,0,1.2,-132.28,0.2,0.0,2
184.3,0,0.949,-279.87,0.0,0.0,20
352.44,1,1.091,27.45,1.0,0.4,8
212.08,0,1.263,145.95,0.5,0.7,5
391.3,0,5.0,-38.19,0.0,0.7,22
362.58,0,1.125,189.09,1.0,1.0,1
144.07,1,0.311,67.89,1.0,0.0,18
322.15,1,1.044,-82.53,0.5,1.0,9
286.43,0,1.235,-211.33,0.5,0.4,21
283.87,0,1.156,-50.47,0.8,0.4,7
180.72,0,0.326,43.62,0.0,0.0,11
381.86,0,5.125,238.56,1.0,1.0,2
207.34,0,0.136,-205.38,0.2,0.0,11
176.73,0,0.289,-228.86,0.5,0.7,16
395.16,1,1.714,293.93,0.5,0.7,17
327.2,1,1.27,264.1,0.2,0.4,17
265.6,0,0.5,2.07,0.0,0.4,23
257.28,0,0.244,-182.07,0.5,1.0,2
425.8,0,12.0,241.1,0.5,0.0,20
199.27,0,0.841,-263.01,0.5,0.0,4
202.62,1,9.0,-16.24,1.0,0.4,19
134.32,0,1.56,31.74,0.5,0.7,4
236.24,0,0.167,-37.43,0.2,0.7,15
286.3,1,1.429,157.54,0.5,0.0,9
277.7,0,0.207,-131.86,1.0,0.4,11
379.6,0,0.71,93.97,0.5,0.4,20
496.72,0,0.773,354.39,0.0,1.0,12
102.13,0,1.353,-87.81,0.0,0.0,11
96.4,0,10.0,-298.38,0.5,0.0,5
337.48,1,2.45,193.05,0.2,0.4,17
193.62,0,0.514,-54.88,0.0,0.7,4
101.51,0,0.611,-379.72,1.0,0.0,23
297.21,0,1.522,125.24,0.5,0.4,4
325.97,0,0.25,123.54,0.8,0.0,22
456.48,0,0.065,383.77,0.8,0.0,23
130.54,0,1.077,-187.71,1.0,1.0,16
199.55,0,1.15,60.38,1.0,0.0,0
305.51,0,1.633,213.7,0.8,0.0,7
339.99,0,0.455,-54.93,0.8,0.4,10
166.12,0,0.25,-47.43,0.2,0.7,5
63.62,1,0.938,-200.28,0.5,1.0,19
395.57,0,0.579,73.57,0.2,0.0,20
196.64,0,6.571,-145.61,0.5,1.0,7
157.36,0,1.407,-2.3,0.2,1.0,20
143.71,0,0.227,-218.62,0.8,1.0,4
362.36,1,0.629,234.47,0.0,1.0,9
258.31,1,0.974,-41.48,0.8,0.4,18
319.22,0,5.2,-39.26,1.0,1.0,23
347.07,0,0.762,256.33,0.2,0.0,21
117.15,0,0.233,-171.92,0.8,1.0,23
444.84,0,0.318,259.96,0.5,1.0,11
312.23,0,3.833,-12.94,1.0,1.0,4
216.15,1,4.75,-80.85,0.0,0.0,18
99.36,0,1.565,-77.63,0.0,0.4,12
227.42,0,1.184,34.26,0.8,1.0,1
145.05,0,0.8,17.02,0.2,0.4,5
427.98,1,1.042,308.56,0.2,0.4,17
57.07,0,0.119,-317.53,0.8,1.0,10
339.01,0,0.667,101.88,0.8,1.0,1
279.24,0,0.4,-19.18,0.8,1.0,10
241.15,0,1.25,187.81,0.8,0.4,23
234.88,1,1.833,-60.89,0.5,0.0,8
367.2,0,1.194,266.28,0.8,0.0,20
286.88,1,1.0,-149.83,0.5,1.0,17
450.46,0,0.176,360.66,0.8,0.0,12
409.14,0,1.171,218.52,0.0,0.7,2
260.99,0,50.0,-19.71,0.8,0.7,11
180.14,0,1.211,114.24,1.0,0.7,15
77.64,0,2.176,-185.28,0.2,0.0,1
330.94,1,0.396,151.87,0.0,0.4,18
163.42,0,0.278,-163.69,0.5,0.7,12
321.72,0,6.0,-137.84,0.2,1.0,3
402.14,0,0.706,245.85,0.2,0.0,14
317.99,0,0.6,-101.79,0.8,1.0,22
248.08,0,0.372,-88.83,0.2,0.7,20
389.97,0,2.471,287.77,0.2,1.0,12
264.32,0,1.55,-212.39,1.0,0.4,5
225.53,1,0.957,57.35,1.0,1.0,17
221.9,0,0.655,29.84,1.0,0.0,22
209.22,0,0.854,-220.69,1.0,0.7,7
411.04,1,1.0,246.14,1.0,1.0,19
387.09,0,1.136,6.65,1.0,0.4,11
360.63,0,0.5,229.67,1.0,0.0,13
55.38,1,0.2,-38.58,0.0,1.0,19
177.48,0,0.319,40.59,0.0,0.0,14
452.29,1,0.907,304.72,1.0,0.0,8
435.4,1,1.333,326.94,1.0,0.4,17
164.0,0,3.75,-96.13,0.0,1.0,15
361.5,0,1.786,11.09,0.5,0.7,1
174.78,0,10.0,96.71,0.8,0.7,7
130.07,0,1.0,48.84,0.2,1.0,13
98.79,0,1.312,-194.49,0.8,0.4,21
460.67,0,6.0,88.74,0.0,0.0,3
377.4,0,0.135,-22.36,0.0,1.0,5
50.39,0,1.024,-16.64,0.8,0.7,23
457.08,0,2.045,148.49,1.0,1.0,6
429.82,0,1.077,28.4,0.0,0.4,11
418.09,0,0.556,151.16,1.0,0.7,10
230.28,0,2.2,-104.24,0.0,0.7,3
428.53,1,3.667,36.33,0.5,0.4,17
485.38,0,12.0,138.05,0.5,1.0,1
211.67,0,0.911,123.48,0.8,0.4,1
61.41,1,0.231,-436.96,0.2,1.0,9
339.53,0,0.143,64.67,0.8,0.0,10
201.97,0,5.5,-172.49,0.8,0.0,12
285.4,1,0.977,-187.64,1.0,0.4,8
466.17,0,2.533,399.58,0.2,1.0,6
458.23,0,0.065,129.96,0.2,0.4,11
72.48,0,0.293,-115.82,0.0,1.0,3
78.78,0,0.289,-339.08,0.0,1.0,15
78.4,0,2.667,-62.79,0.5,1.0,6
309.19,1,0.182,197.39,0.2,0.0,19
78.45,0,0.545,-94.8,0.8,0.4,10
124.25,0,0.667,-35.39,1.0,0.0,15
325.6,0,0.171,-74.35,0.0,1.0,10
130.74,0,1.0,40.63,1.0,0.7,21
264.21,0,0.9,157.11,0.2,0.7,4
157.66,0,1.074,29.11,0.0,0.4,12
477.63,0,0.8,145.39,0.5,0.7,16
156.04,0,0.028,53.16,1.0,0.0,11
494.05,0,0.49,215.66,0.8,0.4,15
100.71,1,0.308,-16.44,0.8,1.0,17
465.2,1,0.256,390.89,0.5,0.7,17
200.43,0,1.647,-211.89,0.8,0.0,7
466.19,0,12.0,337.04,0.0,1.0,22
452.79,0,1.6,78.16,1.0,0.7,15
354.58,0,0.271,158.02,0.0,0.7,1
381.99,0,0.438,-59.46,0.8,0.4,2
267.98,0,0.816,-182.74,0.2,0.4,7
224.3,0,2.5,112.92,0.2,0.7,5
107.25,1,0.591,-254.24,0.0,0.7,8
256.36,0,0.267,129.32,0.5,0.4,22
405.3,0,3.545,68.2,1.0,0.4,4
88.91,0,2.4,-346.73,0.8,0.4,22
175.63,0,1.033,-202.88,0.2,0.4,0
150.08,1,0.737,-317.29,0.2,0.0,18
496.07,0,1.0,116.01,1.0,0.0,1
265.67,1,1.308,-143.44,0.0,1.0,17
301.32,1,2.667,245.73,0.8,0.4,17
157.58,0,1.211,-341.95,0.0,1.0,21
366.49,1,1.818,-69.57,1.0,0.0,9
112.38,1,0.6,-254.03,0.2,0.7,17
335.03,0,0.652,-102.14,0.0,1.0,22
64.72,0,0.647,-176.94,0.5,0.4,11
446.38,0,0.15,65.29,0.0,0.7,2
214.52,0,0.32,-114.09,0.5,0.7,20
367.19,0,1.167,64.85,0.2,0.4,7
101.1,0,0.457,-164.22,1.0,0.4,5
151.45,0,0.98,-57.27,0.5,1.0,13
217.77,0,0.8,-35.81,1.0,0.0,0
355.24,0,1.314,65.46,0.5,1.0,6
475.41,0,0.545,61.45,0.0,0.4,2
225.81,1,1.0,95.34,0.0,0.0,19
363.69,0,2.25,90.34,0.2,0.0,2
293.65,1,0.614,184.24,0.5,1.0,9
59.67,0,1.143,-75.41,0.0,0.4,12
235.26,1,1.909,31.0,0.5,1.0,18
288.57,0,0.956,-8.24,0.8,0.7,3
127.28,0,0.45,-39.72,0.8,0.7,13
116.75,0,12.5,-61.22,0.2,0.4,0
132.03,0,1.842,3.12,0.2,0.4,3
497.2,0,2.667,188.66,0.8,0.7,3
303.12,0,0.857,237.51,0.5,0.7,7
292.94,0,0.828,169.77,0.5,0.0,12
395.83,1,0.812,-80.68,0.5,0.4,9
489.02,0,1.371,289.94,0.5,1.0,10
350.1,0,1.324,-59.71,0.8,0.7,1
265.54,1,0.17,197.5,1.0,0.0,18
327.88,0,0.077,178.72,0.5,0.0,2
338.59,0,0.103,26.05,0.2,0.7,23
292.29,0,0.333,41.83,0.0,1.0,2
321.43,0,1.524,41.23,0.0,0.7,14
434.21,0,0.217,217.88,0.5,0.0,21
188.64,0,1.0,-61.87,1.0,0.0,3
383.69,0,1.621,146.67,0.8,0.7,21
377.87,1,1.679,141.48,1.0,0.0,17
263.58,0,0.7,-176.81,0.5,0.0,0
89.8,0,1.96,-144.46,0.5,1.0,21
369.61,0,1.2,-20.25,0.2,0.4,20
299.24,1,1.316,230.24,0.5,0.7,19
258.55,0,0.75,196.47,0.0,0.4,21
425.41,0,0.488,162.77,0.5,1.0,11
340.15,1,0.711,277.35,0.5,1.0,17
212.79,0,0.812,-53.43,0.8,0.7,15
488.42,0,1.419,70.19,0.5,0.0,4
76.33,0,0.289,-117.53,0.2,0.7,22
212.52,1,0.222,-123.79,0.5,0.0,9
337.53,0,0.559,252.96,0.2,0.4,4
125.21,0,0.796,-69.96,0.5,0.7,2
359.76,1,0.978,266.63,1.0,0.7,17
283.18,1,0.111,65.32,0.8,1.0,19
148.04,1,1.571,-128.48,0.2,0.0,19
102.45,0,6.0,-6.6,0.0,1.0,2
213.16,0,0.444,-204.51,1.0,0.7,2
62.94,0,2.3,-353.62,0.2,0.4,14
151.96,0,0.222,45.56,0.2,0.0,3
402.81,0,0.918,317.83,0.8,1.0,22
64.76,0,1.857,-282.14,1.0,0.0,2
69.48,0,0.471,-116.26,0.0,0.0,12
314.42,0,2.786,174.41,0.5,0.0,12
473.83,0,0.208,-3.13,0.5,0.7,4
377.85,1,0.66,219.03,1.0,0.0,18
56.29,0,0.776,-91.36,0.2,0.7,3
51.95,0,1.4,-324.46,0.2,1.0,10
133.31,0,1.184,-219.78,0.0,0.4,12
146.42,0,0.893,-5.98,0.0,0.7,13
283.88,0,3.75,10.76,0.5,0.7,2
87.01,0,15.667,-185.16,0.8,0.7,4
190.4,1,0.812,-298.88,0.8,0.4,9
493.23,0,1.421,250.65,0.0,1.0,23
55.75,0,2.0,-297.62,0.0,1.0,22
354.43,0,0.791,250.78,0.8,1.0,12
383.64,0,5.429,-67.95,0.2,0.0,16
140.12,0,0.591,-289.69,0.8,0.0,14
274.6,0,0.596,-119.57,1.0,0.7,22
210.24,0,1.615,-139.76,0.8,1.0,5
395.6,0,1.8,296.98,0.5,1.0,12
474.08,0,0.366,410.7,0.0,0.0,10
487.43,0,22.0,265.25,0.5,0.4,5
93.35,1,1.0,8.92,1.0,1.0,9
347.94,0,0.684,77.33,0.5,0.7,14
478.66,0,17.5,414.44,0.8,0.0,21
433.79,0,1.381,184.64,0.0,0.0,16
437.16,0,0.837,250.79,0.2,1.0,14
372.08,1,0.45,102.73,0.0,1.0,17
292.73,0,0.818,31.31,1.0,0.4,16
168.53,0,0.154,-147.44,0.8,0.7,21
62.67,0,5.25,-7.63,0.5,0.7,6
394.34,1,19.0,63.02,0.8,0.0,19
235.37,0,1.0,159.97,0.2,0.4,10
316.64,1,2.1,-143.04,0.0,0.7,9
58.87,0,2.0,-137.88,0.8,1.0,2
169.98,0,1.222,-193.2,1.0,0.0,23
225.64,0,0.676,-82.0,0.8,0.0,21
201.19,0,3.143,-75.06,0.5,0.4,20
486.24,0,0.833,345.45,0.0,0.4,15
183.79,0,4.25,-124.29,0.2,0.0,11
316.34,0,5.429,143.33,1.0,1.0,22
408.04,1,0.609,64.85,0.5,0.7,9
191.01,0,1.229,-45.43,0.5,1.0,16
131.27,0,1.361,72.9,1.0,0.4,7
347.36,1,2.286,-73.4,0.8,0.7,17
433.75,0,0.875,-24.33,1.0,0.0,6
258.12,0,0.542,99.95,0.5,1.0,10
335.27,0,4.2,-95.42,0.5,0.7,23
359.08,0,0.647,202.82,0.2,0.0,3
160.51,0,6.5,-261.74,0.8,1.0,20
341.11,1,1.0,274.46,0.2,0.7,9
405.35,0,0.118,230.35,1.0,0.4,3
268.63,0,0.064,209.67,0.0,0.7,0
455.26,0,4.0,222.11,0.5,0.0,16
156.22,0,5.222,-150.72,1.0,0.0,6
477.35,0,1.132,8.15,0.5,1.0,13
105.02,0,0.41,-307.99,0.5,1.0,16
470.98,0,3.0,322.88,0.0,0.4,7
233.77,0,0.621,-204.53,0.0,1.0,5
476.92,0,0.533,284.5,0.8,1.0,15
445.75,0,0.889,-25.89,0.5,1.0,15
59.48,0,1.2,-425.58,1.0,0.0,11
360.81,0,10.75,-44.15,0.2,0.7,11
337.53,0,1.25,-27.75,0.0,0.4,12
459.41,0,25.0,232.57,0.5,0.7,13
183.84,0,3.062,-252.9,0.2,1.0,7
339.99,0,0.42,-65.2,0.5,0.0,1
235.83,0,0.646,-192.69,0.8,0.0,4
277.85,0,2.647,69.51,1.0,0.7,12
392.89,0,22.5,54.27,0.2,1.0,10
230.3,1,9.0,-102.43,0.5,0.0,17
282.36,1,0.688,-203.99,0.2,1.0,17
443.08,0,0.935,333.0,0.2,0.7,3
236.52,0,2.167,104.67,0.8,0.4,21
341.2,1,0.056,9.22,0.0,1.0,18
433.32,0,0.378,360.92,1.0,1.0,3
90.08,0,1.7,-125.48,1.0,0.0,12
245.82,0,1.353,-218.18,0.8,1.0,0
141.42,0,0.326,-334.3,0.5,0.7,20
108.59,0,1.28,-326.76,1.0,0.4,0
135.21,1,1.068,4.04,0.2,0.0,9
327.96,0,1.062,-130.34,0.5,1.0,23
109.94,0,0.032,-85.52,0.8,0.4,20
240.48,0,0.543,-78.26,0.0,0.0,2
199.79,0,1.0,44.11,0.5,0.0,7
328.85,1,0.515,142.72,0.8,0.7,18
311.22,0,12.0,144.09,1.0,1.0,22
90.34,0,3.333,-279.28,0.8,0.4,2
69.87,0,0.381,-37.67,0.5,0.7,15
325.82,0,1.118,-66.88,0.5,0.7,3
381.59,0,0.524,110.52,0.2,1.0,22
74.56,0,1.3,-57.85,0.8,0.7,21
246.39,0,1.533,-251.45,0.8,0.0,14
302.38,0,0.5,46.39,0.0,0.4,13
141.68,0,3.833,-36.17,0.2,0.7,12
145.58,0,1.132,-353.52,0.0,0.4,21
395.71,0,0.312,41.1,0.5,0.0,22
104.9,1,1.0,-113.2,0.0,0.7,19
257.1,0,0.333,-111.37,0.8,1.0,14
346.1,0,0.462,147.86,0.0,1.0,5
458.1,1,1.0,49.43,0.2,0.4,8
195.43,1,2.211,120.44,0.0,1.0,8
130.1,0,1.529,-354.17,0.8,0.0,22
224.83,0,1.273,-6.25,0.2,0.0,14
381.15,0,1.143,-83.61,1.0,0.4,2
424.42,0,6.143,143.73,0.8,1.0,11
303.38,0,1.722,63.0,0.8,0.7,22
333.81,0,0.429,241.98,1.0,0.7,14
341.42,1,2.933,-29.72,0.8,0.0,8
85.63,0,1.071,-325.07,0.5,0.4,3
428.69,0,2.2,143.3,0.5,0.0,15
281.04,0,1.667,1.25,0.8,0.0,12
305.82,0,0.915,141.8,0.5,0.0,23
383.23,0,0.25,124.93,0.2,1.0,16
444.54,0,0.222,260.6,1.0,1.0,20
330.71,0,1.483,161.43,0.2,0.4,22
491.98,0,0.125,325.29,0.0,1.0,3
227.72,1,2.0,171.73,0.8,1.0,19
484.61,0,0.605,163.76,0.8,0.7,12
360.8,1,1.667,-122.61,0.8,0.7,19
56.24,1,1.0,-44.12,0.0,0.4,8
341.88,0,0.452,-0.5,0.8,0.4,23
258.54,0,0.4,-4.76,0.0,0.0,16
366.17,0,0.208,-117.57,0.8,0.0,21
140.6,1,2.375,-165.64,0.8,0.0,9
333.68,0,0.143,-37.21,0.8,1.0,16
378.99,0,0.974,-120.57,0.0,1.0,10
315.97,1,0.97,-9.2,0.8,0.4,18
58.56,0,0.118,-250.82,1.0,0.0,10
450.11,0,1.556,347.49,1.0,0.7,23
59.36,0,1.607,-120.24,0.2,1.0,12
278.44,0,1.933,-36.01,0.5,1.0,20
370.12,0,0.404,-111.79,0.5,1.0,1
177.11,0,2.857,-210.05,0.8,0.4,0
322.59,0,1.182,227.18,0.8,1.0,3
300.57,0,1.143,-199.1,0.5,0.7,7
128.62,0,4.0,-308.14,1.0,0.0,0
101.29,0,0.786,-50.72,1.0,0.4,12
403.2,0,0.773,6.98,1.0,0.7,0
321.93,0,1.364,225.07,0.0,1.0,4
488.6,0,6.125,86.86,1.0,0.0,14
97.43,0,0.091,-236.04,0.2,0.7,12
368.67,1,2.474,-24.21,0.8,0.0,18
200.57,0,1.75,88.57,0.2,1.0,22
52.96,0,1.0,-372.71,0.8,0.7,16
88.36,0,3.0,-129.24,0.8,0.7,12
118.23,0,2.688,-270.85,0.8,0.4,5
463.11,0,1.037,8.98,1.0,0.7,2
396.57,0,2.9,23.64,1.0,0.0,1
230.74,0,1.048,-166.83,0.8,0.0,0
347.08,0,16.333,8.42,1.0,0.0,7
444.12,1,1.07,-43.58,0.8,1.0,19
443.1,0,1.25,68.4,0.5,0.7,1
324.68,0,0.529,208.59,0.8,1.0,4
330.96,1,0.4,2.78,0.8,0.7,17
138.78,0,0.52,-46.91,0.0,0.7,7
383.02,1,1.0,276.32,1.0,0.7,8
298.3,0,0.182,13.7,0.2,0.0,6
166.41,1,0.921,-258.09,0.5,1.0,19
76.98,0,0.17,-140.86,1.0,0.7,12
342.93,0,0.082,236.79,0.5,0.0,13
412.42,0,1.375,-82.63,1.0,0.4,21
350.12,1,1.053,-66.67,1.0,0.4,18
381.88,0,0.735,284.53,1.0,0.4,21
115.95,1,4.286,-125.61,0.8,0.0,9
449.83,0,0.143,185.52,0.8,0.0,4
231.24,0,1.294,-70.3,0.8,0.7,14
240.54,0,0.78,-7.5,0.8,1.0,23
107.21,0,0.303,-262.81,0.2,0.0,14
263.01,0,0.467,-122.91,1.0,0.7,23
99.65,0,1.444,-116.66,0.5,0.0,5
217.16,0,1.25,-278.8,0.5,0.7,13
113.96,0,0.2,-201.37,0.0,0.7,23
418.61,0,1.167,148.65,0.0,0.7,15
266.53,0,0.111,77.16,0.8,0.7,10
425.16,0,0.66,315.4,0.2,1.0,11
252.08,0,0.674,-187.78,0.5,0.0,22
234.33,0,1.075,79.56,0.8,0.7,13
450.52,0,0.07,69.36,0.0,0.4,10
333.55,0,0.054,-63.67,0.5,0.0,4
136.59,0,6.0,-191.83,1.0,0.0,21
387.75,0,2.615,111.56,0.0,0.0,21
483.07,0,2.917,309.34,0.2,0.4,13
88.09,0,1.31,-202.0,0.5,1.0,4
437.89,0,0.094,377.42,0.8,0.4,0
192.82,0,0.059,27.09,0.0,0.0,11
114.82,0,0.579,-50.18,0.0,0.4,20
126.14,0,0.614,-200.37,0.5,0.4,7
184.11,0,11.5,89.68,0.2,1.0,6
473.71,0,0.68,18.93,0.0,0.4,23
313.71,0,1.256,41.87,1.0,1.0,7
193.25,0,4.5,-105.65,0.0,1.0,4
155.18,1,0.659,-293.59,0.5,0.0,9
343.2,0,1.361,236.69,1.0,1.0,4
275.19,0,0.146,-127.11,0.2,0.7,14
291.89,0,0.688,51.2,1.0,1.0,23
482.5,0,0.033,153.17,0.2,0.0,7
319.04,0,1.722,-108.73,0.8,0.7,6
428.31,0,0.368,251.72,0.2,0.0,10
364.29,0,0.231,-59.43,1.0,0.7,11
277.17,0,0.35,-133.76,0.5,0.7,6
172.86,0,1.586,-175.16,0.5,0.7,15
197.81,1,0.769,-263.5,0.2,0.0,9
455.65,1,31.0,102.93,0.8,1.0,9
86.52,0,0.743,-358.0,0.0,0.0,15
105.54,0,0.659,-381.88,0.8,0.7,14
415.34,0,0.24,-77.37,0.0,1.0,1
54.21,1,0.448,-330.21,0.5,0.7,8
331.36,0,0.15,-82.43,0.2,0.4,20
176.34,0,8.0,-280.69,1.0,0.4,3
228.24,0,0.317,-213.22,1.0,1.0,6
346.93,0,2.769,42.36,1.0,0.4,20
385.69,0,4.222,278.35,1.0,0.4,4
136.33,0,2.611,-218.76,1.0,0.7,20
50.88,0,1.2,-191.32,0.0,0.7,10
104.77,1,1.5,-178.46,0.8,0.7,17
447.71,1,16.333,296.66,0.5,1.0,8
52.32,0,1.381,-85.25,0.0,0.0,16
240.72,1,0.333,157.22,0.2,0.4,19
78.28,0,1.1,-253.1,0.0,1.0,11
408.75,0,0.053,-62.03,0.5,0.4,23
481.46,0,1.938,56.83,0.5,0.4,3
328.8,0,1.282,-65.04,0.8,0.0,0
219.83,0,1.333,-230.71,0.0,0.4,3
185.66,0,7.25,-146.12,0.0,0.0,2
73.49,0,0.111,-358.98,0.8,0.0,14
154.9,0,1.815,-164.91,1.0,0.0,12
407.82,0,0.833,-38.15,1.0,0.0,21
402.32,0,0.955,147.99,0.5,0.4,23
317.83,1,7.0,237.43,0.2,0.4,18
209.93,0,1.941,-56.7,1.0,1.0,20
408.66,0,1.778,331.44,0.5,1.0,2
210.98,1,0.857,-101.67,1.0,0.4,9
321.5,0,1.55,140.52,0.0,0.4,13
418.63,0,0.485,116.88,0.0,1.0,12
338.25,0,1.0,197.68,0.0,0.7,13
362.65,0,1.387,-129.22,1.0,0.7,3
327.25,0,1.682,88.84,0.2,0.0,10
148.73,0,0.094,97.07,0.2,0.4,7
157.56,0,2.857,-223.0,0.5,1.0,2
421.74,0,2.167,368.71,0.0,0.0,5
101.84,1,0.056,-78.92,0.2,0.7,19
139.02,0,0.154,10.65,0.5,0.4,20
130.34,0,2.25,70.67,0.5,0.0,21
220.52,0,4.889,-183.82,0.0,0.7,15
158.07,0,0.667,-256.2,0.2,1.0,2
114.99,0,0.625,-350.88,0.2,0.4,7
218.41,1,0.556,-101.39,0.2,0.0,17
434.5,0,2.923,252.12,0.2,0.7,7
408.03,1,0.098,-34.75,1.0,1.0,18
403.1,0,7.833,-2.85,1.0,0.0,13
388.09,1,1.32,47.81,1.0,0.7,9
130.55,0,1.133,-240.07,1.0,1.0,15
170.75,0,1.032,-59.68,1.0,0.0,22
253.44,0,1.154,97.97,0.2,0.7,2
120.74,0,0.676,-308.35,0.5,0.0,13
182.77,0,8.167,-100.7,0.2,0.0,10
201.37,1,0.825,-51.65,0.8,1.0,8
172.86,0,1.524,111.74,0.8,0.4,14
211.59,0,8.4,124.5,1.0,0.0,15
103.36,0,2.143,-108.75,1.0,0.4,10
198.16,0,0.295,11.94,0.5,0.4,13
499.28,0,4.333,110.71,1.0,0.7,0
176.83,0,2.5,-29.15,0.8,1.0,0
55.35,0,1.167,-288.99,0.2,1.0,1
387.11,0,0.319,123.61,1.0,1.0,0
406.36,0,1.364,215.48,0.2,1.0,6
247.41,0,1.929,-186.41,0.0,0.7,3
187.51,0,4.111,-194.5,0.8,0.7,20
241.57,0,0.556,-147.11,1.0,0.7,2
305.41,1,19.0,240.92,0.2,0.4,17
409.62,0,0.902,-51.57,1.0,1.0,2
78.67,0,0.538,-145.23,0.8,0.0,20
337.55,1,1.276,150.46,0.2,0.0,8
64.43,1,3.0,-295.63,0.8,0.0,19
460.11,0,2.6,236.46,0.2,0.4,7
81.49,0,1.265,5.64,1.0,0.0,3
226.0,0,0.778,-269.32,0.2,1.0,6
225.05,0,9.6,-231.56,0.2,0.4,1
418.05,0,0.714,68.89,0.2,0.7,7
372.55,1,0.394,116.02,0.2,0.0,19
421.06,0,5.8,98.88,0.2,0.7,23
258.21,0,1.067,190.62,0.0,0.7,23
365.14,0,1.304,-5.1,0.5,1.0,23
162.11,1,0.444,-292.87,0.8,1.0,18
364.33,0,3.583,271.34,0.0,0.4,10
291.98,0,0.439,-58.02,0.0,0.4,21
298.77,0,0.551,-199.12,0.0,0.0,21
196.71,1,1.0,-56.21,0.5,0.4,17
62.02,0,0.1,-275.47,0.8,1.0,12
435.1,1,1.846,206.6,0.0,0.7,8
197.2,0,5.111,-189.7,0.8,1.0,14
345.66,0,0.167,-25.45,0.8,0.4,22
126.77,0,1.636,68.64,0.0,0.4,0
383.65,1,0.229,257.85,0.0,0.7,19
130.07,0,1.261,-241.42,1.0,0.4,13
426.43,0,11.25,11.25,0.0,1.0,23
73.59,0,0.69,21.49,0.8,0.4,1
139.99,0,1.5,82.77,0.0,0.0,2
351.03,0,0.295,201.77,0.0,0.4,21
237.06,0,3.667,138.6,0.5,0.7,15
331.1,1,3.154,-139.35,0.8,1.0,19
97.65,0,1.071,-97.87,0.0,1.0,6
225.13,0,21.0,-31.32,0.0,0.7,15
69.77,0,1.667,-378.69,0.8,0.7,6
370.64,0,4.571,-35.43,1.0,0.4,20
195.96,0,0.179,-137.93,0.8,0.4,13
392.77,0,0.293,33.34,0.8,0.0,7
460.45,0,0.051,208.44,1.0,0.4,23
494.77,0,0.826,340.1,1.0,0.0,16
242.82,0,0.333,83.22,0.0,0.0,6
183.48,0,0.75,65.23,0.2,0.0,3
494.85,0,1.205,245.17,0.5,0.4,11
404.14,0,0.5,336.32,0.8,0.7,11
431.12,1,0.133,232.05,0.2,0.4,17
494.77,0,0.093,84.12,0.2,1.0,7
249.06,0,1.75,196.34,0.8,0.0,6
496.41,0,0.098,24.19,0.2,0.0,23
424.05,0,1.056,-45.27,0.2,0.0,0
190.16,1,1.567,-184.59,0.2,1.0,17
186.4,0,2.438,-122.99,0.2,0.7,0
229.21,1,0.25,103.72,0.8,1.0,19
245.04,0,0.833,124.89,0.8,0.0,10
434.32,0,0.893,42.83,0.5,0.4,11
165.78,0,3.917,-92.86,0.8,0.7,15
266.38,1,0.923,66.42,0.8,0.4,17
55.78,0,13.0,-219.53,0.5,1.0,23
486.72,0,1.038,268.8,0.8,0.7,10
233.95,0,7.6,166.48,0.0,1.0,7
393.33,0,0.846,-87.36,0.5,1.0,0
363.4,1,1.875,20.49,0.8,0.4,17
464.66,0,10.333,252.02,0.0,0.4,0
474.92,0,1.3,358.6,0.2,0.4,16
91.54,0,0.16,-278.68,0.8,1.0,12
283.34,0,6.333,148.37,0.8,0.4,22
186.0,0,0.378,-299.46,0.8,0.7,23
444.38,0,0.551,66.94,0.0,0.0,21
408.89,0,0.74,-7.51,0.5,0.4,16
188.65,0,0.578,-305.51,0.8,0.0,23
363.34,0,0.1,77.11,0.5,1.0,6
133.88,0,0.5,23.43,0.8,0.4,1
305.19,0,0.276,159.53,0.2,0.0,12
136.35,1,0.245,-355.98,0.8,1.0,17
440.76,1,5.714,316.0,0.5,0.0,9
78.92,0,0.444,15.57,0.2,1.0,15
95.36,0,0.898,17.88,0.0,0.0,23
406.3,0,0.412,187.25,1.0,0.7,13
201.66,0,0.633,-41.59,0.5,0.7,2
349.29,1,0.667,128.99,0.0,0.7,17
255.61,0,7.0,-108.63,0.2,0.0,0
175.76,0,0.235,-188.91,0.2,0.7,15
346.49,0,0.909,82.65,0.8,0.4,12
57.48,0,1.952,-154.61,0.0,0.7,2
323.04,0,1.933,92.97,1.0,0.0,2
494.09,0,0.903,58.39,0.0,1.0,1
370.37,0,3.0,-71.07,1.0,0.0,3
185.61,0,5.333,-167.27,1.0,1.0,12
266.98,0,3.625,-26.32,0.2,0.4,6
364.96,0,1.14,267.5,0.0,0.4,1
176.16,0,0.5,-197.47,0.8,0.0,5
335.1,1,0.257,63.72,0.5,0.4,8
79.1,0,1.282,-125.35,0.8,1.0,13
102.06,1,0.882,12.6,0.0,0.7,9
385.08,0,2.923,282.83,0.5,0.4,6
381.61,0,0.676,191.75,1.0,0.4,11
397.08,0,1.333,-11.8,0.2,0.4,2
292.23,0,26.0,34.96,0.2,0.7,20
255.1,0,0.727,-65.56,0.2,0.0,6
276.07,1,1.05,-83.8,0.5,1.0,8
181.17,0,0.438,-303.75,0.0,0.7,21
431.63,0,3.286,-38.86,0.2,0.0,12
226.31,0,0.681,-266.67,0.2,0.0,22
240.1,0,1.182,-22.94,0.5,1.0,4
377.04,0,0.147,199.98,0.2,1.0,22
388.52,0,0.429,77.35,0.0,0.7,3
309.72,0,3.818,60.87,0.8,0.7,14
411.96,1,1.0,273.92,0.0,0.7,17
355.24,0,5.286,-139.58,0.2,1.0,22
466.69,0,4.0,373.47,0.8,0.4,0
342.54,0,0.242,25.51,0.2,1.0,11
158.38,1,0.375,-111.5,1.0,0.4,9
399.13,0,1.92,-96.89,0.0,1.0,14
334.55,0,1.389,84.25,0.0,0.0,4
270.15,0,0.75,-80.81,1.0,0.4,16
494.31,0,1.027,228.54,0.0,0.4,20
366.23,0,0.738,181.97,0.2,0.0,4
459.0,0,0.109,51.15,0.2,1.0,0
300.23,0,0.077,8.84,1.0,1.0,23
292.54,0,0.895,-125.93,0.0,0.4,20
437.9,0,0.667,75.05,0.0,1.0,4
107.97,0,2.667,-34.83,0.2,0.0,14
65.75,0,0.347,-425.22,1.0,0.7,16
240.37,0,3.182,-234.98,0.0,0.4,10
457.08,0,0.088,275.05,1.0,1.0,1
362.8,0,1.156,77.6,0.5,0.4,4
418.89,0,0.163,262.19,0.2,0.4,12
320.96,0,1.556,173.74,0.5,0.7,2
239.91,0,1.175,-57.52,0.5,1.0,15
255.23,0,0.423,-219.9,0.8,0.4,0
333.31,0,2.8,162.08,0.2,0.7,11
419.23,0,1.024,97.0,0.8,0.4,0
61.66,0,1.12,-259.96,0.0,0.7,10
357.79,1,4.375,124.74,0.5,0.0,18
172.96,0,0.44,-268.02,0.2,0.7,21
490.77,1,0.28,340.77,0.0,0.0,19
443.98,0,0.723,129.01,0.8,0.0,15
307.47,0,0.511,130.57,0.5,0.0,10
475.93,1,0.524,250.63,0.5,1.0,9
166.58,1,4.222,-192.42,0.2,0.4,19
380.94,0,0.676,307.15,0.5,0.4,1
368.05,0,1.444,235.65,0.5,1.0,2
478.68,0,1.056,194.41,0.2,0.7,22
232.93,1,0.3,42.2,0.0,0.0,19
475.19,0,2.938,350.89,0.0,0.0,3
468.32,0,0.528,54.56,0.0,1.0,4
111.39,0,0.702,-162.62,1.0,0.0,21
135.58,0,0.025,-288.55,0.0,1.0,20
205.28,0,0.729,-292.12,1.0,0.0,12
353.53,0,2.636,-93.34,1.0,0.4,21
427.73,0,0.208,146.57,0.0,1.0,16
217.98,1,2.273,117.02,0.2,0.0,9
182.1,0,0.645,36.22,1.0,1.0,0
281.99,0,0.476,-170.05,0.8,1.0,13
326.99,0,23.0,129.14,0.5,0.0,7
133.77,0,0.489,-75.77,0.0,1.0,0
288.09,0,2.167,-166.24,0.8,0.0,10
396.25,1,0.1,233.69,0.8,1.0,17
242.75,0,0.833,110.77,0.5,0.0,21
122.83,0,1.483,-86.35,0.8,0.0,2
99.8,0,3.538,-78.4,0.2,1.0,11
455.45,0,2.182,333.31,0.2,1.0,5
239.49,0,2.25,-58.07,0.2,0.7,10
446.79,1,0.98,170.95,0.8,0.4,19
106.76,0,3.5,-98.09,0.0,0.4,1
243.35,0,2.0,-75.34,0.0,1.0,2
268.67,0,1.0,-123.73,0.2,0.4,10
162.26,0,2.75,-232.77,0.5,0.4,3
263.25,0,2.154,-138.97,0.0,0.4,14
335.51,0,0.927,182.29,0.2,1.0,7
468.09,0,1.385,226.25,1.0,0.4,12
233.28,0,0.16,45.38,0.2,0.4,4
77.61,1,0.903,-164.57,0.0,0.7,18
176.25,0,0.75,-31.71,0.8,0.4,16
68.4,1,0.333,-5.06,0.5,0.4,19
458.82,0,1.722,363.48,0.2,0.7,1
186.96,0,1.091,93.36,0.0,0.4,15
414.52,0,0.5,30.2,1.0,0.7,2
144.51,0,2.333,-78.31,0.0,0.4,11
104.16,0,1.231,-209.79,0.2,0.4,15
83.7,1,4.143,-212.26,0.5,0.7,18
140.9,1,0.633,-233.45,0.0,0.4,8
370.22,0,0.75,-80.99,1.0,0.7,11
372.8,0,0.707,-87.08,0.0,1.0,15
405.9,0,1.03,280.78,0.5,0.4,10
77.36,1,0.081,-410.25,0.2,1.0,17
441.62,0,1.257,-45.57,0.2,1.0,11
303.12,0,1.32,77.51,1.0,0.7,23
122.0,0,12.0,-26.01,0.0,1.0,22
286.28,0,0.979,99.75,0.2,0.7,7
103.6,0,0.5,-47.17,1.0,0.4,5
116.66,0,0.073,-330.96,0.2,0.7,2
495.29,1,2.625,350.8,0.0,0.0,18
322.32,0,0.561,106.22,0.0,0.7,1
454.25,0,0.333,271.55,0.0,0.0,10
484.35,0,0.319,354.82,0.0,0.0,0
221.89,0,1.067,-122.33,1.0,0.4,13
170.96,0,0.714,-140.79,0.8,0.4,4
376.83,0,0.319,160.94,0.8,0.0,15
133.26,1,0.4,-304.8,0.2,1.0,9
176.92,0,0.286,-12.65,0.2,1.0,5
81.25,0,3.0,-1.17,0.2,1.0,1
375.94,1,3.714,264.16,0.0,0.0,9
99.52,0,12.5,43.42,0.0,0.4,4
170.45,0,8.333,-301.92,1.0,0.0,22
381.26,0,0.2,178.98,0.0,0.4,2
303.28,0,0.633,53.33,0.2,0.7,14
159.71,0,3.1,-134.88,0.5,0.0,20
295.09,0,0.429,198.94,0.8,0.4,16
152.0,0,7.5,-71.42,0.5,0.7,5
359.04,1,1.76,-12.64,0.0,1.0,8
95.78,1,0.533,-384.35,0.5,0.0,18
212.22,1,2.75,-253.9,0.0,0.0,18
242.88,0,0.833,42.2,0.2,1.0,2
185.7,0,0.977,-232.2,0.5,0.0,2
216.1,0,0.744,46.67,0.0,0.0,6
115.97,0,1.19,-0.53,0.8,1.0,16
242.35,1,0.216,-134.67,0.2,0.0,9
395.39,0,0.75,186.72,0.8,1.0,23
320.78,0,1.667,-15.69,0.2,0.4,22
273.7,1,0.75,-16.5,1.0,0.4,18
371.71,1,0.158,84.58,0.2,0.0,9
141.48,0,24.0,-291.29,0.5,1.0,15
460.11,0,2.0,247.72,0.2,0.7,21
487.32,1,0.278,26.49,0.2,0.4,8
112.01,0,0.083,-370.91,0.2,1.0,1
484.21,1,0.044,266.95,0.0,0.0,9
63.58,1,3.545,-150.78,0.0,0.4,18
423.98,0,0.027,186.56,0.2,1.0,2
287.35,0,0.188,-189.59,0.8,1.0,0
401.63,0,0.759,38.77,0.5,0.0,14
64.45,1,0.095,-323.56,1.0,0.4,19
355.96,1,0.929,-88.23,1.0,0.7,17
369.21,0,1.65,128.56,0.2,0.7,10
490.07,0,1.36,383.76,0.2,1.0,10
226.53,1,0.267,-193.6,1.0,0.0,18
190.94,1,0.968,-147.91,0.8,0.4,19
240.9,1,0.571,69.44,0.0,0.0,18
430.97,0,0.78,368.35,0.5,0.4,12
145.36,0,1.4,90.42,0.5,0.4,13
468.14,0,0.317,309.99,0.0,0.0,11
71.62,1,10.333,-20.32,0.5,0.0,8
481.43,1,2.579,206.33,0.5,1.0,17
366.2,0,2.556,272.38,0.8,0.0,2
60.66,1,5.0,-347.57,0.8,0.0,9
357.07,0,1.1,271.63,0.0,0.4,4
113.39,0,1.048,-259.96,1.0,0.7,1
180.88,0,0.409,-149.68,0.8,0.0,22
224.44,0,1.136,80.47,1.0,0.0,22
497.48,0,0.902,403.65,0.0,0.4,14
274.51,0,6.0,19.85,0.2,0.7,2
309.43,0,0.278,100.41,0.0,0.4,2
166.07,0,1.667,-96.9,0.5,1.0,14
487.26,0,1.125,217.54,0.5,0.7,7
462.71,1,0.675,354.67,0.5,0.7,18
235.94,1,0.136,-16.6,0.0,0.0,8
419.56,0,0.356,365.99,0.0,0.7,14
229.68,0,0.297,146.84,0.8,1.0,21
259.64,0,0.261,-79.48,0.8,0.0,23
98.76,0,0.255,-383.04,0.8,1.0,15
79.01,0,1.182,-125.08,1.0,1.0,10
264.3,0,0.938,89.03,0.0,0.4,0
146.06,0,0.244,-159.63,1.0,1.0,2
490.35,1,0.857,344.31,0.2,0.0,17
171.43,0,1.571,-164.63,0.0,0.4,11
86.77,0,0.692,-356.43,0.8,1.0,0
451.88,1,0.326,319.04,0.0,0.0,19
183.61,0,0.449,44.24,0.8,1.0,12
402.74,1,0.778,-81.78,0.8,0.7,17
420.36,1,1.48,117.95,1.0,0.4,17
310.32,0,1.093,195.24,0.5,0.0,2
274.75,1,3.0,82.37,0.8,0.7,9
494.71,0,47.0,20.21,0.2,1.0,15
66.42,1,5.429,-319.15,0.2,1.0,9
124.75,1,0.7,-95.15,0.5,0.4,9
479.8,0,1.189,263.18,0.5,0.0,7
418.57,0,0.606,312.43,0.8,1.0,2
208.5,0,1.174,-85.61,1.0,0.7,11
242.77,1,0.4,113.17,1.0,0.4,9
178.26,0,1.12,-168.56,0.8,0.7,21
497.91,0,5.714,85.24,0.0,0.0,16
469.62,0,0.05,372.97,1.0,0.0,3
311.56,0,0.879,246.87,0.5,1.0,12
254.58,0,0.3,33.09,0.2,1.0,11
235.82,0,0.767,-183.37,0.8,0.0,16
177.62,0,0.455,-268.2,0.5,0.7,1
51.87,1,2.75,-407.21,0.0,0.0,9
428.35,0,0.417,144.82,1.0,0.7,7
496.77,0,0.297,337.95,0.8,0.4,16
422.85,0,1.615,12.25,1.0,1.0,1
489.81,0,1.64,361.64,0.5,0.4,23
369.51,0,2.143,262.66,0.0,1.0,10
426.8,0,2.412,305.23,0.5,0.4,7
246.84,0,3.0,-86.16,1.0,0.4,6
294.65,0,0.87,-192.93,1.0,1.0,11
108.75,0,1.021,-145.42,0.5,0.4,23
183.62,0,2.8,-107.32,0.2,1.0,2
173.73,0,10.75,-297.01,0.0,0.0,16
105.21,1,0.769,-8.62,0.5,0.4,8
430.08,0,0.156,-30.64,0.2,1.0,15
236.19,0,16.0,-32.74,0.0,0.4,5
450.37,0,1.08,115.27,0.8,0.4,10
456.64,0,20.0,109.79,1.0,0.0,3
267.76,1,0.957,-58.54,1.0,0.0,9
164.53,0,0.708,59.81,1.0,0.0,0
280.29,0,0.059,161.73,0.5,0.0,1
112.35,0,0.095,24.8,0.2,0.7,21
478.95,0,2.385,272.1,1.0,0.7,6
246.23,0,1.5,-229.63,0.2,0.7,1
430.72,0,0.295,57.89,0.8,0.0,16
190.21,0,1.316,-217.13,0.8,1.0,4
386.19,0,0.718,-30.96,1.0,0.0,12
139.87,0,0.893,-68.94,0.0,1.0,13
163.88,0,0.091,-70.53,1.0,0.7,13
130.96,0,0.25,-64.25,0.2,0.7,11
345.63,0,0.357,128.25,0.5,0.0,22
54.91,0,0.467,-143.08,0.8,0.7,14
223.52,0,7.2,-97.29,1.0,0.4,10
372.32,1,2.0,-103.5,0.0,1.0,17
193.0,0,1.75,-1.05,0.2,0.0,20
495.62,0,10.667,256.06,0.0,1.0,5
316.03,0,1.857,159.64,0.0,0.7,4
494.58,0,1.135,34.34,0.5,0.4,3
463.12,0,0.086,395.52,0.0,0.0,0
375.46,0,0.259,201.86,0.5,1.0,12
190.93,1,0.72,-134.61,0.8,0.7,9
431.9,0,0.938,-53.32,0.0,0.7,13
150.81,1,3.5,-270.65,0.2,0.0,9
246.06,0,0.957,119.47,0.2,0.7,20
440.61,0,0.022,273.75,0.0,0.0,10
168.68,0,4.0,-190.88,0.8,0.7,4
312.55,0,1.222,208.59,0.5,0.4,6
336.61,0,1.407,-14.1,1.0,0.4,4
270.55,0,0.721,94.31,0.8,0.4,10
183.31,1,0.34,96.05,1.0,0.4,18
435.14,0,0.875,72.41,0.0,1.0,7
351.72,1,14.0,91.05,0.8,0.4,9
143.9,0,0.318,-171.84,1.0,0.7,13
254.31,0,0.435,135.01,1.0,0.0,23
223.51,1,0.625,-30.08,1.0,0.4,8
175.03,1,2.6,51.14,0.5,0.0,9
385.26,0,4.286,227.01,0.8,0.4,12
347.85,0,0.065,94.16,0.5,0.0,16
244.16,0,0.261,126.38,1.0,1.0,13
248.6,0,5.5,32.2,0.0,1.0,4
182.3,0,2.154,-48.91,1.0,0.7,14
283.38,0,1.219,184.25,0.0,0.4,16
73.91,1,1.875,7.85,0.5,0.4,19
173.96,0,5.0,-273.21,0.8,1.0,0
380.27,0,0.467,-65.52,0.5,1.0,1
206.43,0,0.786,26.83,1.0,0.7,23
133.29,0,0.143,-325.21,1.0,1.0,12
157.38,1,0.444,-34.42,0.0,0.4,17
113.83,1,0.733,58.1,0.8,1.0,9
488.47,1,0.167,41.9,0.2,0.0,17
312.42,0,0.742,42.68,0.2,1.0,20
305.27,0,1.5,-190.42,0.2,0.4,1
92.26,0,0.2,-94.81,0.5,1.0,3
495.41,0,2.087,329.61,0.8,0.7,15
422.49,0,30.0,236.98,0.5,1.0,12
283.69,1,0.409,-54.22,0.2,1.0,17
210.74,0,4.3,146.83,1.0,1.0,1
90.17,0,0.292,-374.12,0.8,0.0,20
295.21,0,0.932,-165.37,1.0,0.4,15
449.6,0,1.913,223.64,0.8,0.7,15
310.78,1,4.333,-55.05,1.0,0.0,8
485.67,0,0.811,79.12,0.5,0.0,0
116.21,0,0.727,-240.21,1.0,0.7,0
123.17,1,0.837,-145.9,0.0,0.7,9
147.8,1,10.0,-273.66,0.0,0.0,8
243.65,0,20.0,-103.46,0.0,0.0,21
445.42,0,0.391,42.05,1.0,0.4,23
114.19,0,2.556,-265.68,0.8,0.0,7
262.93,0,5.0,53.35,0.8,1.0,11
464.09,0,0.412,145.42,0.2,1.0,0
112.63,0,0.553,-282.82,0.5,0.4,21
185.48,0,2.769,96.96,1.0,1.0,2
402.08,0,0.48,-23.15,0.0,0.4,20
190.97,0,0.644,-279.73,0.5,1.0,13
239.23,0,0.933,4.61,0.0,0.0,11
113.26,0,0.122,-344.82,0.2,0.7,5
454.96,1,1.143,9.95,0.0,1.0,8
52.68,0,0.605,-360.69,1.0,1.0,20
171.58,0,1.5,-322.2,0.0,0.7,16
304.45,1,0.368,-56.32,0.0,0.0,9
279.87,0,0.864,-92.76,0.2,0.4,15
111.38,0,1.5,-341.39,0.2,0.7,14
495.12,1,0.426,442.22,0.8,0.4,8
118.86,0,5.0,-327.09,1.0,0.0,7
263.18,1,2.0,-161.55,0.8,1.0,17
232.05,0,0.4,-260.16,0.2,0.7,0
436.69,0,1.517,108.97,0.8,0.4,21
113.76,0,0.167,-271.31,0.2,0.4,5
296.01,0,1.067,31.74,0.5,0.7,0
271.83,0,0.184,-78.63,0.8,1.0,7
237.6,0,0.233,-3.57,0.0,0.7,4
225.24,0,0.216,-86.0,0.0,1.0,22
260.56,1,2.556,-114.82,0.5,0.0,9
435.13,0,0.697,158.69,0.5,1.0,2
345.16,0,0.417,136.82,1.0,0.7,23
175.25,0,5.111,-217.92,0.5,1.0,14
219.44,0,1.355,-42.85,0.2,0.7,0
314.98,0,2.143,3.65,1.0,1.0,15
433.41,1,1.5,311.78,0.0,0.0,8
195.65,0,1.419,41.46,0.2,0.0,23
390.12,0,1.88,151.09,0.0,0.0,2
66.84,0,2.125,-320.63,0.8,0.7,14
465.6,0,20.5,271.08,0.8,1.0,16
300.41,0,1.108,162.34,0.8,1.0,0
140.54,0,1.267,17.6,1.0,0.4,23
333.1,0,19.0,-17.8,0.2,0.0,0
398.47,0,0.042,92.74,0.0,0.7,22
480.98,0,0.936,103.25,1.0,1.0,11
422.41,0,0.378,147.03,0.5,0.4,16
331.46,0,1.036,-111.83,1.0,0.0,5
95.41,1,1.7,-179.01,0.0,0.7,17
465.02,0,0.789,301.9,0.5,0.0,10
290.49,0,3.8,131.86,1.0,0.7,11
295.67,0,10.0,-155.64,1.0,1.0,20
64.52,1,21.0,-175.11,0.2,0.7,9
296.19,0,0.643,-84.05,0.0,0.4,20
456.95,1,0.135,90.56,0.0,0.7,8
382.68,0,0.692,-85.53,1.0,1.0,0
68.78,0,0.383,2.76,1.0,0.4,14
264.92,1,0.821,-136.77,0.2,0.0,18
401.82,1,0.04,263.54,1.0,1.0,17
58.14,0,0.917,-208.84,0.8,1.0,11
365.6,0,0.321,68.3,0.0,1.0,1
208.31,0,1.667,3.9,0.0,0.4,16
54.52,0,0.158,-181.36,1.0,0.0,10
415.68,1,2.938,331.2,0.2,1.0,8
191.36,0,6.333,-129.73,0.2,0.7,23
265.42,0,1.5,160.35,0.0,0.0,0
272.72,0,2.5,-108.13,0.5,0.4,10
473.64,0,2.3,72.55,0.5,0.4,20
364.0,1,0.857,87.45,0.0,0.7,9
268.79,0,1.15,183.49,0.2,0.4,1
144.85,1,1.333,-72.73,0.2,0.0,9
342.46,1,1.552,88.27,0.0,0.0,9
175.09,1,0.167,-47.79,0.0,0.0,9
272.91,1,1.6,-165.34,0.8,1.0,18
220.7,0,1.071,-126.27,1.0,0.0,16
293.7,0,6.667,87.19,0.0,0.7,21
147.44,0,1.289,85.13,1.0,1.0,21
388.58,0,0.979,-24.75,1.0,1.0,3
436.33,0,2.316,-35.76,0.8,1.0,16
396.06,0,1.27,229.01,0.8,1.0,22
458.47,0,1.778,282.15,0.5,0.0,1
183.12,0,1.429,-123.87,0.0,0.7,21
162.73,0,0.419,-181.13,1.0,0.0,11
347.35,0,0.541,-78.85,0.2,1.0,16
53.99,1,0.069,-12.66,0.5,1.0,17
233.87,0,2.571,-76.94,0.0,0.7,5
478.98,0,1.714,230.78,0.5,0.7,4
152.34,0,3.556,23.82,1.0,0.0,14
67.33,0,0.19,-290.67,0.8,0.7,23
152.58,0,0.783,-325.69,0.5,0.7,7
293.2,0,1.913,223.07,0.2,0.7,20
249.72,0,0.152,-30.25,0.2,0.4,3
423.11,0,1.542,66.65,0.0,1.0,0
196.94,0,5.0,-207.73,0.5,1.0,10
474.12,0,0.774,291.79,0.0,0.4,6
468.64,1,0.158,8.3,0.0,0.0,8
279.86,0,0.667,-121.53,1.0,0.7,5
64.67,1,0.658,-312.15,0.8,0.0,18
276.57,1,0.405,-31.93,1.0,1.0,17
431.42,1,5.875,143.93,0.0,1.0,19
248.46,0,1.0,77.33,1.0,0.7,14
409.55,0,1.375,-80.31,0.2,1.0,3
361.88,0,6.0,111.63,0.8,0.7,13
277.54,0,0.639,-184.05,0.8,0.4,22
306.2,0,1.8,-115.85,0.2,0.4,16
349.66,0,1.158,27.16,0.5,0.7,5
233.83,0,1.333,-43.43,0.2,1.0,5
454.94,1,3.846,10.56,0.0,0.4,19
394.48,0,1.588,24.36,0.8,0.0,7
60.77,0,0.107,-64.35,0.0,0.4,22
456.92,0,1.36,247.45,0.8,0.4,23
201.56,0,2.375,-219.56,0.5,0.0,1
382.44,1,0.6,172.71,0.8,1.0,9
425.66,0,0.604,245.48,0.8,0.4,0
394.68,0,0.255,-67.67,1.0,0.0,22
316.87,0,0.026,-36.39,0.8,1.0,15
278.9,1,2.417,-35.74,0.0,0.4,17
71.73,1,1.455,-211.22,1.0,1.0,19
193.36,0,0.84,63.07,0.2,0.0,22
243.74,1,3.357,68.52,1.0,0.7,17
124.52,0,1.211,-55.01,0.8,1.0,10
472.64,1,0.579,305.9,1.0,0.0,17
113.45,0,2.389,-29.63,1.0,0.4,7
481.94,1,13.0,189.02,0.2,0.0,8
141.41,0,0.083,-332.4,1.0,1.0,3
106.78,1,0.853,-147.45,0.0,0.0,8
168.38,0,0.875,-270.65,0.5,0.0,14
406.99,0,0.125,29.68,0.5,0.4,15
254.06,0,1.222,-126.92,0.0,0.7,7
469.57,0,4.0,62.18,0.5,0.4,23
66.04,1,1.049,-269.48,0.0,0.4,8
442.45,0,1.52,293.36,0.2,0.7,0
416.24,1,0.312,36.14,0.5,0.4,17
477.87,0,6.833,42.15,0.2,0.0,6
300.98,1,0.156,157.13,0.2,0.0,17
326.02,1,2.647,-7.94,0.2,0.7,17
479.45,0,0.791,34.4,0.2,0.7,23
408.54,0,1.0,182.05,0.5,1.0,21
100.57,0,0.467,-345.83,0.5,1.0,2
348.09,0,1.312,245.97,0.8,0.7,16
363.64,0,0.348,-3.53,0.8,1.0,2
155.69,0,0.614,-25.23,1.0,0.4,13
397.31,0,0.111,229.59,0.5,1.0,4
229.41,0,1.036,-231.16,0.5,1.0,12
336.32,0,0.682,265.79,0.8,1.0,15
291.21,0,3.364,-109.59,0.0,0.7,0
58.96,0,1.114,-316.04,0.8,0.0,15
395.08,0,0.957,96.28,0.0,0.4,20
493.35,1,2.692,66.18,0.8,0.4,9
199.18,0,0.458,52.15,0.2,0.0,12
473.16,0,0.041,377.03,0.8,1.0,22
185.66,0,0.579,32.16,0.2,0.0,23
415.85,1,6.0,195.81,0.8,0.4,9
84.44,0,3.0,-192.59,0.8,0.0,10
322.19,0,1.371,203.86,1.0,1.0,2
403.15,0,1.95,161.83,0.0,0.7,20
94.86,0,2.308,-391.31,1.0,1.0,12
91.88,1,0.679,-393.22,1.0,0.7,19
289.94,0,0.422,129.86,0.0,1.0,13
393.22,0,1.083,21.66,0.8,0.4,4
397.04,0,0.077,145.85,0.8,0.0,6
114.7,1,0.909,-218.76,0.0,0.0,17
439.17,0,0.786,168.75,0.2,0.0,22
427.13,0,0.65,141.6,1.0,0.4,10
163.41,0,1.562,-26.74,0.5,0.4,11
304.39,0,0.467,71.45,0.0,0.7,22
303.08,0,0.286,33.15,0.8,0.7,10
257.62,0,0.762,-9.73,1.0,0.0,5
84.88,0,0.622,-22.4,0.0,0.4,11
124.79,0,6.0,-122.13,0.0,0.0,4
331.77,0,2.909,45.7,0.2,1.0,10
102.91,1,0.053,-395.17,0.5,0.7,19
342.6,0,0.649,228.92,1.0,0.4,21
283.72,1,1.917,120.66,0.8,0.4,17
498.28,0,1.021,30.75,0.2,1.0,21
130.65,0,0.778,-131.07,0.0,0.7,22
362.32,0,1.0,70.34,0.5,0.0,5
317.5,1,1.333,237.45,1.0,0.4,9
467.55,1,41.0,293.99,0.8,0.7,8
231.47,1,0.8,66.83,1.0,0.4,17
96.34,0,3.8,-51.06,0.2,0.7,11
408.6,1,0.778,94.31,0.8,0.7,9
322.15,1,1.316,-162.85,1.0,1.0,17
402.51,1,11.0,-92.58,0.0,0.4,18
443.58,0,0.355,248.08,0.0,0.4,5
349.18,0,1.036,151.99,1.0,0.0,21
219.79,0,1.385,-3.7,0.8,0.7,10
288.81,0,1.619,-158.67,0.2,0.4,2
114.3,0,0.391,-132.46,0.8,1.0,12
104.11,0,0.386,-350.78,0.5,0.4,11
396.84,0,0.8,191.14,0.8,0.4,15
222.11,0,2.769,91.56,0.0,0.4,13
137.7,0,0.706,-176.08,0.5,0.0,5
464.7,1,0.515,141.65,0.0,0.7,9
69.76,0,1.192,-293.21,0.5,0.7,21
420.5,0,0.108,-17.93,0.8,1.0,4
387.47,0,0.387,46.07,1.0,0.0,7
325.81,0,12.0,-45.18,0.2,0.4,6
75.22,0,3.375,-261.65,0.0,0.7,22
492.53,0,1.944,355.15,1.0,0.0,12
453.98,1,2.095,327.83,1.0,0.7,19
231.43,0,0.023,-195.54,0.0,0.0,5
116.38,1,1.485,-53.61,0.2,1.0,17
139.41,0,0.462,-138.05,0.2,0.0,11
207.81,0,0.5,4.16,1.0,0.0,6
102.32,0,5.0,11.57,0.0,0.4,21
484.59,1,0.927,89.56,0.0,0.4,17
86.57,1,0.8,-289.35,0.2,0.7,19
386.33,0,3.231,4.18,0.5,0.0,6
130.1,0,2.421,16.91,0.5,1.0,5
447.61,0,0.722,317.91,0.5,0.7,7
91.59,1,1.706,-118.23,0.5,0.7,9
423.28,0,1.172,64.11,0.2,0.0,12
292.08,0,2.5,147.28,0.8,0.7,23
143.35,0,2.316,-221.49,1.0,0.7,12
144.82,0,0.66,-3.39,0.5,0.0,7
334.0,0,0.791,70.16,0.8,0.7,21
346.24,0,1.48,-109.33,0.5,0.0,12
121.44,1,23.0,-142.53,0.5,0.0,18
123.24,0,1.15,-172.81,0.0,1.0,16
309.18,0,0.789,63.44,0.8,1.0,15
217.95,0,0.362,15.9,0.8,0.7,3
470.64,0,0.306,3.54,0.0,1.0,0
479.29,0,2.778,248.95,0.0,0.4,4
448.97,0,0.55,-35.39,1.0,0.4,2
108.45,0,5.444,-91.47,0.0,0.0,15
410.67,1,5.0,154.25,0.2,1.0,17
140.18,0,4.3,12.75,0.5,0.0,23
246.45,1,1.143,-129.41,0.2,0.7,8
205.12,1,2.818,-56.74,0.8,0.4,19
424.11,0,1.72,56.31,0.0,1.0,2
470.87,1,0.429,240.92,0.5,0.7,9
318.62,1,1.679,28.27,0.5,1.0,19
62.1,0,1.263,-386.41,0.2,0.4,4
275.66,1,1.091,224.94,1.0,1.0,18
112.14,0,2.8,-22.45,0.2,0.7,4
222.83,0,0.273,91.89,0.2,0.7,11
419.57,0,0.568,353.9,0.8,0.4,21
282.81,1,0.591,184.92,0.0,0.7,8
345.14,1,6.714,113.13,0.0,0.4,18
278.14,0,0.243,-80.69,0.0,1.0,6
240.11,0,1.654,165.58,0.8,0.7,6
321.64,0,5.125,-89.45,0.8,0.7,16
429.88,0,2.091,-57.42,0.0,0.4,4
222.56,0,0.714,-131.06,0.2,0.0,2
166.03,0,1.211,-115.67,1.0,1.0,5
176.77,1,0.133,72.07,0.8,1.0,9
358.87,0,0.103,195.32,0.5,0.7,15
130.43,0,1.944,-80.17,0.0,1.0,5
66.03,0,0.488,-34.23,0.0,1.0,4
290.74,0,2.0,184.02,0.2,1.0,13
487.33,0,0.783,127.28,0.2,1.0,2
217.76,0,0.238,101.72,0.0,1.0,3
202.0,0,7.833,-134.53,0.5,1.0,7
477.66,0,0.167,312.07,0.0,1.0,4
167.44,0,0.351,-19.0,1.0,0.4,14
308.0,1,0.167,161.16,0.8,0.7,19
133.57,0,0.9,-142.13,0.0,1.0,7
172.71,0,2.316,-60.52,0.0,1.0,23
170.17,0,0.5,-149.42,0.5,0.0,15
369.05,0,7.5,219.57,1.0,0.7,12
422.14,0,1.179,107.58,1.0,0.7,12
468.44,0,0.806,412.78,0.5,0.7,6
257.88,0,2.9,-126.28,0.2,0.4,12
231.32,0,1.471,-115.99,1.0,0.0,7
493.23,0,0.889,405.84,1.0,0.7,2
191.9,0,0.388,-161.63,0.0,0.4,22
330.92,1,3.455,26.72,0.8,0.0,9
384.82,1,0.528,-110.54,0.8,0.4,8
93.64,0,4.875,-54.6,0.0,0.7,12
399.89,1,0.22,19.38,0.8,1.0,18
238.18,0,3.5,-81.48,0.5,0.7,10
448.14,0,0.163,-33.97,0.5,1.0,7
390.57,0,0.812,211.74,0.8,0.4,15
51.5,0,1.368,-371.94,0.8,0.4,14
311.07,0,0.28,72.93,0.8,1.0,14
328.49,0,20.5,216.13,1.0,0.0,5
233.95,0,0.787,173.67,1.0,0.4,15
262.36,0,0.902,171.43,0.5,0.0,4
225.2,0,0.929,-54.9,0.2,0.4,3
443.59,1,0.511,314.75,0.2,0.7,17
452.5,0,3.8,309.35,0.8,1.0,11
249.64,0,1.128,90.79,0.2,1.0,6
411.66,1,5.25,-15.38,0.2,0.4,17
53.1,1,9.4,-11.45,0.8,1.0,17
480.91,0,0.185,33.4,1.0,0.0,15
341.19,0,1.282,50.81,0.0,1.0,0
181.83,0,11.75,-47.45,0.0,0.7,10
333.17,0,1.394,85.15,0.0,0.0,12
421.35,0,0.347,32.24,0.0,0.4,10
202.93,1,0.628,-257.91,0.8,0.4,17
338.92,0,0.318,255.59,0.8,0.4,21
182.88,0,0.773,-67.22,0.8,0.7,1
66.09,0,0.462,-46.92,1.0,0.7,10
303.59,0,0.625,-67.62,0.5,0.4,3
263.88,0,2.05,15.94,0.5,0.4,2
115.94,0,5.0,-65.61,0.8,0.7,20
432.91,0,7.5,120.46,0.2,0.0,4
278.87,1,0.511,-162.73,1.0,1.0,9
487.58,0,3.636,147.85,1.0,0.7,3
439.43,0,0.96,171.07,0.2,1.0,20
56.4,0,1.24,-419.73,0.5,0.4,15
117.54,1,0.933,-206.35,0.0,0.4,8
306.23,0,1.067,-31.16,0.0,0.4,7
348.91,0,0.542,119.59,0.0,0.7,14
298.98,0,0.278,8.34,1.0,0.0,16
285.33,0,0.784,125.22,0.2,0.4,0
255.23,0,0.978,187.13,1.0,0.7,13
384.4,0,3.0,4.4,0.0,0.4,5
143.48,0,5.0,-16.29,1.0,1.0,12
446.74,0,0.2,373.75,0.0,0.4,6
87.52,1,0.276,-51.31,1.0,0.4,8
306.2,0,1.6,-5.57,0.0,1.0,7
412.59,0,0.342,86.1,0.8,0.0,21
320.61,0,1.815,48.94,0.2,0.7,14
177.69,1,0.939,-162.69,0.5,0.4,17
302.57,0,0.409,113.61,0.8,0.0,22
52.93,0,0.375,-399.09,1.0,1.0,16
79.5,0,0.917,-164.91,0.5,0.0,10
359.13,1,0.537,-61.02,0.2,0.0,8
188.24,0,1.071,0.82,1.0,1.0,10
467.4,0,2.2,322.77,0.2,0.7,13
228.31,0,0.26,101.01,0.2,0.4,3
344.07,0,1.097,-60.87,0.5,0.4,20
216.86,0,1.55,29.06,0.5,0.7,20
303.48,1,0.714,-89.73,0.0,1.0,18
340.61,0,1.174,227.64,0.8,0.7,0
143.87,0,3.538,-228.63,0.5,0.7,15
405.91,0,0.75,209.35,1.0,0.4,5
248.05,0,1.212,74.77,0.0,0.4,4
265.86,1,0.447,-108.71,0.8,0.0,18
481.88,0,0.556,113.96,0.2,0.7,13
76.69,0,1.52,1.44,0.5,0.7,20
465.62,0,0.828,365.66,0.2,0.0,6
236.2,0,1.064,117.9,0.2,0.7,13
89.6,0,0.361,-70.75,1.0,0.7,3
360.31,0,1.789,247.1,0.0,0.7,22
386.27,0,1.724,239.6,0.5,1.0,1
199.86,0,1.25,-155.09,0.5,0.7,20
113.12,0,24.0,-225.89,0.8,1.0,12
77.13,0,0.118,-418.21,0.5,0.0,7
481.9,0,9.333,39.01,0.5,1.0,1
335.47,0,1.682,-45.03,1.0,0.0,23
289.29,0,6.25,-120.08,0.0,1.0,6
388.36,1,3.231,-6.84,0.8,0.7,9
118.49,0,0.604,-80.2,0.2,0.7,11
361.66,0,0.68,-57.43,0.8,0.0,6
52.86,0,1.947,-369.84,0.0,0.0,7
117.72,1,0.75,-317.29,1.0,0.7,8
349.43,1,0.714,-47.04,1.0,0.7,17
134.98,0,3.7,18.25,0.5,0.4,14
320.86,0,0.057,-109.25,0.2,0.7,11
467.81,0,1.0,121.63,0.2,0.7,22
154.84,0,1.556,-309.11,0.5,0.0,7
425.37,0,3.625,206.57,0.8,0.4,4
247.35,1,0.138,107.96,0.8,0.0,8
460.98,0,0.364,84.95,0.0,0.4,22
473.31,0,1.75,90.02,0.5,0.7,0
493.32,0,0.929,83.41,0.5,1.0,13
475.2,1,4.125,417.93,0.8,1.0,8
212.18,0,0.304,22.69,0.0,1.0,10
499.87,1,1.333,411.87,0.8,1.0,8
341.31,0,0.383,145.84,0.2,0.4,15
107.58,0,37.0,-12.51,0.8,0.0,5
439.86,0,2.786,92.43,0.5,1.0,11
128.59,0,2.25,-154.78,0.2,0.4,13
63.49,0,0.727,-78.34,0.8,0.7,15
62.82,0,1.905,1.2,0.0,1.0,16
461.11,1,4.8,390.19,0.8,0.4,9
206.9,0,7.0,56.69,0.8,0.0,13
492.52,0,1.033,57.26,1.0,1.0,13
50.32,1,0.951,-213.99,0.5,0.4,9
214.51,0,1.229,-111.61,0.0,1.0,22
138.33,0,1.297,-10.36,0.2,0.4,6
384.43,0,7.167,11.66,0.5,0.0,1
133.08,0,0.882,-213.64,0.5,1.0,23
282.61,0,1.118,-211.83,0.5,0.4,22
347.54,0,1.167,36.82,0.0,1.0,6
490.79,0,0.308,434.35,0.0,0.4,1
55.27,0,1.238,-211.08,0.5,0.4,13
253.45,0,1.423,106.77,1.0,0.7,2
385.23,0,3.625,40.27,1.0,0.7,2
203.44,0,0.706,-238.95,1.0,1.0,10
435.3,0,0.163,41.83,0.5,0.0,12
61.44,0,0.667,-233.05,0.0,0.4,3
297.71,0,1.0,114.64,0.5,0.7,14
492.94,0,0.778,405.6,1.0,0.4,14
113.77,0,2.538,-242.49,0.0,0.4,0
286.51,0,2.087,-114.46,1.0,0.0,6
153.69,1,0.686,-322.53,1.0,0.4,17
356.18,0,1.571,20.47,1.0,0.4,10
293.37,0,4.6,-186.44,0.8,0.4,10
183.42,0,0.154,-272.01,0.8,1.0,4
374.7,0,2.333,189.7,0.0,0.7,7
190.22,1,0.837,-275.15,1.0,0.0,9
113.14,0,1.815,-153.28,0.2,0.4,4
238.55,1,0.262,-77.59,0.2,0.7,9
113.2,0,0.833,-117.45,1.0,0.4,1
352.51,1,2.9,-39.75,0.0,0.0,9
96.18,0,0.588,-236.67,0.8,0.4,16
420.01,1,1.45,126.44,1.0,1.0,19
459.73,0,0.102,256.11,0.5,0.0,1
332.1,1,2.125,90.44,0.2,1.0,18
285.28,0,1.267,195.42,1.0,0.7,20
426.52,1,1.344,-56.94,0.8,0.0,17
176.09,0,0.14,-199.73,0.5,0.7,12
238.84,0,1.5,-187.49,0.5,0.0,14
412.7,0,0.152,253.47,0.8,0.4,23
169.59,0,0.651,-329.2,0.8,1.0,13
222.16,1,0.791,-98.59,1.0,0.0,9
485.03,0,0.875,327.65,1.0,1.0,23
67.94,0,0.958,-273.25,0.8,1.0,14
473.09,0,11.333,57.17,0.8,0.0,3
60.86,0,3.083,-414.82,0.0,0.7,6
255.48,1,0.043,-195.45,0.5,0.7,17
250.7,0,0.889,179.19,0.8,0.7,4
396.86,0,0.389,100.59,0.5,1.0,5
416.96,1,0.46,-13.16,0.0,0.7,18
382.94,0,1.143,-43.37,0.2,0.7,23
90.69,0,0.149,-142.04,1.0,1.0,14
222.21,0,0.245,53.1,0.8,0.7,2
389.65,0,1.208,-92.04,0.5,0.0,15
189.74,0,0.342,-88.01,1.0,0.7,21
130.06,0,1.029,-198.25,0.0,0.4,7
319.09,0,0.13,-125.53,0.8,0.7,12
289.77,1,2.091,61.23,0.8,0.0,18
306.55,0,0.475,219.55,0.2,1.0,2
119.76,1,0.444,-376.94,0.0,1.0,8
160.41,0,3.0,8.79,0.2,0.4,16
484.07,0,1.188,48.18,0.8,1.0,1
499.27,0,1.0,362.76,0.2,1.0,16
386.06,0,1.48,18.02,0.5,0.7,12
455.02,1,1.0,-16.59,0.5,0.7,18
194.75,0,5.0,-227.6,0.2,0.4,0
264.08,0,0.717,73.01,1.0,0.4,6
365.97,0,0.5,-123.45,0.2,1.0,7
257.11,0,9.25,10.07,1.0,1.0,21
301.98,1,5.5,0.43,0.0,0.7,9
78.7,0,4.6,-130.79,0.5,0.7,13
318.98,0,0.043,75.11,0.2,1.0,5
189.42,0,1.483,-174.32,0.5,0.7,15
475.82,0,1.121,360.92,1.0,0.7,4
370.45,0,10.0,159.19,0.0,0.0,22
236.17,0,0.147,113.63,0.2,0.4,1
495.32,0,1.02,69.24,0.0,1.0,11
90.1,0,0.364,-385.67,1.0,1.0,16
263.48,0,0.556,-167.79,0.2,0.0,11
368.27,0,1.917,-77.31,0.8,0.0,23
140.27,0,0.654,-67.77,0.0,0.7,16
285.74,0,7.0,226.56,1.0,0.0,2
217.92,1,0.091,92.09,1.0,0.0,8
187.82,0,0.84,-222.2,1.0,0.7,11
336.42,1,0.923,62.23,1.0,0.4,8
460.68,0,0.159,140.81,1.0,0.4,16
129.87,0,0.92,12.89,0.8,0.0,4
449.71,0,0.086,42.57,0.0,0.7,6
357.36,0,0.304,41.81,0.2,0.0,12
119.86,0,0.333,-206.08,0.5,1.0,20
402.83,0,1.44,-71.97,1.0,0.0,0
113.62,0,0.667,-368.55,0.8,0.4,23
76.38,0,0.13,-415.68,0.8,0.0,11
344.66,0,0.14,-115.68,1.0,1.0,21
140.42,0,0.833,-53.72,0.8,0.4,3
231.91,0,1.464,12.23,0.8,0.0,2
302.56,0,0.333,-21.79,0.5,1.0,15
364.51,0,1.136,77.11,0.0,0.4,16
386.53,0,0.526,79.46,0.2,0.7,12
62.58,1,0.114,-422.47,0.8,0.4,18
420.69,0,8.75,62.82,0.8,0.4,11
364.63,0,0.545,-95.17,0.0,1.0,21
194.14,1,0.326,-177.18,0.8,0.4,19
57.02,1,1.025,-407.92,0.2,0.0,8
346.82,0,0.062,-115.04,0.5,0.4,7
462.91,0,0.625,232.03,0.2,0.4,7
350.84,0,0.4,-96.04,0.8,0.7,3
461.18,0,0.875,227.04,0.0,1.0,3
429.19,0,1.389,293.92,0.8,0.7,4
361.64,0,0.024,292.83,0.8,0.4,10
81.74,1,3.0,-19.73,0.2,1.0,17
197.32,0,0.343,-277.26,0.5,1.0,20
178.12,0,1.842,-128.43,0.0,0.0,20
299.64,0,2.167,25.55,0.2,0.0,2
100.13,0,4.429,33.02,0.8,0.4,4
412.88,0,1.089,254.09,1.0,0.7,22
248.91,0,4.8,-147.2,1.0,0.4,15
69.69,0,2.238,13.29,0.2,0.7,23
257.92,0,0.522,-197.78,0.0,1.0,4
277.52,0,0.526,126.16,0.2,0.7,21
61.39,0,1.621,-186.85,0.2,0.7,2
296.21,0,1.1,103.31,0.0,0.0,11
57.86,0,0.971,-316.36,0.5,0.7,7
357.94,0,1.429,305.28,0.0,0.0,12
103.84,0,1.351,-47.19,0.0,0.0,23
471.74,0,1.355,131.58,0.5,1.0,20
357.3,0,3.0,31.63,0.5,1.0,4
291.4,1,0.333,79.34,0.2,0.7,19
483.37,0,3.917,258.57,0.5,0.4,7
244.28,0,24.0,59.34,0.0,1.0,10
433.26,0,1.314,-61.11,0.2,0.7,20
447.63,0,0.963,190.37,0.8,1.0,10
202.01,1,1.25,-147.41,0.2,0.4,9
135.93,0,0.304,-1.64,1.0,0.7,14
406.44,0,0.735,187.77,0.5,0.4,1
98.89,0,0.323,-244.62,0.5,1.0,3
201.96,1,0.929,-248.51,0.8,1.0,9
362.29,0,14.5,138.6,0.2,0.7,21
396.16,0,1.189,57.6,1.0,0.4,1
260.86,0,1.286,-179.75,0.2,1.0,0
325.55,0,0.816,-55.34,0.0,0.0,20
53.9,0,3.0,-384.11,0.0,0.7,14
141.35,1,0.913,23.58,0.2,0.7,18
459.16,0,0.6,146.61,0.8,1.0,23
180.38,0,3.833,84.71,1.0,0.4,23
103.3,0,0.407,-356.3,0.8,0.4,16
261.31,1,0.878,-231.18,0.2,0.0,8
93.68,0,0.345,25.96,0.8,1.0,6
395.21,0,2.818,81.43,0.5,1.0,13
251.3,0,3.083,192.36,0.8,0.7,20
81.0,0,0.25,-29.72,0.5,1.0,4
138.71,0,0.186,-196.69,0.5,0.0,12
57.18,0,1.219,-393.79,0.8,0.4,13
281.04,1,1.308,-210.88,0.0,1.0,19
342.23,1,2.75,-23.0,0.5,1.0,9
172.78,0,7.333,-325.01,0.8,0.0,11
108.79,0,12.0,-381.42,1.0,0.0,22
186.22,0,18.5,46.38,0.8,1.0,10
352.36,0,0.067,-11.23,0.5,0.7,3
368.28,0,1.037,258.73,0.5,0.7,12
176.74,0,0.406,89.25,0.8,0.0,3
453.12,0,0.636,392.77,0.2,0.0,16
218.02,0,0.417,98.72,0.2,0.0,22
56.05,0,0.021,-357.09,1.0,0.0,13
484.54,0,0.927,-1.56,0.5,0.0,0
366.87,0,2.0,227.09,0.0,0.4,10
51.73,0,7.667,-354.49,0.2,0.4,5
224.11,0,7.667,-107.34,0.2,1.0,20
322.46,0,1.438,188.73,0.5,0.0,12
52.84,0,0.364,-76.29,0.2,0.7,16
487.73,1,0.946,122.74,0.0,0.4,18
496.39,0,0.429,373.3,1.0,0.7,1
338.27,0,0.818,190.05,0.5,0.7,20
53.14,0,0.471,-397.61,0.5,0.7,3
77.73,0,2.2,-194.54,0.0,1.0,12
454.39,0,0.898,203.72,0.0,0.7,6
364.13,0,2.083,41.65,0.0,0.7,14
211.15,0,0.724,-203.78,0.5,1.0,11
191.06,1,1.531,-308.53,0.2,0.4,8
360.89,0,3.667,126.51,0.8,0.7,2
253.48,0,1.0,139.54,0.8,1.0,13
221.66,0,0.429,-219.95,0.2,1.0,12
406.12,1,0.036,58.32,0.2,0.4,19
92.68,0,0.857,-133.4,0.2,0.7,2
273.8,0,6.5,152.56,1.0,0.7,1
323.07,0,0.406,48.46,0.8,0.4,10
209.02,0,10.75,111.31,0.5,1.0,11
155.82,0,1.9,-318.68,0.2,1.0,3
334.18,0,0.05,131.82,0.5,1.0,3
108.24,0,0.205,-68.61,0.5,0.4,3
78.41,1,1.194,-172.78,0.8,0.4,17
155.05,0,0.467,-287.29,0.5,1.0,6
309.75,0,1.636,110.77,0.2,0.4,12
487.01,0,1.108,333.99,1.0,0.4,2
261.39,1,0.865,202.66,1.0,0.0,19
330.62,0,4.9,244.03,0.8,1.0,22
80.12,0,2.611,-145.19,0.2,0.7,23
431.5,0,0.417,354.94,0.2,0.4,4
210.28,0,0.048,-119.01,1.0,0.4,23
493.38,0,0.656,171.23,1.0,0.4,0
322.29,0,0.333,139.26,0.0,0.4,3
161.7,0,1.737,-57.5,0.0,0.7,1
183.25,0,1.4,120.28,0.8,0.0,5
459.41,1,0.6,342.98,0.8,0.4,17
191.34,1,0.592,-280.27,0.8,0.7,19
254.0,0,1.179,130.69,0.2,0.7,6
440.48,0,2.0,141.82,0.5,0.4,2
297.56,0,1.88,-35.44,0.5,1.0,14
426.23,0,0.525,360.69,0.5,0.7,7
67.72,0,1.324,-212.55,0.2,1.0,23
118.21,0,0.556,-167.04,0.2,0.0,2
202.17,1,1.043,-33.52,0.0,1.0,8
286.11,0,8.75,-52.71,0.8,0.4,21
251.82,0,0.429,149.96,0.5,0.4,0
357.58,0,0.095,296.68,0.2,1.0,22
391.34,1,0.2,-86.14,0.2,0.7,9
335.45,0,0.51,107.34,1.0,0.7,23
371.63,0,0.047,134.91,0.0,0.0,13
143.98,0,12.667,-168.25,0.0,0.7,21
446.74,0,0.158,167.62,0.2,1.0,10
53.31,0,0.286,-279.15,1.0,0.7,14
279.9,1,1.5,157.96,0.2,0.7,8
454.07,0,0.619,227.39,0.5,1.0,4
485.48,0,0.744,133.15,0.8,0.4,23
224.35,0,2.667,126.32,0.2,0.4,15
386.27,0,0.771,-38.55,0.2,0.7,22
341.52,0,7.5,188.11,0.5,0.4,6
55.56,0,0.1,-367.75,0.5,0.4,7
373.99,0,1.88,117.94,0.8,0.4,1
318.53,0,0.861,-89.22,0.2,0.0,16
433.71,1,7.0,105.04,0.0,0.7,19
221.64,0,0.69,-84.01,0.2,0.0,22
340.6,0,1.714,-146.32,0.5,0.0,7
60.08,0,0.643,-336.62,0.0,0.7,21
468.56,0,0.567,19.25,0.2,0.0,20
406.74,0,1.091,-39.39,0.8,0.4,11
376.16,0,1.333,121.3,1.0,0.7,5
303.45,0,0.044,224.97,0.2,0.4,20
219.84,0,0.591,153.12,0.8,1.0,6
309.54,0,12.0,239.72,0.0,0.7,4
265.63,0,0.404,-145.24,0.0,0.7,16
251.6,0,0.356,200.72,0.0,1.0,22
406.38,0,1.406,34.37,0.0,0.7,15
215.28,1,0.154,-204.04,1.0,0.4,19
376.79,1,1.792,83.44,0.5,0.7,18
230.8,1,0.316,-29.57,0.5,0.7,8
450.24,0,0.898,96.17,0.8,0.7,12
163.94,1,0.154,52.0,0.5,1.0,18
437.81,1,1.4,313.89,0.0,0.7,17
319.46,0,4.1,26.37,0.2,0.4,1
86.78,0,1.731,-151.76,0.0,0.0,12
51.82,0,0.189,-418.71,0.2,0.4,12
270.13,0,2.091,73.66,0.5,1.0,4
148.58,0,1.654,-59.43,0.8,0.0,5
254.14,0,0.976,-171.32,0.2,0.0,21
114.96,0,0.219,32.47,0.5,0.4,0
421.35,0,1.3,127.46,0.0,0.4,15
183.1,1,1.0,39.91,0.0,0.0,17
239.86,0,3.625,28.98,0.8,0.0,6
204.43,0,1.95,-14.28,0.5,1.0,10
335.85,0,1.226,18.85,0.8,0.0,6
63.97,0,0.913,-301.31,0.8,0.0,7
329.1,0,1.184,121.13,0.8,0.0,5
391.57,0,0.094,302.5,0.5,0.0,5
423.78,0,0.34,89.7,0.0,1.0,5
158.62,0,2.182,-334.18,0.0,0.7,14
366.82,0,0.72,113.78,1.0,1.0,3
107.77,0,0.023,-330.45,0.0,1.0,12
258.43,1,2.75,-105.28,0.8,0.0,18
364.2,0,4.75,93.21,0.8,0.7,23
320.5,0,0.158,78.47,0.2,0.0,16
162.07,1,0.969,-62.22,0.2,1.0,19
150.54,0,1.667,-288.96,1.0,1.0,23
413.79,1,1.586,-62.83,0.0,0.0,19
383.16,0,1.0,-92.84,1.0,0.0,22
407.45,0,1.333,163.96,1.0,0.7,0
238.38,0,5.0,173.29,0.8,1.0,16
168.25,0,0.833,-308.65,0.5,1.0,6
457.98,0,2.062,13.99,0.0,0.0,1
134.06,0,0.162,-4.37,1.0,0.7,1
80.07,0,0.548,-325.43,0.2,1.0,6
154.51,1,12.0,38.19,0.2,1.0,18
279.59,0,6.0,224.12,1.0,0.7,11
186.5,0,34.0,-228.66,0.5,0.4,1
348.82,0,1.077,83.6,0.2,0.0,2
335.03,0,0.694,41.4,0.0,0.4,1
115.43,0,0.273,-276.8,0.8,0.0,6
332.12,0,0.688,96.04,0.5,0.4,21
388.57,0,6.75,319.26,0.5,1.0,6
376.92,0,0.302,158.76,0.8,0.4,15
326.7,1,0.29,-79.01,0.8,0.4,19
179.43,1,1.147,-218.46,0.8,0.0,19
88.18,0,0.139,-363.06,0.2,0.0,3
176.38,0,0.692,-166.2,0.5,0.7,1
463.7,0,1.857,28.78,0.8,1.0,15
315.3,0,1.089,13.22,1.0,0.4,1
361.14,0,3.667,-127.71,1.0,0.0,21
470.37,0,2.278,26.73,1.0,0.4,7
304.71,0,1.312,97.88,0.5,0.4,7
235.19,0,0.773,66.43,0.8,0.4,23
359.75,0,0.18,224.27,0.5,0.7,4
284.05,0,0.789,181.31,0.5,0.4,1
423.68,0,0.951,291.29,0.8,0.7,10
372.67,0,0.839,-96.95,0.8,0.7,11
82.42,0,0.436,-23.57,0.8,1.0,12
415.4,0,0.385,250.74,0.8,1.0,16
280.0,0,2.111,40.78,0.5,0.0,20
317.87,0,1.281,53.5,0.8,0.7,22
105.31,1,0.75,-286.75,0.0,0.0,9
296.82,0,2.571,126.03,0.0,1.0,3
304.96,0,0.07,250.52,0.5,0.7,22
153.72,0,1.75,-174.52,1.0,0.7,11
118.27,0,1.438,-180.9,0.5,0.4,3
293.77,1,1.786,235.92,0.2,0.0,19
490.4,0,1.2,319.02,0.8,0.0,2
149.44,1,0.593,-107.34,0.2,0.4,17
51.43,0,2.571,-300.59,0.8,1.0,4
95.16,0,0.933,8.26,0.8,1.0,2
432.76,0,1.92,44.95,0.0,0.7,3
246.49,0,1.375,-197.33,0.5,0.7,21
327.04,0,0.97,-100.16,1.0,0.4,20
84.81,0,0.217,-341.81,0.8,0.4,0
191.4,1,1.0,-40.9,0.2,0.7,18
444.98,0,0.641,-37.31,1.0,0.4,1
253.51,0,9.0,-156.54,0.8,0.7,1
270.93,0,12.5,-104.95,0.8,0.0,23
152.85,1,0.739,-62.12,0.5,1.0,9
434.14,0,0.733,93.89,1.0,0.4,11
71.59,1,1.042,-81.27,0.2,0.0,18
72.53,0,1.25,-13.13,0.5,1.0,5
436.33,0,1.9,261.0,0.2,0.4,12
284.23,0,1.818,129.91,0.0,0.0,16
129.17,0,0.875,-167.4,0.8,0.4,7
321.19,0,0.154,236.52,0.0,0.7,12
400.58,0,4.375,101.53,0.5,0.4,21
160.54,0,2.917,106.6,0.2,0.7,1
277.03,1,0.061,201.45,0.2,0.4,9
430.94,0,3.1,272.07,1.0,0.7,13
160.61,0,0.6,31.79,0.0,0.4,1
389.53,1,1.051,309.35,0.8,0.4,17
288.0,0,0.633,17.52,0.8,1.0,0
474.48,1,0.714,265.21,1.0,1.0,9
471.59,0,0.5,346.49,0.8,0.4,11
319.91,1,2.8,104.53,0.5,0.0,18
219.17,1,1.08,1.04,0.5,1.0,17
147.01,0,24.5,-251.77,0.2,1.0,1
112.93,0,1.021,-294.26,0.8,0.4,20
456.65,0,0.133,292.84,0.8,1.0,21
447.07,0,1.25,188.59,0.8,0.0,11
465.24,0,0.244,282.3,0.0,0.7,11
442.45,0,0.595,357.29,0.5,0.7,3
68.24,1,1.161,-423.37,0.8,0.0,17
189.65,0,1.692,-88.37,0.0,0.0,12
302.72,1,1.043,225.77,1.0,0.4,9
60.86,0,1.417,-170.68,1.0,1.0,5
178.22,0,1.905,105.31,1.0,0.0,21
245.03,0,1.531,-36.26,1.0,0.0,20
347.28,0,1.136,99.34,0.5,0.4,20
91.94,0,3.769,-130.81,0.8,0.4,23
55.45,1,0.15,-54.37,0.8,0.4,18
296.18,1,0.357,131.36,0.2,0.0,18
169.48,0,3.667,-97.72,0.0,0.4,4
272.07,0,0.25,186.08,0.8,0.7,15
432.77,0,1.958,-47.28,0.5,0.7,7
287.02,1,2.048,-63.47,1.0,0.7,17
151.79,0,3.125,91.79,0.8,0.7,22
274.49,0,1.65,-101.43,0.8,0.0,22
97.92,0,1.176,-18.67,0.2,0.4,3
466.72,0,3.0,102.9,1.0,0.7,5
238.68,0,1.846,39.63,0.0,0.4,0
476.82,0,1.29,128.52,0.5,0.0,3
119.32,0,0.929,-143.61,0.0,0.7,2
156.06,0,0.4,-289.54,0.8,1.0,5
243.55,0,0.538,87.75,0.2,0.4,4
197.21,0,0.282,-22.37,0.0,0.0,7
53.82,0,0.125,-239.35,0.8,0.0,7
496.33,0,4.2,445.39,0.2,0.0,15
355.43,0,0.792,-107.71,0.5,0.0,2
198.56,0,0.55,131.04,1.0,0.0,4
419.64,0,40.0,283.13,0.2,1.0,3
317.02,0,0.389,-9.93,1.0,0.0,0
79.22,0,2.111,-243.56,0.5,0.4,5
281.7,0,1.111,8.31,0.2,0.7,21
349.25,0,1.182,-13.46,0.8,0.7,11
344.07,0,1.053,-72.52,0.8,0.4,15
144.75,0,2.048,-112.83,0.2,0.0,13
443.81,0,0.105,327.35,0.8,0.4,4
177.11,1,9.4,-22.62,0.5,0.4,9
234.45,0,1.107,-233.99,1.0,0.7,6
345.28,1,0.452,131.39,0.8,0.4,9
64.12,1,1.25,-369.76,0.5,1.0,19
346.25,0,1.067,117.38,0.5,1.0,16
485.01,0,0.438,244.95,0.5,0.4,2
237.11,0,0.647,-31.99,0.5,0.4,23
280.75,0,0.562,7.84,0.5,0.4,4
67.3,1,0.444,13.15,0.5,0.7,19
51.23,0,1.091,-216.03,1.0,0.4,14
356.16,0,0.455,-79.84,1.0,0.7,11
497.13,0,0.765,171.52,1.0,0.4,5
410.13,1,1.064,155.4,1.0,0.7,18
70.03,0,1.633,-129.64,0.8,0.0,14
461.35,0,0.9,137.41,0.2,0.7,0
169.12,0,0.517,-282.06,0.0,0.4,22
227.67,0,2.235,175.74,0.2,0.0,14
228.64,0,1.812,-14.86,0.0,0.7,1
57.35,0,1.296,-383.5,0.5,0.0,14
290.34,1,2.714,-8.22,0.0,0.4,9
197.86,0,0.766,-97.42,0.2,0.0,10
197.95,1,4.667,37.43,0.8,0.0,17
378.96,0,0.188,252.9,0.5,0.7,23
141.84,0,0.393,18.08,0.0,0.7,15
296.91,0,0.778,216.04,0.2,0.0,11
400.4,0,3.2,-7.09,0.5,0.4,11
201.89,0,1.69,-73.32,1.0,1.0,7
350.6,0,0.258,175.36,0.0,0.7,10
224.55,0,1.917,89.36,0.5,0.0,7
496.46,0,8.333,373.43,0.5,0.4,6
137.38,0,1.286,-358.62,0.5,0.0,20
244.58,0,0.51,-168.69,0.8,0.4,13
336.87,0,0.325,-61.19,0.0,0.4,23
300.86,0,1.562,44.83,0.5,0.7,16
253.81,0,1.0,202.14,0.5,0.0,7
202.43,0,0.571,-184.95,0.0,0.7,14
429.36,1,0.667,111.77,1.0,0.0,19
272.46,0,0.29,-225.8,0.5,0.0,21
192.68,0,0.073,2.25,0.8,0.7,6
472.57,0,1.75,123.4,0.2,0.7,5
202.97,0,0.556,-32.44,0.0,0.7,23
382.38,0,1.6,149.29,0.0,0.7,23
91.88,1,0.261,-19.96,1.0,0.0,19
488.59,0,1.143,92.99,0.5,0.0,4
312.0,0,2.643,226.52,0.0,0.7,10
389.68,0,1.361,-71.16,0.0,0.7,12
95.2,0,2.15,-136.44,0.0,0.7,13
199.97,0,0.14,-183.52,0.2,0.0,5
98.07,0,38.0,-166.57,0.8,0.7,20
168.93,0,5.0,-146.95,1.0,0.4,7
133.31,0,2.0,-329.86,0.0,0.0,23
368.67,0,0.298,242.45,1.0,0.4,16
285.34,0,0.023,112.35,0.2,1.0,22
243.38,1,4.0,-82.59,0.8,0.4,18
111.29,0,0.826,-376.88,0.8,0.7,6
435.26,1,0.4,329.17,0.8,0.7,18
50.65,1,1.219,-50.92,1.0,0.4,19
107.69,1,0.378,-25.27,1.0,0.0,17
369.98,0,1.778,216.09,0.2,0.0,5
227.62,0,0.114,-256.73,0.5,0.0,11
144.59,0,0.024,44.74,0.0,1.0,1
251.18,0,1.571,135.04,0.0,0.7,4
346.78,0,1.08,-9.36,0.8,0.4,23
225.14,0,0.714,90.54,0.2,1.0,7
72.02,0,0.643,20.64,0.8,0.4,5
256.44,0,0.083,76.36,0.8,0.0,15
175.7,1,0.526,-66.07,0.0,1.0,9
313.92,0,6.8,107.39,0.2,1.0,12
427.76,0,2.5,-55.82,0.5,0.4,1
457.16,1,0.517,399.44,0.2,1.0,19
279.36,0,0.417,-190.93,0.0,0.7,3
164.67,0,0.706,70.19,1.0,0.7,20
78.34,0,13.0,-402.38,0.0,0.4,1
390.98,0,1.062,40.18,1.0,0.4,16
51.52,0,0.941,-429.86,0.5,1.0,2
266.46,0,22.0,132.14,0.5,1.0,22
313.79,0,2.5,-19.19,1.0,0.7,1
331.08,0,0.806,-119.54,0.5,0.0,4
391.52,0,0.742,101.9,0.8,0.4,14
360.38,1,18.0,263.94,0.2,0.4,9
260.19,1,0.214,-30.55,0.0,0.0,19
373.29,0,1.241,223.96,0.2,0.4,0
165.41,0,2.333,-297.78,0.8,0.0,6
450.41,0,1.105,-1.49,0.0,0.7,6
92.08,1,5.0,-70.56,1.0,0.4,18
174.69,0,0.689,49.52,0.0,1.0,2
95.04,1,1.227,-181.63,0.2,0.7,18
207.03,1,0.622,-3.57,0.8,0.4,8
491.32,0,6.857,184.05,0.5,0.4,3
381.86,1,0.733,2.26,0.2,0.4,19
257.38,0,0.474,-90.37,0.2,0.4,22
460.51,1,0.17,318.64,0.5,1.0,18
425.13,0,9.0,303.55,0.8,0.0,4
289.86,0,8.0,-68.14,0.8,0.0,1
145.3,0,4.455,26.12,0.0,1.0,22
169.76,0,4.091,-114.36,1.0,0.7,13
289.78,0,0.282,-15.5,0.8,1.0,3
175.63,0,1.379,8.53,0.2,0.0,22
218.99,0,1.368,-71.96,0.0,0.0,13
153.38,0,2.25,-211.74,0.0,1.0,21
370.6,1,1.105,-46.92,0.0,0.4,17
158.22,1,1.667,85.38,1.0,0.0,19
87.61,0,0.972,-198.67,0.0,0.7,0
111.28,0,0.611,-18.96,0.8,1.0,2
364.45,0,0.6,274.23,0.2,1.0,7
335.23,1,0.596,249.16,0.5,1.0,19
496.74,0,2.444,294.78,0.0,0.0,7
360.9,0,1.163,-77.4,0.0,0.0,10
383.99,0,0.224,47.32,0.0,0.0,4
478.89,0,0.419,384.67,1.0,0.7,14
485.89,0,0.854,424.26,0.2,0.7,7
101.82,0,0.568,-359.6,0.5,0.7,1
295.6,0,1.833,179.03,1.0,1.0,15
459.61,0,0.941,375.14,0.2,0.7,3
191.35,0,13.333,-69.64,1.0,1.0,6
319.65,1,0.667,268.39,0.5,0.4,9
203.67,0,0.561,-8.99,1.0,0.7,13
219.97,0,0.385,114.65,0.8,0.4,6
495.8,0,2.2,279.5,0.0,0.7,13
218.9,0,0.297,150.06,0.0,1.0,23
158.18,0,1.929,-162.77,1.0,1.0,12
397.56,1,11.5,-2.82,1.0,0.4,8
170.51,1,1.25,99.37,0.0,1.0,18
450.59,0,4.25,-11.27,0.0,0.7,20
482.97,0,2.765,143.27,1.0,1.0,10
137.24,1,0.471,-235.94,0.2,0.0,9
119.69,1,1.125,40.2,0.8,0.7,17
307.14,1,0.324,-44.13,0.5,1.0,17
159.22,0,5.5,-79.69,0.2,0.7,1
243.9,1,1.382,147.06,0.5,0.0,17
181.23,0,0.12,-310.76,0.8,0.4,12
390.95,0,2.042,-48.87,0.0,0.4,2
354.09,1,0.319,151.12,0.2,0.7,8
350.9,0,23.5,89.48,0.5,1.0,7
309.07,0,0.576,-107.55,1.0,0.0,5
215.77,1,6.714,-84.47,1.0,0.4,17
487.61,1,0.468,228.05,0.0,0.7,9
337.59,0,0.432,-159.32,0.5,0.4,4
486.38,1,1.0,65.61,0.2,0.7,8
104.98,0,0.457,-272.82,0.2,0.0,14
319.93,0,0.152,33.13,0.0,0.0,14
316.99,0,0.812,-16.9,0.2,1.0,1
339.81,0,0.346,-159.94,0.0,1.0,15
480.29,1,9.4,17.13,1.0,1.0,18
92.89,1,0.84,-389.44,0.8,0.0,19
419.16,1,0.857,-79.61,0.0,0.0,8
100.41,0,1.852,-7.15,1.0,0.0,13
200.23,0,1.8,-136.35,0.8,0.7,10
103.87,0,0.487,-272.28,0.8,0.0,6
226.29,0,3.143,-98.09,0.5,0.4,12
321.66,0,0.25,-92.17,1.0,0.7,21
151.63,1,1.842,-77.02,0.8,0.7,9
390.43,0,4.222,157.15,0.2,0.4,4
277.63,0,1.0,194.55,0.8,0.7,6
84.54,0,0.815,-80.28,0.0,0.7,23
233.26,0,0.971,-152.96,0.5,0.0,1
471.02,0,0.5,228.12,0.0,0.0,4
241.93,1,5.333,-189.01,0.0,0.4,18
212.59,1,2.429,-16.43,1.0,0.0,8
119.3,0,0.08,-135.73,0.5,0.4,16
148.37,0,0.24,-305.5,0.5,0.0,16
132.53,0,0.917,-174.89,0.8,1.0,3
339.87,1,1.361,225.7,0.2,0.7,8
102.12,1,16.0,-84.68,1.0,0.0,18
137.33,1,0.58,-46.97,0.8,0.4,17
155.19,0,0.214,-63.25,0.0,0.0,11
253.19,0,1.792,-109.1,1.0,0.0,14
311.38,0,0.649,232.2,0.5,0.7,13
371.59,0,6.0,117.69,0.5,0.4,3
367.77,0,1.256,37.07,0.8,1.0,0
338.79,0,0.528,-52.98,0.8,0.0,6
290.87,0,1.9,76.09,0.8,0.4,10
96.32,0,0.595,36.75,1.0,0.7,23
478.98,0,3.077,28.24,0.0,0.4,11
113.58,0,0.38,-372.52,0.8,0.0,16
60.33,0,0.889,-240.73,0.2,1.0,12
393.71,0,0.267,-93.84,0.0,1.0,23
189.28,0,3.429,-285.08,0.2,0.4,3
321.08,0,1.0,108.27,0.2,0.4,23
57.87,0,0.735,-360.58,0.5,0.0,10
103.01,1,0.628,-11.1,1.0,1.0,17
412.06,0,0.056,9.23,0.8,0.7,5
245.37,0,4.4,75.65,1.0,1.0,15
233.12,0,1.087,150.36,0.2,0.0,15
94.21,0,1.107,-329.57,0.2,0.4,16
201.58,0,0.568,-264.14,0.0,0.7,7
229.4,0,2.778,112.37,1.0,0.7,11
454.55,0,0.439,19.96,0.2,1.0,7
52.93,1,15.0,-380.56,0.8,1.0,8
102.55,0,1.25,-388.29,0.8,0.4,23
137.0,1,0.14,-188.35,0.0,0.0,18
75.19,0,0.735,-266.54,0.0,0.7,11
436.03,0,7.8,241.4,0.8,1.0,16
138.15,1,1.206,-173.96,0.8,1.0,17
378.49,0,2.5,229.26,0.5,0.7,6
249.21,1,1.103,72.53,0.2,0.0,18
376.71,0,3.222,-16.62,0.8,0.4,12
58.76,1,0.391,-350.64,0.8,1.0,19
304.44,1,0.364,-165.18,0.0,0.7,17
353.58,1,0.765,185.32,0.2,0.4,8
90.13,1,2.0,-19.57,0.5,0.7,17
205.13,0,0.846,-277.33,0.0,1.0,5
54.79,0,0.2,-377.51,0.2,0.0,15
50.21,0,3.545,-50.47,0.8,0.4,1
109.56,0,2.048,-163.53,1.0,0.7,13
148.21,0,0.615,64.76,1.0,0.7,20
72.13,0,0.447,-410.43,1.0,0.7,10
182.31,1,0.385,112.96,0.0,1.0,17
156.43,0,4.75,14.23,0.5,0.0,12
98.73,0,0.886,-15.07,0.8,1.0,1
461.83,0,3.0,378.0,0.2,0.0,1
422.3,0,1.086,326.25,0.2,0.7,12
307.63,0,2.455,104.57,0.8,1.0,12
439.96,0,1.75,285.73,1.0,0.4,7
294.58,0,2.75,-203.58,0.8,0.0,23
387.62,1,0.405,-94.28,0.0,1.0,19
373.63,0,1.086,130.72,0.0,1.0,6
231.2,0,11.25,-240.99,0.2,1.0,14
437.05,0,5.0,380.09,0.0,1.0,14
346.51,0,1.667,219.59,0.2,0.7,22
88.79,0,4.0,-138.22,0.5,0.0,7
471.68,0,1.207,112.64,0.8,0.4,3
343.09,0,0.147,-128.59,0.0,0.4,23
486.01,1,1.423,96.28,0.0,0.7,9
324.03,1,0.7,144.07,1.0,0.0,9
432.89,0,3.0,23.62,1.0,0.4,12
488.75,1,1.25,169.55,0.5,0.7,18
447.12,0,0.45,245.15,1.0,0.0,21
206.05,0,0.316,-125.68,1.0,1.0,10
344.67,0,0.067,253.42,0.2,0.4,6
225.72,1,0.897,87.53,0.2,0.0,18
221.2,0,1.611,136.1,1.0,0.0,7
488.01,1,0.953,215.31,1.0,1.0,19
435.66,1,3.5,127.09,0.8,1.0,9
194.05,0,1.111,-115.51,0.8,0.0,5
356.7,0,1.667,306.41,0.2,0.4,5
171.2,0,0.089,107.75,0.5,1.0,2
199.34,0,1.175,-56.15,0.0,0.0,12
175.82,1,0.727,-117.98,0.5,0.7,8
470.4,0,1.417,243.47,1.0,1.0,22
421.91,0,0.391,96.79,0.2,0.4,2
289.72,0,0.205,-19.5,0.5,1.0,13
482.21,0,0.371,16.51,0.0,0.7,22
85.82,0,0.647,-270.42,0.5,0.4,6
375.09,1,2.227,-94.38,0.2,0.7,9
127.34,0,0.297,-348.39,0.2,0.4,13
401.76,1,0.872,185.24,0.2,0.0,19
216.15,0,1.769,154.6,0.8,0.7,15
57.03,0,1.714,-137.17,0.8,0.7,23
137.37,0,15.0,-195.29,0.0,0.0,11
267.91,1,0.795,196.81,1.0,0.7,19
407.05,0,0.889,318.35,0.5,0.4,21
196.36,1,3.333,-57.79,0.5,0.7,9
378.02,0,0.5,163.27,0.2,1.0,11
93.82,0,1.382,-315.64,0.8,0.7,15
169.59,0,0.05,-261.38,0.0,0.7,20
209.24,0,0.06,-46.24,1.0,0.0,10
262.8,0,1.118,185.74,0.2,1.0,4
108.4,0,0.75,-321.72,1.0,0.7,4
470.83,0,1.222,170.0,0.8,1.0,11
312.61,1,0.42,75.63,0.8,1.0,8
112.2,1,1.818,-255.55,1.0,0.7,8
293.61,0,2.389,90.82,1.0,1.0,16
428.71,0,0.457,249.1,1.0,0.4,1
485.44,0,5.0,69.85,0.8,0.7,11
447.12,0,9.0,377.83,0.5,0.7,14
341.3,0,0.395,186.86,0.2,0.4,7
440.82,0,0.381,359.66,0.0,0.7,20
284.8,1,10.333,-50.24,0.8,0.4,17
186.47,0,0.368,-246.53,1.0,1.0,16
497.8,0,0.95,227.02,0.8,0.4,6
404.97,0,0.707,31.26,0.5,1.0,4
108.38,0,48.0,-322.3,0.2,0.7,14
286.62,1,2.8,-125.8,0.2,0.0,17
426.35,0,0.692,319.52,1.0,0.4,1
187.19,0,0.024,95.52,0.8,0.0,14
236.92,1,2.125,-33.37,0.2,1.0,9
124.28,0,0.057,-137.97,1.0,0.0,6
404.12,0,2.5,-50.81,0.8,1.0,14
487.98,0,0.354,185.06,0.5,1.0,10
438.23,0,2.5,-35.73,0.5,0.4,11
417.5,0,0.182,-17.2,0.8,1.0,22
378.3,0,2.25,151.68,1.0,0.4,10
340.44,1,3.625,211.44,0.8,0.4,17
377.74,0,0.63,-88.87,1.0,0.4,3
127.64,1,1.75,-181.85,1.0,0.4,8
479.9,0,2.455,100.14,0.5,0.0,12
298.91,0,1.25,184.17,0.2,0.7,7
483.87,0,0.533,78.66,1.0,0.4,15
170.05,0,1.8,65.08,0.8,1.0,21
180.43,0,0.423,-293.42,1.0,0.7,0
414.84,1,0.459,16.12,1.0,0.0,8
421.19,1,0.744,-16.09,0.8,0.0,19
248.06,0,3.083,125.12,0.5,0.4,2
391.89,0,1.3,-67.91,0.0,0.4,4
112.22,0,2.19,-365.84,1.0,0.4,21
415.54,0,5.0,26.8,0.0,0.4,15
405.76,0,0.553,-32.58,1.0,0.4,0
169.39,0,1.0,-130.0,1.0,1.0,14
438.63,0,1.0,191.36,0.2,0.7,1
133.1,0,1.435,-203.74,0.8,0.0,11
140.9,0,16.667,-34.26,0.5,0.4,11
416.6,1,7.0,-18.23,1.0,0.7,19
206.1,1,6.0,-236.22,0.2,0.0,17
339.31,1,5.0,213.94,1.0,0.7,8
186.26,0,0.333,-78.83,1.0,0.4,15
460.24,0,3.077,150.79,0.8,0.0,15
274.94,0,1.158,-48.97,0.0,0.4,14
117.92,0,0.098,-0.38,0.2,0.4,1
482.05,0,0.978,247.5,0.2,0.0,7
385.71,0,0.78,295.55,0.0,1.0,3
460.98,0,0.778,392.15,1.0,0.0,3
204.32,0,0.191,-179.84,1.0,1.0,3
386.05,0,0.325,239.71,0.5,0.4,12
143.78,0,1.136,87.75,0.2,1.0,13
399.49,0,2.15,302.86,0.5,0.4,15
60.22,0,0.316,-241.05,0.8,0.4,2
349.22,0,0.027,-142.67,0.2,0.7,14
428.0,0,4.5,111.87,0.5,0.7,2
414.71,0,5.0,33.52,0.0,0.4,15
318.29,0,1.162,210.6,1.0,1.0,5
152.99,0,7.143,-101.19,0.2,0.7,10
297.36,1,1.217,4.52,0.8,0.7,9
430.85,0,0.643,264.14,0.0,0.4,11
468.58,0,0.323,228.47,0.5,0.4,4
272.69,0,0.417,195.55,1.0,0.0,11
483.8,0,1.0,239.75,1.0,0.0,6
106.92,1,1.667,-69.71,0.0,0.7,17
422.5,0,1.545,64.5,0.0,0.4,23
64.57,0,2.421,-11.82,0.0,0.7,21
461.39,1,0.865,123.46,0.5,1.0,17
216.9,0,8.0,-98.66,0.5,0.7,20
475.6,0,2.333,312.52,0.0,0.4,22
51.23,0,1.071,-18.63,0.0,0.0,23
143.25,0,2.667,-269.49,0.8,0.4,15
174.28,0,1.115,-300.16,0.8,0.4,5
294.97,0,11.333,12.39,0.5,1.0,0
63.72,0,0.263,-310.19,0.5,0.0,14
278.76,0,0.462,44.9,0.0,0.4,21
153.14,0,0.652,67.27,0.0,0.7,22
271.41,1,1.889,131.64,0.8,0.4,9
61.16,1,3.538,-243.15,0.2,0.7,9
209.9,0,0.773,-31.76,0.8,0.7,15
104.22,0,0.143,51.76,0.2,0.4,13
420.16,0,2.364,-43.6,0.8,0.7,23
420.44,0,0.929,334.92,1.0,0.0,1
364.76,0,1.778,101.01,0.0,0.0,14
241.5,0,0.963,51.73,0.5,0.0,1
72.76,1,0.625,-242.07,0.8,0.0,19
387.06,1,1.5,218.85,0.2,0.0,17
364.97,0,0.755,-3.41,0.5,0.0,2
498.87,0,0.372,419.27,0.2,0.0,12
275.83,0,1.026,-137.69,0.5,1.0,20
495.36,0,1.147,157.86,0.0,0.4,15
358.32,0,1.31,-57.83,0.8,0.7,12
479.95,0,1.08,363.15,0.8,0.7,7
306.96,0,1.032,145.25,0.2,0.7,0
381.64,1,0.857,-103.53,1.0,0.7,17
498.05,0,4.625,247.32,0.0,0.0,0
447.54,0,1.545,15.89,0.2,0.0,6
282.01,0,7.5,-136.91,1.0,0.4,4
74.72,0,0.222,-46.54,0.0,0.7,3
155.84,0,5.833,-202.12,1.0,1.0,10
489.21,0,1.333,6.08,1.0,0.7,14
416.89,0,16.5,-16.24,1.0,1.0,3
112.21,0,0.571,-278.81,0.8,0.7,6
467.2,0,0.688,160.21,0.8,0.7,23
127.66,0,0.029,-287.68,0.5,0.0,16
262.97,0,1.476,170.81,0.2,0.4,4
184.8,0,6.167,-46.65,0.0,0.4,7
417.71,0,0.727,246.02,0.2,1.0,20
258.51,0,3.3,-129.96,1.0,1.0,7
170.21,0,10.25,-144.77,0.2,0.0,6
240.59,0,0.158,31.02,0.0,1.0,13
129.66,0,2.625,-48.19,1.0,0.4,11
209.32,0,1.88,-191.24,0.8,1.0,6
70.33,0,0.463,-251.81,0.8,0.7,6
296.06,0,1.0,-78.1,1.0,1.0,11
280.27,0,0.621,162.01,0.8,0.0,21
95.99,0,1.636,-18.06,0.5,0.4,10
294.18,0,1.5,187.9,1.0,0.4,14
289.72,0,1.346,13.91,1.0,0.0,2
227.83,0,0.529,109.73,1.0,1.0,0
241.21,0,7.4,-89.25,0.0,0.0,12
499.42,0,0.357,398.59,0.2,0.7,14
338.04,0,1.256,214.58,0.2,1.0,23
263.8,1,1.071,30.37,0.0,0.7,19
463.26,1,5.333,268.71,1.0,0.0,8
423.53,0,0.44,363.66,0.2,0.7,10
273.02,1,2.45,105.04,1.0,0.0,18
64.2,0,0.5,-72.76,0.5,0.7,5
230.93,0,1.37,152.5,0.8,0.0,20
166.41,0,0.2,-125.8,1.0,0.0,0
51.28,0,0.745,-179.04,1.0,0.4,23
249.28,0,3.0,13.12,0.0,0.4,2
463.6,0,3.333,131.63,0.5,1.0,16
327.83,1,1.229,-133.98,1.0,1.0,9
248.16,0,1.111,-220.48,0.8,0.7,2
203.13,1,0.286,35.58,0.5,0.0,17
110.65,0,0.2,-208.95,0.2,0.0,5
497.61,1,1.613,336.73,0.8,0.0,19
263.52,0,1.6,23.4,0.0,0.4,13
397.08,0,0.714,-16.3,0.2,1.0,4
489.14,0,0.593,147.71,0.0,0.7,23
75.12,1,0.615,-193.36,0.0,0.0,17
307.58,0,1.0,-105.57,0.5,0.7,12
464.23,0,0.211,-35.16,0.5,1.0,12
72.5,0,1.185,-332.63,0.5,0.4,11
240.62,0,0.952,26.74,0.8,0.7,20
252.78,0,0.054,-226.07,0.5,0.4,7
63.0,0,0.846,-45.89,0.5,0.7,23
434.43,0,2.778,301.48,0.8,0.7,0
98.78,0,4.75,-235.9,1.0,0.7,23
362.66,0,4.0,8.79,0.2,0.4,0
182.35,0,1.2,-301.13,0.8,1.0,6
263.28,0,1.047,32.72,0.5,0.0,6
85.58,0,0.286,-90.84,0.0,0.0,21
290.03,0,1.941,7.35,0.8,0.0,5
56.76,0,1.4,-206.8,1.0,1.0,23
496.24,0,1.438,388.71,0.0,0.4,4
249.84,0,1.696,-153.68,0.0,0.7,4
233.85,0,0.196,65.45,0.2,1.0,20
99.91,0,0.213,-24.17,0.2,0.7,23
448.02,1,0.98,244.05,0.8,0.7,9
223.64,1,0.809,-165.01,0.0,1.0,8
125.96,0,0.561,-366.57,1.0,0.4,14
352.29,1,1.125,-10.33,0.2,0.7,17
490.98,0,0.49,320.22,0.0,1.0,15
215.34,0,0.476,-128.15,0.5,0.4,21
112.97,0,0.625,-24.13,0.8,0.7,21
381.42,1,0.816,-108.3,1.0,0.0,18
229.16,0,0.58,86.33,0.5,0.4,6
136.23,0,5.5,-288.44,1.0,1.0,10
453.98,0,2.2,244.85,0.0,0.0,16
483.04,1,1.56,61.02,0.5,0.7,17
64.94,1,3.154,-259.06,0.2,0.7,8
423.38,0,1.061,253.34,0.2,0.7,21
66.09,0,20.0,-398.28,0.0,0.0,16
263.38,1,0.897,84.41,0.0,1.0,8
164.35,0,0.667,-298.21,0.5,0.7,23
421.63,0,7.0,277.01,1.0,0.7,3
321.25,1,0.161,173.4,1.0,0.0,9
342.91,0,0.955,-116.75,0.5,0.4,5
116.19,1,4.875,-139.23,1.0,0.7,17
411.76,0,1.92,106.21,0.8,0.4,22
187.73,0,9.75,-305.65,0.8,0.4,4
427.89,0,0.389,71.43,0.5,1.0,15
437.83,0,0.5,-56.09,1.0,1.0,3
170.51,0,1.417,-286.54,1.0,0.4,21
284.66,0,2.636,127.44,0.0,0.4,12
297.37,0,0.977,233.83,0.2,0.4,2
465.87,0,1.03,95.61,1.0,0.4,12
70.15,1,1.25,-32.49,0.2,0.4,19
78.36,0,0.5,-206.55,0.8,1.0,6
459.52,1,2.667,180.95,1.0,1.0,17
55.04,0,3.125,-32.59,0.5,0.4,21
179.94,1,4.167,-282.83,0.2,0.7,17
338.52,0,2.625,250.25,1.0,0.0,20
402.37,0,0.667,7.47,1.0,0.4,1
233.9,0,1.05,-258.2,0.5,0.0,14
380.0,0,0.077,-117.56,0.8,1.0,4
417.82,0,0.042,242.29,0.5,1.0,23
58.8,0,0.227,-301.26,0.8,1.0,22
170.9,0,0.893,87.68,0.8,0.7,13
90.63,0,0.13,-337.7,0.2,0.7,15
195.77,0,0.829,-33.7,1.0,0.7,11
285.26,0,10.333,228.49,1.0,0.4,16
141.04,0,0.75,-158.24,0.8,1.0,7
256.6,0,0.641,199.66,0.2,1.0,0
453.97,0,1.059,149.38,0.8,1.0,21
63.79,1,0.208,-347.49,0.8,0.4,18
306.21,0,6.0,-147.35,0.0,0.4,6
109.72,1,0.333,-336.81,0.5,1.0,8
301.58,0,0.919,-141.13,0.8,0.0,5
434.65,0,0.167,42.18,1.0,0.7,3
212.54,0,0.167,-67.18,0.0,1.0,12
367.73,1,1.579,15.8,0.2,1.0,18
133.2,0,0.641,49.62,1.0,0.4,6
370.75,0,0.154,139.48,0.2,1.0,13
113.41,0,1.091,-360.95,0.5,0.0,21
446.74,0,0.087,-14.3,0.5,0.7,13
420.49,0,1.286,214.51,0.5,0.7,13
245.8,0,0.143,-31.81,0.0,0.4,7
423.73,0,0.75,54.09,0.0,0.0,0
148.8,1,1.577,-218.06,0.5,1.0,18
127.25,0,0.133,-295.03,0.5,1.0,15
463.79,0,3.0,138.83,0.5,0.0,11
284.08,0,0.188,-191.31,1.0,0.4,3
372.68,0,2.647,214.51,0.2,1.0,4
465.89,0,0.714,58.21,0.5,0.0,23
403.84,0,1.25,-70.5,0.0,0.0,5
488.63,0,1.542,163.94,0.8,0.0,0
133.67,0,0.286,47.28,0.0,0.7,2
419.37,1,7.25,308.1,0.0,0.0,17
317.14,0,0.179,-39.08,0.0,1.0,10
88.98,0,1.071,-187.9,0.5,0.7,3
414.83,0,1.267,301.45,1.0,1.0,4
307.89,1,1.056,-131.45,0.8,0.7,19
175.56,0,2.294,-86.94,0.0,1.0,2
406.86,1,0.15,125.26,0.2,1.0,9
87.19,0,0.571,-368.57,0.0,0.0,7
119.18,0,7.333,-279.43,1.0,1.0,14
80.92,0,3.667,-370.66,0.2,0.7,22
393.77,0,0.5,-26.97,0.5,0.4,12
232.53,0,8.5,59.68,1.0,1.0,6
251.51,0,1.714,-63.22,0.2,0.7,12
137.85,0,1.061,-48.79,0.2,0.7,1
486.07,0,0.61,302.01,0.2,0.0,16
250.48,0,5.5,0.53,0.5,0.0,23
328.94,0,0.828,120.34,0.5,1.0,6
132.25,0,0.378,-288.84,1.0,0.0,13
196.05,0,0.44,126.92,0.5,0.0,4
450.27,0,5.571,355.39,0.0,0.0,16
473.63,0,1.515,380.99,0.0,0.4,21
474.09,0,0.413,117.2,0.0,0.4,11
232.76,1,20.5,-96.68,0.2,0.7,9
357.16,0,7.5,-142.03,0.0,0.4,5
403.22,0,1.381,-51.82,0.5,0.0,20
391.8,1,0.407,26.96,0.0,0.0,17
146.57,0,0.364,-227.19,0.2,0.7,4
314.69,0,1.0,66.62,1.0,0.7,21
69.72,0,1.526,-355.92,0.0,1.0,16
258.66,0,1.444,-39.18,0.5,0.7,4
349.89,0,0.133,-73.27,0.0,0.0,1
329.92,0,0.432,-156.51,0.0,0.4,23
51.35,1,4.75,-155.34,0.0,0.4,19
325.21,0,0.091,-162.33,0.5,0.0,5
332.09,1,1.75,-127.35,0.2,0.7,18
481.93,1,3.333,270.3,0.2,0.7,8
115.93,1,1.682,-96.68,0.0,0.0,9
306.23,1,0.844,-3.69,0.0,1.0,19
76.46,0,0.778,-219.57,0.8,1.0,21
362.95,0,0.06,204.21,0.8,0.7,14
372.5,0,4.889,-107.89,0.2,0.7,21
483.43,0,0.844,264.69,0.2,0.0,13
256.31,0,0.812,-135.13,0.2,0.7,22
122.31,0,0.071,-84.26,0.0,0.0,21
190.9,1,0.56,82.4,0.8,0.4,18
291.76,0,0.233,159.06,0.0,0.4,14
400.59,0,0.822,252.11,0.2,0.7,16
56.86,0,1.4,-347.49,1.0,0.0,6
70.88,1,0.614,-89.05,1.0,1.0,8
56.28,0,1.062,-392.6,0.0,0.0,20
148.97,0,0.897,37.73,0.0,0.7,1
200.34,1,0.733,-244.07,1.0,1.0,8
89.48,0,3.083,-227.56,1.0,1.0,10
70.89,1,0.423,-408.07,0.2,1.0,17
448.13,1,12.0,334.47,0.5,0.7,9
165.13,0,2.4,-327.36,0.0,0.4,16
90.88,0,3.625,-114.03,0.2,0.4,20
52.75,0,1.361,-82.32,0.2,0.0,21
347.11,0,0.83,266.72,1.0,0.0,6
375.26,0,1.156,16.38,1.0,0.0,7
100.43,0,0.14,-146.01,1.0,0.7,13
86.7,0,1.0,-228.14,0.5,1.0,23
366.79,0,2.818,274.4,1.0,0.0,6
496.59,0,0.082,293.74,0.2,1.0,2
321.74,1,1.089,174.56,1.0,1.0,9
458.88,0,0.303,193.06,0.2,0.7,14
345.81,0,5.0,-152.13,0.2,0.4,1
123.13,1,1.581,48.84,1.0,0.4,19
107.36,0,0.543,-359.62,0.2,0.4,11
163.38,0,2.5,-11.46,0.8,0.7,4
109.26,1,0.298,-277.93,1.0,0.0,18
309.77,1,1.125,-59.97,0.0,0.4,19
55.87,0,0.854,-10.38,0.2,0.0,14
117.17,0,1.022,-316.4,0.2,1.0,11
362.95,0,2.556,266.49,0.5,0.4,0
108.79,1,1.02,16.7,0.5,0.0,17
138.67,0,0.654,-218.31,0.0,0.7,16
470.71,0,2.6,222.72,0.8,0.7,13
325.0,0,5.429,174.09,0.0,0.0,11
90.35,0,0.282,-266.84,0.0,1.0,14
68.39,0,0.641,-406.81,1.0,0.4,22
161.57,1,0.118,-322.84,1.0,0.7,17
226.35,0,1.6,108.47,0.0,0.4,0
56.3,1,0.844,-18.84,0.8,0.7,18
479.32,0,0.867,34.66,0.0,1.0,12
468.44,0,1.731,380.59,1.0,1.0,20
186.44,0,6.0,7.32,0.5,0.7,2
484.39,1,0.103,258.21,0.2,0.7,18
372.78,0,3.846,67.38,0.5,0.0,6
219.62,1,1.077,-34.51,0.2,0.4,17
446.93,0,0.321,344.07,0.5,0.4,12
349.46,0,0.519,-114.38,0.5,0.7,12
95.64,0,4.4,-185.97,1.0,0.0,5
477.11,0,1.5,159.76,1.0,0.0,10
116.38,0,1.481,-41.67,0.5,0.0,21
357.21,0,1.054,188.56,0.2,0.7,0
484.56,0,0.191,-10.64,0.8,0.4,12
214.1,1,10.75,57.97,0.2,0.7,9
158.4,0,0.067,72.99,0.5,1.0,20
491.06,0,0.083,320.88,0.8,1.0,0
170.85,1,0.841,-28.02,0.8,1.0,9
408.87,0,0.979,238.16,0.5,0.4,23
216.82,0,0.571,-45.66,0.5,1.0,14
399.61,1,1.205,177.57,0.0,1.0,19
85.59,0,2.0,-118.88,0.5,0.0,1
307.71,0,45.0,-158.67,1.0,0.7,13
133.41,0,0.273,-96.19,0.2,0.7,0
228.68,0,1.48,-201.23,0.2,0.0,23
441.55,0,0.033,267.27,0.2,0.7,11
169.56,0,4.75,-53.6,0.5,0.0,0
295.01,0,0.405,157.07,0.2,1.0,4
192.53,0,0.4,3.5,0.0,1.0,5
346.0,0,1.8,89.95,0.0,0.0,1
358.82,0,0.833,253.93,1.0,0.7,14
85.73,0,1.25,-292.72,0.8,0.0,2
120.39,1,0.857,-92.85,0.5,0.4,9
166.89,0,1.1,-262.97,0.8,0.0,13
339.27,1,2.462,215.65,0.0,1.0,17
150.15,0,4.8,-99.97,0.8,0.4,6
356.89,0,1.077,123.86,0.2,1.0,11
459.96,0,0.444,119.39,0.0,0.7,22
78.3,1,0.829,-389.11,0.5,0.7,17
492.84,0,0.791,426.48,0.2,1.0,16
107.61,0,0.255,-81.52,0.5,1.0,11
241.44,0,1.625,-80.46,0.2,0.0,23
288.09,1,1.885,-44.31,0.0,1.0,19
104.73,0,0.231,-115.41,0.5,0.7,5
399.0,1,0.294,269.8,0.0,0.4,9
435.18,1,1.146,32.34,0.5,0.4,8
208.51,0,0.6,-243.45,0.2,0.4,7
337.97,0,1.1,-58.92,0.8,0.4,3
452.13,0,3.077,130.6,0.2,0.0,15
361.04,0,0.774,-61.7,0.2,0.7,6
240.45,0,0.6,151.25,0.5,0.0,1
458.33,0,4.333,160.28,0.8,0.0,5
323.21,0,0.48,-81.35,0.0,0.4,14
94.4,1,8.333,-176.73,0.2,1.0,17
430.39,0,0.548,9.76,1.0,0.4,23
334.45,0,1.222,202.15,0.0,1.0,3
465.37,0,1.464,72.45,1.0,0.7,3
195.94,0,2.385,-193.25,0.2,0.4,16
492.11,0,0.311,378.37,0.2,0.0,0
323.34,1,0.143,159.15,0.2,0.7,19
304.73,0,0.896,-68.08,0.2,0.4,23
75.72,0,0.885,-56.65,1.0,0.7,14
72.19,1,0.571,-153.14,0.8,0.4,17
289.21,0,5.25,117.01,0.8,0.7,6
268.51,0,16.0,76.65,1.0,0.7,16
195.78,1,1.167,139.68,0.0,0.4,17
347.49,0,0.462,68.57,0.5,1.0,22
263.09,0,0.787,48.67,0.0,0.7,7
70.26,0,0.581,-123.03,1.0,0.0,22
80.28,1,0.953,-8.64,0.5,0.0,17
463.24,0,0.74,259.24,0.8,0.7,6
91.1,0,0.86,-283.3,1.0,0.4,0
296.2,1,0.724,85.21,0.2,0.0,8
58.17,0,0.111,-67.76,0.2,0.0,7
273.26,1,0.952,162.08,0.0,0.4,19
307.21,0,0.385,-81.14,0.8,1.0,16
341.27,0,0.946,108.58,1.0,1.0,4
241.86,0,0.455,-210.08,0.2,0.0,0
109.33,0,4.167,-234.09,0.0,1.0,22
483.73,1,1.216,193.09,0.8,1.0,17
471.19,0,0.39,-2.13,1.0,0.7,7
91.26,0,0.205,-305.22,0.5,0.7,15
352.45,0,0.061,-51.09,0.5,0.4,13
70.56,0,0.8,-33.91,0.0,0.7,15
268.83,0,2.174,48.67,0.5,1.0,22
369.93,1,31.0,319.39,0.8,1.0,18
295.14,0,1.0,-97.99,0.8,1.0,16
316.89,0,1.276,-148.62,0.0,1.0,11
241.98,1,1.087,-253.79,0.5,0.7,19
159.92,0,0.074,-31.71,0.2,1.0,16
382.6,0,0.079,-106.17,1.0,1.0,16
248.62,0,0.4,149.16,1.0,0.7,7
221.07,1,0.822,26.58,0.0,0.7,18
53.58,0,0.638,-162.02,0.0,0.4,15
236.09,0,0.367,93.22,0.5,0.4,15
180.49,0,0.525,-105.54,1.0,0.7,2
465.17,0,1.13,228.89,0.8,0.4,14
167.78,1,0.449,-287.73,0.5,0.4,19
403.5,1,2.706,-2.77,0.5,0.0,19
315.09,0,0.949,-73.75,0.2,0.7,16
178.29,1,1.31,-130.42,0.5,1.0,18
391.58,0,0.059,-34.97,1.0,0.4,11
316.99,0,3.75,41.76,0.2,1.0,22
351.05,1,0.378,61.12,1.0,0.7,17
96.63,0,1.455,43.04,1.0,1.0,1
128.0,0,0.089,-309.19,0.0,1.0,1
206.49,0,0.588,27.31,0.8,0.7,3
109.36,0,0.816,-290.63,0.0,0.4,20
175.16,0,0.15,-69.62,0.5,1.0,23
324.92,0,0.213,19.96,0.0,0.4,16
111.36,0,3.286,9.7,0.8,0.7,23
368.14,0,0.676,141.92,0.5,0.7,15
483.73,0,1.419,183.81,0.8,0.0,13
474.97,0,2.857,307.48,0.5,0.7,13
197.27,0,0.378,-27.28,0.0,0.0,12
216.94,0,0.972,-231.32,0.5,0.4,11
469.75,0,2.455,86.36,0.0,0.4,1
181.74,0,0.667,12.43,0.2,0.0,2
348.48,0,1.333,-22.91,0.8,1.0,14
298.48,0,0.667,-157.24,0.5,0.4,23
388.97,0,0.72,-92.7,0.2,0.0,22
247.17,0,1.344,68.45,0.8,0.7,15
143.53,0,0.15,-49.81,0.2,0.4,23
123.52,1,6.0,-293.26,1.0,0.7,9
131.53,0,1.182,-256.69,0.2,0.4,11
497.31,1,0.265,166.69,0.2,0.0,9
198.59,0,0.222,-109.54,0.0,0.4,4
59.88,0,0.067,-78.89,0.8,1.0,15
361.52,0,0.106,9.87,0.8,1.0,13
435.16,0,0.034,321.26,0.8,0.7,10
454.39,0,1.312,378.89,0.5,0.7,15
473.7,1,0.667,345.83,0.2,0.7,9
63.07,0,0.688,-108.81,0.2,0.0,5
256.3,0,1.842,-219.65,1.0,0.0,12
123.37,0,0.652,-0.16,0.2,0.7,1
247.71,0,6.0,-197.69,0.8,0.7,16
378.34,0,1.167,-102.96,0.8,1.0,13
97.64,1,0.63,-306.36,1.0,0.4,19
211.89,1,0.16,-81.84,1.0,1.0,18
333.02,0,1.419,130.25,0.0,0.4,15
68.05,0,0.538,-412.05,0.5,1.0,22
176.79,0,1.4,12.16,1.0,0.4,6
332.24,1,2.0,79.12,0.0,0.4,17
88.68,0,1.5,17.46,1.0,1.0,1
363.6,0,0.188,-128.53,1.0,1.0,4
351.32,0,10.0,-99.56,0.0,1.0,7
362.11,1,1.684,-46.96,0.2,0.4,17
487.23,1,0.184,159.47,0.5,0.4,8
448.59,0,0.438,54.65,0.8,0.0,1
457.39,1,1.2,-18.02,0.5,0.4,17
131.8,0,1.2,72.14,0.5,0.4,15
129.27,0,0.32,-226.34,0.5,1.0,6
381.17,1,0.271,19.61,0.2,0.4,9
249.27,0,0.95,-207.91,0.0,0.7,2
278.86,0,1.062,-32.19,0.5,0.0,3
412.0,0,15.0,357.35,0.5,1.0,14
82.12,1,1.913,-312.62,0.5,0.4,17
165.82,0,0.906,-200.08,0.2,1.0,22
144.14,0,0.953,-332.29,1.0,0.7,2
133.24,0,0.833,-331.34,0.8,0.7,6
305.26,0,0.478,247.37,0.0,1.0,0
113.79,0,5.833,-208.27,0.0,0.7,16
117.91,0,4.273,-60.72,0.0,0.7,10
118.24,0,4.667,-74.75,1.0,1.0,15
258.47,0,1.75,-115.62,0.2,1.0,2
183.5,0,0.851,-210.28,0.2,0.0,12
200.85,0,5.0,34.21,1.0,0.0,23
202.84,0,1.194,65.3,0.0,0.4,4
433.1,0,0.714,363.48,1.0,0.4,16
418.51,0,2.2,330.84,0.2,0.0,1
387.13,1,0.208,107.02,0.0,0.7,19
294.55,0,0.357,3.45,0.8,0.7,0
312.28,1,0.143,23.4,0.5,0.0,8
387.53,0,1.0,-39.2,0.0,0.0,10
467.63,0,0.324,5.63,0.8,1.0,16
160.05,1,1.097,-31.11,0.5,1.0,17
475.58,0,1.368,245.9,0.5,0.0,13
108.19,0,0.596,-75.1,0.2,0.0,5
468.57,0,0.217,54.67,0.2,0.0,4
187.54,0,6.0,108.76,0.5,0.4,2
147.63,0,0.486,-340.03,0.5,1.0,6
437.84,1,0.74,-1.79,0.0,1.0,19
421.42,0,2.9,188.61,1.0,0.7,10
93.44,0,1.324,-28.96,0.2,0.0,20
75.66,0,18.0,-368.17,0.8,1.0,21
385.31,0,1.067,17.51,0.0,0.0,3
122.58,0,0.271,-78.92,1.0,1.0,15
194.79,0,7.0,123.9,0.2,0.7,13
297.42,1,2.125,246.56,0.5,0.4,18
346.99,1,3.636,42.94,1.0,0.0,8
290.29,0,1.115,45.8,0.8,1.0,13
429.73,0,1.25,-67.09,0.2,1.0,12
416.55,0,1.0,183.17,0.0,0.7,23
483.56,0,0.195,22.69,0.8,0.4,14
161.52,0,4.286,-136.95,0.0,0.0,0
348.72,0,1.3,-57.28,0.2,0.4,13
94.62,0,3.9,-198.63,1.0,0.4,0
381.73,0,0.4,3.98,0.0,1.0,4
381.33,0,0.939,16.19,0.8,1.0,22
342.79,0,3.571,102.67,0.5,0.4,5
285.19,0,1.171,-150.15,0.5,0.4,23
260.19,0,4.444,10.12,0.8,0.0,20
99.8,0,0.733,-386.67,0.8,0.4,13
207.47,0,2.25,-66.4,0.0,0.4,22
215.89,0,1.04,-263.11,0.8,1.0,5
308.64,0,1.739,216.25,0.5,1.0,5
278.25,0,0.5,-26.23,0.2,0.7,2
172.77,0,0.385,-73.05,0.0,1.0,14
310.7,0,2.222,-12.82,0.8,0.7,16
394.17,0,3.1,158.77,1.0,0.7,1
308.34,0,1.69,79.98,0.0,0.0,10
188.15,1,1.3,-167.72,0.5,0.7,9
177.9,0,1.081,3.79,1.0,0.4,10
100.65,0,1.65,-157.27,0.5,1.0,13
142.82,0,1.864,-237.06,1.0,0.0,3
312.93,0,0.38,250.35,0.5,0.7,21
348.3,0,3.545,66.65,0.8,0.0,1
426.06,0,1.375,-67.9,0.2,1.0,2
228.52,0,10.0,48.07,1.0,0.0,3
171.75,0,2.917,-253.35,0.5,0.0,15
444.77,1,0.028,136.86,0.2,0.0,18
350.04,0,1.55,56.65,0.2,1.0,22
299.0,0,6.857,61.8,0.2,0.0,4
461.84,0,1.208,390.58,0.2,0.0,22
225.67,0,0.489,-129.8,0.0,0.7,2
460.02,0,7.0,-17.62,0.8,0.7,23
395.26,0,2.118,259.05,0.8,0.7,11
73.3,0,0.784,-319.23,0.0,0.0,11
236.5,0,2.818,-102.73,0.0,0.0,12
141.82,1,0.837,-75.74,0.0,0.0,18
186.36,0,0.947,-299.66,0.2,0.0,23
349.37,1,1.722,-130.24,1.0,1.0,17
473.0,1,0.55,252.98,0.2,0.0,8
318.81,0,0.575,-123.7,0.2,0.7,1
132.91,0,4.167,-301.89,0.0,0.0,14
469.34,0,1.143,127.96,0.5,1.0,2
188.29,0,0.531,-267.05,0.5,0.7,11
318.78,0,0.875,-1.57,0.5,0.4,0
151.35,0,0.429,98.6,0.0,0.4,15
206.46,0,0.468,110.73,1.0,0.0,11
227.47,0,3.0,-118.82,0.0,0.0,12
156.57,1,1.613,-243.89,0.2,1.0,18
397.58,0,0.393,106.35,1.0,0.4,14
194.44,0,0.639,-159.36,1.0,0.7,5
350.87,0,0.316,224.23,0.5,0.4,22
232.74,0,3.0,-257.13,0.5,1.0,6
251.88,1,6.667,177.25,0.0,0.0,17
91.74,0,0.513,-159.97,0.5,0.7,20
214.75,0,0.306,68.08,0.2,0.7,21
384.51,0,0.723,5.0,0.0,1.0,23
185.13,0,0.605,-227.47,1.0,1.0,15
431.33,1,0.895,109.96,0.0,0.7,17
290.44,0,0.97,140.43,0.0,0.4,10
359.77,0,1.2,201.93,1.0,0.4,22
263.5,0,0.091,-27.23,0.2,0.0,16
294.49,0,0.387,156.16,0.5,1.0,1
78.17,0,0.477,-53.52,0.8,0.7,14
145.72,0,0.488,-51.63,0.2,1.0,4
280.35,1,0.571,-158.21,0.5,1.0,9
181.64,0,2.385,-259.57,0.8,0.0,21
384.04,0,1.069,-86.04,1.0,1.0,4
151.02,0,0.25,-265.11,0.2,0.7,13
167.9,0,1.464,-289.82,0.0,0.0,0
71.7,0,0.375,-246.31,0.5,1.0,1
289.08,0,18.5,133.8,0.5,0.4,3
293.14,0,7.667,58.82,1.0,0.7,15
182.66,0,0.262,8.04,1.0,0.7,10
326.78,0,1.14,70.76,0.5,1.0,6
420.75,0,1.5,-29.67,0.5,0.7,3
475.45,0,3.778,91.6,1.0,0.0,11
248.5,0,2.0,-64.21,1.0,0.0,6
293.2,1,0.588,-44.48,0.8,0.0,17
387.78,1,0.045,99.68,0.5,0.7,19
241.45,0,1.286,-150.8,0.2,1.0,3
132.0,1,1.167,-15.94,0.0,0.4,17
388.39,0,1.5,-43.62,0.0,0.0,4
493.73,1,0.4,222.47,1.0,0.0,18
55.11,0,0.595,-364.37,1.0,0.4,4
309.69,0,0.967,93.01,0.2,1.0,7
149.46,0,2.714,-255.73,0.0,0.7,0
387.89,0,0.943,-1.65,0.8,0.0,21
106.94,1,1.615,-120.61,0.0,0.0,9
85.92,0,0.421,-75.96,1.0,0.4,14
110.48,0,1.55,-329.28,0.5,0.0,15
69.02,0,1.679,-7.56,1.0,0.7,2
372.73,0,0.212,303.51,0.5,0.0,10
371.59,1,1.429,228.63,0.0,0.7,8
142.54,0,1.062,-248.35,0.2,1.0,14
206.91,1,0.311,-167.37,0.8,0.4,18
409.32,0,1.438,332.16,0.0,0.7,5
428.7,1,0.429,185.11,0.5,0.7,19
88.68,0,2.688,-111.76,0.8,1.0,0
305.64,0,1.188,94.96,0.0,0.0,5
226.8,0,1.188,-128.68,0.0,0.4,13
268.77,0,0.516,13.15,0.2,1.0,14
52.11,1,0.926,-409.24,0.5,0.4,8
413.26,0,0.24,247.87,0.8,0.0,14
499.63,0,0.175,241.81,0.5,0.4,7
463.57,1,0.854,229.25,0.5,0.0,19
135.01,0,2.667,-167.09,0.0,0.4,3
168.83,0,14.0,-100.14,0.2,1.0,13
168.48,0,4.714,1.86,0.5,1.0,5
310.56,0,0.694,-5.83,0.2,0.0,10
408.78,0,0.73,170.5,0.8,0.7,12
437.12,0,1.14,105.11,0.0,0.4,0
393.59,0,0.943,218.39,1.0,1.0,6
482.41,0,0.429,382.06,0.2,0.7,20
111.1,0,1.6,-159.83,0.8,0.7,21
485.53,0,0.048,72.81,1.0,0.0,4
427.61,0,1.96,8.27,0.0,0.4,0
276.74,0,0.368,-8.48,0.0,1.0,2
249.43,0,1.161,-136.91,1.0,0.4,3
232.12,0,1.071,-160.32,0.8,0.0,22
372.86,0,0.467,50.59,1.0,0.0,0
421.66,0,0.394,-21.35,0.0,0.4,4
109.96,0,0.346,-59.07,0.2,0.0,22
431.32,0,0.119,-6.74,0.2,0.0,3
343.57,1,0.064,90.98,0.2,0.0,8
79.83,1,2.722,4.36,0.8,0.7,17
121.8,1,2.643,-95.25,0.2,0.0,9
371.56,0,1.29,182.26,0.2,0.4,11
478.45,0,0.514,415.78,1.0,1.0,1
492.33,0,1.92,52.83,1.0,1.0,4
217.94,0,1.0,-278.4,0.5,0.4,21
169.26,0,19.0,-281.27,0.2,0.4,15
290.11,0,1.0,-39.73,0.0,0.4,23
244.23,0,0.735,-115.16,0.2,0.0,13
295.77,0,0.1,43.88,0.2,0.0,0
64.31,0,16.667,-136.54,0.2,1.0,2
81.54,0,5.222,-130.64,0.8,0.0,21
264.11,1,0.733,73.27,0.0,0.0,17
200.09,1,1.778,-208.98,0.0,0.0,19
257.67,0,0.35,122.39,0.0,1.0,4
99.12,0,1.833,-194.12,0.8,0.0,3
448.07,0,1.065,103.28,0.8,0.4,21
411.92,0,4.0,247.67,0.5,1.0,14
306.27,0,4.0,10.05,0.0,1.0,5
187.88,0,1.765,-45.3,0.2,0.4,15
435.57,0,1.053,-33.23,0.2,0.4,23
341.58,0,1.667,284.65,0.5,0.4,6
389.9,0,2.111,276.04,0.0,0.7,0
409.03,0,1.655,145.52,0.2,1.0,15
353.48,0,0.143,114.18,0.5,0.7,4
261.65,0,1.667,176.14,0.8,0.7,5
486.73,1,18.0,132.02,0.5,0.7,19
293.02,0,0.605,192.64,0.0,0.4,4
350.34,0,0.189,156.49,1.0,0.0,6
446.38,0,0.8,-50.64,0.5,1.0,13
242.58,0,0.861,-202.88,1.0,1.0,5
220.72,1,0.467,144.27,0.0,0.7,9
60.64,1,1.765,-326.5,0.8,0.0,9
64.64,0,0.216,-116.57,1.0,0.4,23
69.63,0,1.4,-162.02,1.0,0.4,0
331.4,0,0.83,-93.72,0.5,0.4,10
279.44,0,1.944,107.75,0.0,0.4,2
484.46,1,0.405,249.86,0.5,1.0,17
435.06,0,0.217,309.38,0.2,0.4,2
358.84,0,1.469,-25.3,0.0,0.7,20
392.61,0,0.071,341.72,0.0,0.0,20
161.9,0,1.36,-19.36,0.8,1.0,0
325.48,1,4.75,273.97,1.0,0.0,18
232.79,1,2.125,181.6,1.0,0.0,19
383.62,1,0.755,265.1,0.2,0.4,9
470.22,0,2.462,86.25,1.0,1.0,10
70.13,1,1.15,16.12,0.5,0.7,8
241.37,0,0.167,-258.62,0.8,0.4,2
464.61,0,2.0,47.44,1.0,0.7,12
245.55,0,0.938,-205.09,0.2,1.0,6
447.07,0,0.206,253.82,1.0,0.7,14
275.56,0,0.773,-116.09,0.5,0.4,3
166.9,1,0.317,-264.64,0.0,0.0,18
393.19,0,0.667,218.21,0.8,0.0,3
474.55,1,0.84,151.31,0.5,0.7,19
438.45,0,2.556,194.08,0.2,0.0,2
112.08,0,0.111,-334.48,0.0,0.4,12
459.61,1,1.429,99.69,0.2,0.4,9
251.03,0,0.455,-214.07,0.5,0.0,5
65.16,0,2.6,-140.83,0.0,1.0,22
457.18,1,2.143,196.77,0.5,0.4,8
477.97,0,1.818,327.95,0.8,0.0,0
121.76,0,3.167,29.14,1.0,0.4,14
98.23,0,2.045,-4.06,0.8,0.0,14
488.55,0,0.293,282.87,0.0,0.7,5
447.52,0,3.25,370.15,1.0,0.4,20
241.91,0,0.235,181.32,0.0,0.4,16
114.5,0,0.471,25.5,0.0,0.4,13
380.75,0,0.243,-85.6,0.8,0.0,20
63.21,1,0.667,-393.79,1.0,0.7,17
243.22,1,0.667,-144.92,0.2,0.7,9
70.7,1,0.532,-373.19,0.2,0.4,18
433.46,0,1.8,248.53,0.0,0.0,4
156.47,0,0.273,-58.21,0.2,0.7,0
155.7,0,0.588,-145.55,0.8,0.0,2
126.08,0,0.771,-347.01,0.0,0.4,0
227.41,1,3.583,-266.68,1.0,1.0,17
470.73,0,1.84,1.38,0.8,0.4,23
480.38,0,3.6,150.75,0.8,1.0,2
435.32,1,0.879,264.02,1.0,0.7,17
348.08,0,5.0,37.9,0.2,0.7,10
488.74,0,0.111,389.76,1.0,0.7,5
497.04,0,1.194,8.94,0.2,0.4,6
188.42,0,1.286,0.16,0.8,1.0,22
117.87,1,1.25,-83.46,0.8,0.7,18
210.33,0,0.98,-0.28,1.0,0.4,5
360.93,0,0.605,-49.53,0.0,0.0,14
325.61,0,0.935,-72.74,1.0,0.0,10
162.08,0,0.333,-273.65,0.8,0.4,21
354.73,0,0.682,-50.3,1.0,0.4,21
282.57,0,0.147,-31.44,0.8,0.0,22
439.78,1,1.529,381.55,0.0,0.0,19
122.45,0,2.0,-322.72,0.5,0.4,0
87.02,0,2.667,-289.77,0.2,0.0,0
72.93,1,1.769,-252.16,1.0,1.0,9
114.02,0,0.5,-257.07,1.0,1.0,23
123.42,0,0.308,-376.36,0.2,0.0,16
422.63,0,0.806,92.33,0.0,0.0,15
472.26,0,6.0,327.82,0.8,0.0,21
360.44,0,0.143,-25.95,1.0,1.0,10
236.72,0,1.167,-164.58,0.0,1.0,15
357.68,1,2.13,30.1,0.0,0.7,19
178.2,0,0.905,-311.98,0.8,0.7,14
104.22,0,0.024,-38.49,0.8,0.7,11
124.54,0,0.647,20.82,0.8,0.4,23
440.25,0,0.773,190.61,0.0,1.0,6
319.43,0,1.667,244.12,0.2,1.0,14
242.04,1,3.857,-56.6,1.0,0.0,18
108.4,0,3.1,-32.86,1.0,1.0,22
398.7,0,0.969,107.74,0.8,0.7,3
445.24,0,0.103,143.39,0.0,0.0,5
56.72,1,0.528,-318.54,1.0,0.7,18
64.17,0,0.909,-62.2,0.5,0.7,3
145.98,1,5.556,-81.89,0.2,0.4,17
67.12,0,0.684,-429.87,1.0,1.0,14
166.81,0,0.767,-183.06,0.0,1.0,12
210.43,0,1.0,-36.19,0.0,0.4,4
386.86,0,0.533,-58.0,0.2,0.0,12
101.95,0,0.083,-131.01,0.5,0.4,10
266.15,0,5.0,211.81,0.2,0.7,13
395.08,0,1.235,-56.67,0.2,0.7,12
362.68,0,0.938,33.68,0.2,0.4,12
276.53,0,1.842,127.35,0.0,0.7,1
320.31,0,1.714,-93.96,0.0,0.7,23
95.42,0,0.3,-364.8,0.8,1.0,6
413.39,0,0.49,115.87,0.8,0.7,23
153.99,0,2.875,-286.49,1.0,0.7,14
90.82,0,0.556,39.41,0.0,0.0,12
239.28,1,0.562,-156.64,0.2,1.0,18
434.99,0,1.357,329.96,0.8,0.4,13
385.01,0,1.048,-76.47,0.0,0.4,2
457.62,0,10.0,-0.8,0.5,0.0,14
217.45,1,0.395,-85.8,1.0,0.0,17
119.64,0,1.412,-314.7,0.0,1.0,3
222.51,1,0.319,103.43,0.5,1.0,18
397.27,0,2.0,156.99,0.8,1.0,22
79.1,0,0.13,-16.69,0.8,0.4,5
105.13,1,1.1,-117.79,0.5,1.0,9
153.45,0,0.857,-195.61,0.0,0.4,21
188.1,0,1.524,35.38,0.0,0.4,12
428.24,0,3.8,151.78,0.5,1.0,15
72.41,1,0.48,-230.77,0.5,0.7,8
287.63,0,0.591,-203.94,0.8,0.4,6
498.66,1,1.7,246.75,0.8,0.7,9
343.72,0,0.034,123.96,0.2,0.4,6
142.94,0,0.109,-59.28,1.0,1.0,11
112.26,0,0.6,-209.42,0.2,1.0,1
323.32,1,1.065,90.42,0.0,0.7,17
316.09,0,1.308,160.9,0.0,0.7,1
166.87,0,3.125,-39.21,0.0,0.4,15
238.15,1,0.351,150.44,0.5,1.0,17
53.98,1,0.34,-82.35,0.5,1.0,19
263.16,0,0.083,-54.76,0.8,1.0,2
164.61,0,0.957,-81.74,0.0,0.0,20
116.22,0,2.0,-15.2,0.2,1.0,13
377.89,0,0.3,246.77,0.2,0.4,5
96.48,0,0.323,-296.23,0.8,0.7,12
323.04,0,1.143,-162.88,0.0,1.0,20
182.54,0,0.08,-145.01,1.0,0.7,10
426.72,0,1.056,194.85,1.0,0.4,20
473.0,0,2.0,47.0,1.0,0.0,22
134.23,0,3.167,-320.09,0.8,0.0,2
355.37,1,1.5,184.48,0.0,0.0,8
440.76,0,17.5,188.0,0.0,0.4,11
250.54,1,2.0,-149.8,0.5,0.0,19
139.23,0,0.5,6.09,0.8,0.4,16
309.91,0,0.72,-123.86,0.8,0.4,12
244.95,0,0.621,86.2,1.0,0.0,15
64.63,0,0.405,-164.33,0.5,0.7,6
327.1,0,0.478,1.36,1.0,0.7,21
148.54,0,1.154,-173.58,0.2,1.0,0
271.97,0,0.224,-21.44,0.0,0.4,16
149.99,1,0.32,-193.51,0.5,1.0,9
373.34,0,0.321,119.69,0.5,0.4,12
340.03,0,0.306,129.88,0.2,1.0,16
331.97,1,0.833,113.83,0.8,0.0,18
185.61,0,1.25,134.35,0.8,0.7,5
126.34,0,13.5,-169.2,0.0,0.4,15
133.78,0,0.273,48.79,0.5,0.7,2
175.77,0,13.333,-118.23,0.0,0.4,0
480.7,0,0.478,319.43,0.2,0.0,12
80.26,0,0.696,-39.02,0.5,0.7,11
328.19,0,0.5,-50.03,0.5,0.7,21
453.86,0,1.045,302.14,0.8,0.7,12
137.14,0,0.35,-261.95,0.2,0.4,23
463.61,0,0.615,147.17,0.2,0.0,21
303.95,0,0.087,-79.24,0.2,0.0,7
171.6,1,0.367,48.84,1.0,0.0,8
388.11,0,2.273,161.34,1.0,0.4,15
159.23,0,0.8,-114.16,0.2,0.0,0
314.6,0,1.5,139.57,0.0,0.0,20
398.69,0,0.308,228.0,0.0,0.4,0
493.69,1,0.55,399.68,0.2,0.4,19
366.35,0,5.8,271.41,0.5,0.4,0
474.87,1,2.889,40.13,0.5,1.0,19
433.87,0,0.233,100.57,0.8,0.7,22
365.55,0,0.7,-85.11,0.8,0.0,23
61.9,0,3.333,-245.09,0.2,0.7,2
77.49,0,0.5,-47.31,0.0,0.0,14
437.03,0,3.0,227.45,0.5,0.0,3
397.35,0,0.298,302.18,0.0,0.7,3
282.84,1,10.75,34.11,1.0,1.0,18
259.76,0,0.529,-228.46,0.5,0.7,20
275.77,0,1.667,119.45,0.5,0.7,1
315.82,1,4.375,-65.36,0.0,0.7,9
68.65,1,0.969,-203.07,0.8,0.4,18
126.57,0,0.327,-188.74,1.0,1.0,13
442.67,0,0.304,-31.57,0.2,0.7,6
349.48,0,1.314,-132.54,0.5,0.0,11
276.56,0,0.537,-126.41,1.0,0.4,13
487.7,0,3.182,293.41,0.8,1.0,12
58.1,1,2.167,-220.46,0.8,1.0,9
400.51,0,1.132,187.42,0.2,0.7,16
403.58,0,4.0,177.27,1.0,0.4,2
53.88,1,0.522,-43.95,0.2,0.7,9
232.58,0,1.049,-158.04,0.5,1.0,3
134.92,0,1.333,-257.3,0.2,0.0,13
160.56,1,1.0,-12.53,0.5,0.4,17
322.47,0,1.0,-22.34,0.8,0.4,15
110.47,0,9.667,-118.86,0.5,0.7,0
243.64,0,1.583,110.34,0.8,0.7,21
372.73,0,1.5,46.19,0.0,0.0,11
216.83,0,0.938,76.47,1.0,0.4,13
426.36,0,0.55,334.22,1.0,0.4,23
71.05,1,0.022,-413.24,1.0,0.4,19
66.77,0,0.744,-163.22,0.8,0.0,10
423.93,0,1.778,349.23,0.8,0.4,5
368.92,0,1.357,-2.03,0.5,0.0,10
152.72,0,1.762,24.66,0.5,1.0,14
346.57,1,1.036,-89.26,0.0,0.4,18
55.59,0,3.375,-416.0,1.0,0.7,0
484.25,1,7.667,299.4,0.2,0.0,9
454.97,0,1.278,275.5,0.2,1.0,12
346.32,0,0.968,121.56,0.5,1.0,13
239.9,1,16.333,-121.75,0.5,0.7,9
418.46,0,13.333,-27.54,0.0,1.0,23
280.22,1,3.143,31.6,0.0,1.0,9
134.95,0,1.081,-49.95,0.2,0.0,10
148.64,0,0.528,-39.8,0.5,0.0,15
170.9,0,0.733,-71.88,0.5,0.4,4
164.99,0,0.676,-141.63,0.0,0.4,3
291.23,1,0.38,-94.18,0.8,0.4,17
68.66,0,0.973,-291.04,0.2,0.4,20
367.74,0,0.596,289.29,0.0,0.0,13
275.39,0,1.467,73.64,0.5,1.0,6
91.12,0,1.5,-285.63,0.2,0.7,2
425.85,0,19.5,361.22,0.2,1.0,5
352.38,1,0.294,279.92,0.8,1.0,17
149.96,0,0.368,-127.37,1.0,0.7,16
73.05,0,0.467,-304.43,0.0,1.0,11
165.38,0,0.852,-70.96,0.8,0.4,22
155.23,1,0.51,-143.82,0.0,0.7,19
89.21,1,0.444,-128.54,1.0,0.0,8
263.92,1,0.345,-99.18,1.0,0.0,18
188.63,0,1.471,120.18,0.8,1.0,22
213.5,0,1.188,-175.3,0.8,0.0,1
367.65,0,0.2,117.76,0.8,0.4,13
267.37,0,0.077,19.36,0.2,0.0,23
406.16,0,0.689,-50.98,1.0,0.4,3
239.28,1,4.0,-210.25,0.8,0.7,9
396.99,0,20.0,143.54,1.0,1.0,20
391.97,0,0.424,37.66,0.0,1.0,22
307.69,1,3.5,165.73,0.2,1.0,9
429.73,1,0.042,20.26,0.5,0.0,17
306.95,0,2.05,194.4,0.0,1.0,10
435.4,0,0.405,195.24,0.0,1.0,15
63.38,1,1.621,-162.46,0.2,0.0,9
393.35,1,0.192,83.3,0.0,1.0,8
129.79,0,1.0,-296.85,1.0,0.0,13
468.72,0,1.057,197.98,1.0,0.4,16
484.6,0,2.143,88.34,0.2,1.0,13
461.49,0,0.625,408.76,0.8,0.7,4
232.35,0,1.545,50.98,0.0,0.4,10
291.0,1,1.184,-188.16,0.2,0.0,9
480.94,0,3.125,294.82,1.0,0.0,12
398.79,1,0.826,74.07,0.8,1.0,8
130.83,0,0.641,-196.79,1.0,1.0,12
166.31,0,0.042,-156.96,0.2,0.7,16
384.12,0,1.091,209.05,0.2,0.0,7
355.23,0,0.222,-27.94,0.8,0.0,2
437.01,0,0.939,384.5,0.8,0.7,10
101.25,0,0.341,-346.11,1.0,0.0,10
432.91,0,0.595,-14.21,1.0,0.4,6
197.86,1,5.5,57.99,0.8,0.0,9
471.61,0,7.75,-18.19,0.8,0.7,22
141.61,0,7.25,-139.32,1.0,0.0,16
254.42,0,8.2,23.47,1.0,0.4,3
128.23,0,0.75,-313.32,0.5,0.7,20
475.94,1,0.429,128.71,0.0,1.0,9
346.9,1,1.03,-137.77,1.0,0.4,9
334.11,0,1.4,244.14,0.8,0.0,7
100.55,0,0.864,-219.38,0.8,0.0,4
226.36,0,1.192,169.36,0.0,0.4,6
104.02,0,0.4,28.45,0.2,1.0,1
176.27,0,2.588,28.02,1.0,1.0,10
338.87,0,3.5,138.57,1.0,1.0,6
54.93,0,0.5,-330.94,0.2,0.7,0
146.73,0,1.792,-171.77,1.0,0.0,13
213.9,0,0.5,159.87,1.0,0.7,22
420.31,0,1.115,-46.77,0.0,0.4,6
392.47,0,0.595,342.12,0.5,0.4,15
430.01,1,2.333,-21.12,0.5,0.0,18
364.28,0,1.533,123.07,1.0,0.0,2
405.4,0,1.207,4.9,0.5,0.0,16
172.39,0,0.578,-272.34,1.0,0.4,23
306.48,0,0.5,-192.65,0.2,0.7,15
235.0,0,1.769,-264.58,0.2,0.4,20
231.45,0,0.12,-27.17,1.0,1.0,23
108.21,0,7.6,-203.45,1.0,1.0,2
386.82,0,1.333,-91.27,0.2,1.0,0
303.65,0,0.407,195.69,0.8,1.0,13
476.88,0,0.167,170.74,0.8,0.4,13
324.62,0,0.92,9.12,1.0,0.4,6
406.01,0,1.231,25.7,0.2,0.4,14
380.66,0,1.361,-58.66,0.8,1.0,3
324.91,1,1.103,107.43,0.8,0.0,9
164.66,0,0.5,36.96,1.0,0.7,10
197.32,1,2.286,-124.09,0.2,0.0,17
54.43,1,0.346,2.44,0.0,0.7,17
490.5,0,0.095,126.22,0.8,0.4,15
474.75,1,0.979,-5.71,0.5,0.4,17
471.1,0,0.404,389.28,0.5,0.0,6
415.19,1,0.412,142.12,0.2,1.0,17
325.8,1,0.079,80.15,0.5,1.0,18
403.66,1,0.229,-69.26,0.2,0.7,18
486.33,0,0.55,144.3,0.0,0.4,12
63.94,1,1.467,-405.68,0.8,1.0,9
474.47,1,0.175,173.06,1.0,1.0,9
295.34,0,0.74,-192.41,0.0,0.7,4
445.71,0,3.889,357.38,0.5,0.4,15
327.06,1,0.034,92.99,1.0,1.0,17
118.82,0,0.71,-275.2,0.5,0.0,14
270.84,0,0.8,166.61,0.2,0.7,6
137.38,0,0.116,-209.83,0.5,1.0,23
273.29,0,0.25,0.15,0.2,0.0,14
151.59,0,5.75,62.82,1.0,0.4,16
200.09,0,0.222,-129.82,1.0,0.0,0
267.93,0,0.382,123.44,0.0,0.4,15
414.66,0,3.917,-18.64,0.5,0.7,23
324.02,0,0.528,-76.86,0.8,1.0,11
481.45,0,0.604,244.26,0.2,0.4,2
361.32,0,5.0,99.62,0.5,0.0,21
403.89,0,7.8,70.45,1.0,0.7,14
157.5,0,0.689,-188.33,1.0,0.7,15
222.59,0,0.783,-264.63,0.0,0.0,23
50.66,0,0.697,-155.18,0.0,0.0,14
172.06,0,1.706,-238.29,0.8,0.7,3
102.64,0,0.907,-126.63,0.8,1.0,13
55.09,1,0.211,-105.53,0.0,0.7,18
292.81,0,2.5,-200.31,0.2,0.4,13
60.86,0,0.171,-83.19,0.8,1.0,4
379.12,0,1.042,221.77,0.5,1.0,11
487.45,0,0.439,102.77,0.8,0.0,0
120.85,0,1.238,-243.17,0.0,1.0,2
369.18,0,1.607,226.19,0.2,0.4,14
109.47,0,1.741,34.5,0.2,1.0,11
276.41,0,8.5,-1.84,0.0,1.0,10
373.93,0,0.091,51.63,0.8,0.0,11
490.57,0,3.667,118.53,1.0,0.0,13
333.14,0,1.044,-157.45,0.2,0.0,10
435.27,0,0.295,319.9,0.8,1.0,16
291.7,0,0.318,-7.4,1.0,0.0,14
158.44,0,0.423,-187.72,0.0,1.0,20
409.42,0,0.633,56.91,0.2,0.4,3
320.28,1,1.4,58.61,0.0,1.0,8
370.03,0,0.75,186.71,0.0,0.4,11
249.71,0,2.167,171.12,0.8,0.0,14
378.14,0,1.682,68.68,0.8,1.0,12
442.75,0,3.0,311.84,0.5,1.0,13
489.3,0,1.6,377.26,0.8,0.0,10
57.4,0,1.75,-160.89,1.0,1.0,6
282.62,0,0.56,210.83,0.0,1.0,6
228.11,1,0.115,-17.18,0.0,0.7,18
288.91,0,0.191,-49.57,0.8,0.7,1
314.5,0,1.143,259.57,0.2,0.0,21
76.42,0,0.727,-306.93,0.0,0.4,14
323.74,0,4.5,121.21,0.2,1.0,21
260.37,0,0.649,-58.49,0.2,0.0,12
486.13,0,3.5,417.38,1.0,1.0,21
206.97,0,0.3,-209.66,0.8,0.7,13
415.09,1,1.235,-76.58,1.0,0.4,19
386.22,1,1.105,-96.97,0.5,0.7,19
90.75,1,0.455,-210.1,1.0,0.0,9
225.18,0,0.923,-107.98,1.0,0.4,0
198.58,0,0.388,-292.58,0.2,0.4,10
117.23,0,1.833,-154.77,0.8,0.0,3
220.95,0,1.667,65.32,0.8,0.0,13
293.79,0,0.45,230.07,0.0,0.7,22
391.0,0,4.1,-64.81,0.8,0.0,20
409.9,0,0.565,331.6,1.0,0.7,7
479.7,1,0.208,123.3,0.0,1.0,19
335.66,0,0.936,245.09,0.8,0.0,0
206.09,0,7.0,-41.93,0.0,0.7,1
186.0,1,0.706,41.87,1.0,0.7,19
169.41,1,0.784,-199.93,0.5,0.7,8
415.24,1,0.159,52.76,0.8,0.0,17
105.4,0,1.567,-364.71,0.0,1.0,5
431.43,1,2.4,199.35,0.2,1.0,18
299.18,1,3.125,161.52,0.5,1.0,18
301.8,0,0.953,73.61,0.0,0.7,7
397.4,0,7.5,-89.36,0.8,1.0,6
169.41,0,0.171,-265.58,0.0,0.4,21
211.95,1,0.051,-58.04,0.2,0.4,17
321.67,0,0.978,56.09,0.2,0.4,7
166.58,0,1.368,32.86,1.0,0.4,11
123.74,0,0.327,-103.91,0.8,1.0,14
134.07,0,0.905,9.67,0.8,0.4,4
150.73,0,4.182,-139.98,0.5,0.4,13
358.7,0,0.562,298.94,0.0,0.7,2
240.48,0,0.2,105.48,0.2,0.7,2
482.69,0,0.643,210.1,0.0,0.4,10
267.47,1,0.023,-151.48,0.0,0.7,8
107.08,0,2.045,-117.97,0.8,0.7,1
324.21,0,0.822,242.96,1.0,0.4,11
372.48,1,2.0,145.47,0.5,0.4,8
132.94,0,4.4,-258.33,0.2,0.4,22
260.09,1,0.967,118.4,0.0,1.0,17
482.04,1,0.733,2.32,0.8,0.7,8
466.48,0,15.5,217.15,0.2,0.7,0
408.91,0,0.64,208.13,0.5,0.4,0
110.87,1,1.65,-68.58,0.0,1.0,8
74.14,0,0.426,-379.87,0.5,0.0,7
262.96,0,1.5,-128.41,1.0,0.4,20
111.97,0,1.111,-194.16,0.0,1.0,5
160.3,0,0.333,-71.88,1.0,0.7,1
475.64,0,1.529,97.62,0.5,1.0,11
268.57,1,0.538,-45.22,0.0,0.4,8
306.83,1,0.9,38.85,1.0,0.7,8
319.43,0,0.294,-48.3,0.8,0.0,3
449.93,0,1.2,33.69,0.0,0.7,10
143.39,0,1.047,-277.21,0.8,0.7,2
385.39,0,1.0,-103.52,0.5,1.0,13
120.63,0,1.286,-175.99,1.0,0.0,16
327.16,0,0.318,24.09,0.5,0.4,21
364.91,0,2.0,232.81,0.8,1.0,7
111.86,0,4.091,-25.04,1.0,0.7,11
422.02,0,1.667,-46.09,0.2,0.7,14
385.94,0,1.533,22.7,0.0,0.4,1
286.64,1,0.483,-9.08,0.8,0.0,18
487.64,1,1.229,307.08,0.8,0.0,19
494.35,0,9.0,354.38,0.5,0.7,7
386.42,0,0.667,77.69,1.0,0.7,4
355.75,0,0.041,73.86,0.8,0.7,3
136.76,0,2.0,-218.46,0.2,0.0,6
140.6,0,2.9,-271.19,0.0,0.0,13
87.65,0,0.37,-142.7,0.0,0.0,16
455.39,0,0.913,75.79,1.0,1.0,12
349.48,0,0.688,64.25,0.8,0.7,23
211.31,0,1.0,-60.78,0.0,0.4,14
173.57,0,1.107,120.49,0.8,1.0,1
413.76,0,1.259,-21.37,0.5,0.0,6
222.18,0,0.185,57.27,0.0,0.4,20
167.01,0,0.85,-229.42,1.0,1.0,20
410.75,0,0.1,-14.18,0.2,1.0,3
280.65,0,14.0,125.63,0.5,1.0,23
253.69,0,9.4,-227.56,0.8,0.4,15
414.45,0,2.0,243.95,0.2,1.0,6
408.79,0,4.0,209.04,0.0,0.4,0
442.69,0,0.78,56.67,0.2,0.7,23
312.75,0,38.0,67.78,0.0,1.0,12
444.94,0,0.865,334.22,0.5,0.7,21
99.28,0,2.0,-113.88,1.0,0.7,20
193.0,0,0.05,123.99,0.2,0.7,5
388.31,0,2.0,116.85,1.0,0.0,15
338.1,0,0.656,-140.9,1.0,0.7,4
313.02,0,0.091,-19.55,1.0,0.0,0
50.49,1,1.536,-322.26,0.5,0.7,9
410.64,0,14.0,-75.61,0.5,0.4,13
324.74,1,1.889,-117.21,0.8,0.4,9
152.31,0,3.333,-151.27,0.8,1.0,21
246.55,0,0.543,33.39,0.5,0.0,1
281.07,0,4.0,39.66,0.5,0.4,11
284.89,0,0.03,-90.87,1.0,0.7,10
363.35,0,1.308,-49.34,0.5,0.0,20
160.11,0,2.455,-234.79,0.2,1.0,23
212.27,1,1.143,-84.62,1.0,0.7,17
427.39,1,1.111,245.75,1.0,0.4,19
364.91,0,2.231,142.13,0.2,0.4,23
88.9,0,0.955,-2.62,1.0,0.0,3
117.31,0,1.061,-283.21,0.8,0.7,20
236.44,0,1.85,-60.5,0.0,1.0,21
257.08,1,1.778,142.09,0.8,0.0,19
475.63,0,1.212,413.49,0.2,0.4,1
422.39,0,0.705,346.91,0.8,0.7,23
332.46,1,1.314,80.85,1.0,0.7,9
195.33,0,0.763,28.56,0.8,1.0,14
141.14,0,1.0,-145.03,1.0,0.0,14
258.25,0,3.429,178.41,1.0,0.0,15
76.14,0,0.821,-235.32,0.5,1.0,12
144.54,1,0.722,-24.07,1.0,1.0,9
60.28,0,0.412,-59.72,0.0,1.0,12
157.01,1,0.6,-72.61,0.0,0.4,8
321.18,0,0.953,-13.24,0.5,0.0,23
119.61,0,5.0,-185.57,1.0,1.0,2
279.83,0,7.0,169.61,0.0,1.0,3
371.87,0,1.04,-60.54,1.0,0.0,0
313.76,0,0.133,165.01,0.2,0.4,12
452.06,0,0.923,301.3,1.0,1.0,14
455.95,1,0.513,-8.64,0.2,0.7,18
197.56,1,0.844,-82.4,0.8,0.4,9
360.73,0,0.957,304.76,0.8,1.0,7
394.67,1,6.857,-33.27,0.2,0.0,9
334.46,0,1.0,-22.15,0.5,1.0,6
107.14,1,0.13,15.01,0.8,0.4,18
419.98,0,0.391,251.45,0.5,0.7,11
97.1,1,2.5,12.74,0.0,0.7,19
463.89,1,0.095,367.81,0.2,0.4,19
139.3,0,5.25,-151.79,0.8,0.0,6
227.09,0,0.837,-243.39,1.0,0.0,2
337.49,0,0.079,-107.76,0.8,1.0,20
154.45,0,0.4,-333.64,0.5,0.7,23
168.53,0,1.737,-320.82,1.0,0.7,13
418.73,1,3.267,178.26,0.8,0.7,19
148.07,0,0.179,37.45,0.5,1.0,21
277.71,1,1.531,133.97,0.0,0.7,19
253.85,0,1.333,-208.8,1.0,0.4,11
97.01,0,1.933,-130.07,1.0,0.4,2
304.22,0,0.333,214.29,1.0,0.7,14
339.14,0,2.15,-159.03,0.2,0.4,20
219.16,1,3.333,-277.54,0.5,0.0,17
382.49,1,0.561,90.6,1.0,1.0,9
459.67,0,0.067,274.72,0.8,1.0,6
129.51,0,0.68,24.46,1.0,0.7,5
87.05,0,0.452,-245.15,0.5,0.0,3
51.32,1,0.172,-4.59,0.2,0.4,19
92.32,1,0.767,-211.72,0.0,0.7,19
184.93,0,0.306,11.87,0.8,1.0,4
315.86,0,0.087,-101.92,0.2,1.0,20
381.17,0,9.5,273.36,0.2,1.0,12
498.61,0,1.049,11.62,0.0,0.4,3
486.16,0,1.783,99.06,1.0,1.0,10
301.02,0,1.5,166.15,0.8,1.0,22
385.81,0,0.205,-109.67,0.8,1.0,16
498.82,0,0.111,112.85,0.2,0.7,23
407.05,1,0.333,-20.18,0.2,0.4,8
294.9,0,1.053,212.33,0.2,1.0,6
451.0,0,2.4,181.3,1.0,0.0,6
326.42,0,1.069,129.09,0.5,0.7,1
182.19,0,0.444,-145.36,0.2,0.4,21
186.82,0,0.167,-41.13,0.5,1.0,20
416.1,0,0.36,316.58,0.8,0.4,5
220.82,0,5.444,140.9,1.0,0.7,21
452.13,0,1.68,116.96,0.5,0.4,14
358.39,0,0.375,139.36,0.5,0.0,14
61.85,0,13.0,-405.43,1.0,0.7,13
410.71,0,0.25,206.24,0.2,0.7,12
443.75,0,2.588,214.05,0.2,0.4,5
307.7,1,2.333,122.39,0.2,0.4,18
174.2,0,0.708,-204.85,0.0,0.7,7
311.12,1,1.632,172.03,0.5,0.0,9
401.75,0,0.378,145.66,1.0,1.0,3
78.59,0,1.5,-365.09,0.0,0.7,12
178.44,0,1.81,-69.93,0.8,1.0,4
73.3,1,2.538,-214.45,0.5,0.0,8
363.52,1,0.149,97.33,0.2,0.0,9
87.94,0,0.368,-3.5,0.0,0.7,23
290.69,0,0.903,163.82,0.0,0.0,13
296.96,1,7.2,203.17,1.0,1.0,9
240.46,1,1.619,132.47,0.8,0.0,19
343.26,0,1.167,292.23,0.8,0.4,13
217.53,0,9.4,49.05,0.2,0.0,0
133.11,0,0.75,58.71,1.0,1.0,6
474.07,0,0.933,14.59,0.0,0.7,5
383.41,0,0.579,290.28,0.2,0.0,1
66.5,0,0.871,-125.27,0.5,0.7,13
113.75,0,1.027,20.8,0.8,1.0,1
283.69,1,0.292,175.76,0.2,0.7,9
154.45,0,0.143,-335.34,0.2,0.4,6
217.6,0,3.0,104.67,0.0,0.0,10
390.88,0,1.2,-41.77,0.0,0.4,11
144.08,1,1.75,-165.06,0.2,0.4,9
131.69,1,0.5,-88.78,0.0,0.4,9
318.97,0,0.34,117.98,0.8,0.7,11
186.93,0,0.643,-88.34,0.5,0.7,7
406.87,1,1.036,278.9,1.0,1.0,17
128.24,0,0.722,53.71,1.0,0.7,6
254.22,0,0.571,-97.29,0.2,0.7,13
336.64,0,1.028,124.4,1.0,1.0,16
425.68,0,0.885,334.23,0.2,1.0,23
303.22,0,1.091,223.37,0.8,1.0,10
442.55,0,1.5,162.65,1.0,1.0,21
169.97,0,2.857,-232.27,0.5,0.4,2
364.09,0,0.684,242.43,0.8,0.7,22
193.0,0,0.596,38.0,0.2,1.0,5
446.31,1,1.195,136.85,0.5,0.4,18
444.84,0,1.462,76.66,0.8,1.0,21
96.47,0,0.5,-167.2,0.2,1.0,2
477.91,0,1.667,92.68,1.0,0.4,7
473.08,0,1.286,294.1,1.0,0.7,6
160.86,0,1.714,-149.13,0.8,0.0,23
116.2,1,1.343,-188.28,1.0,0.4,17
450.24,0,0.796,154.37,0.0,1.0,1
353.21,0,1.533,78.17,0.0,1.0,21
362.59,0,3.231,272.82,0.2,0.0,13
108.86,0,0.452,32.34,0.2,0.0,2
326.1,0,0.514,-90.43,1.0,0.0,4
379.36,0,0.36,71.13,0.0,0.4,15
402.69,0,0.731,86.22,0.5,1.0,16
339.1,0,0.571,-88.15,1.0,0.4,10
205.01,0,2.368,-27.45,0.2,0.0,22
468.84,1,0.188,31.58,1.0,0.7,18
419.3,0,0.538,251.28,0.0,0.0,6
366.13,1,1.556,143.66,0.5,1.0,17
253.17,0,1.481,-99.34,0.8,0.4,21
320.04,1,1.467,255.25,0.8,0.0,8
307.05,0,0.46,205.94,0.2,0.7,5
392.64,0,12.667,306.05,0.2,0.4,0
264.31,1,1.286,-85.34,0.8,0.4,9
407.55,1,0.514,230.9,1.0,0.7,17
479.76,1,11.75,40.52,0.8,0.4,8
458.92,0,0.294,367.91,0.8,0.0,1
369.67,0,0.905,21.36,0.0,0.0,11
454.53,0,0.476,331.83,0.0,0.4,14
433.95,1,1.333,-32.67,0.8,0.0,17
321.0,0,0.125,160.1,0.2,0.0,12
452.89,0,0.515,-17.65,0.5,0.7,14
193.66,0,0.286,110.05,0.0,1.0,7
268.55,0,6.143,-204.1,1.0,0.0,2
76.44,0,1.4,-119.33,0.8,0.0,21
102.2,0,0.188,-342.41,0.0,0.7,7
457.8,1,0.45,106.75,0.0,0.4,9
89.72,0,0.857,-1.69,0.2,1.0,6
111.52,0,0.952,-156.54,0.0,0.4,2
215.83,1,0.939,-5.42,0.8,0.4,17
299.35,1,0.312,-184.44,0.0,1.0,8
345.93,1,5.0,125.4,1.0,0.7,9
118.29,0,0.381,-88.47,0.0,0.0,4
464.04,0,2.667,316.03,0.0,1.0,11
484.62,0,1.536,351.12,0.0,1.0,22
201.71,0,0.739,-297.54,0.2,1.0,11
50.91,0,4.0,-283.94,0.5,1.0,4
259.95,1,0.109,-34.31,1.0,0.7,9
241.66,0,1.478,-80.37,1.0,0.4,11
97.69,1,0.083,-397.99,0.5,1.0,17
462.66,0,0.535,318.97,0.5,0.7,12
337.17,0,0.414,248.28,0.2,1.0,0
344.03,0,0.184,111.74,0.0,0.7,22
60.15,0,0.032,-9.13,0.5,0.7,16
494.07,0,15.0,273.94,0.8,0.4,1
280.38,0,0.067,-119.73,0.0,0.0,11
234.13,0,1.519,-85.65,0.5,0.0,13
113.32,0,0.257,-148.95,0.2,0.4,3
104.77,0,5.875,-336.81,0.2,0.4,22
116.64,0,0.278,-12.11,0.2,0.7,14
261.97,0,1.944,-177.88,1.0,0.4,5
317.97,0,1.026,253.59,0.5,0.0,5
299.41,0,0.959,45.84,0.0,0.4,20
101.96,0,0.152,-58.86,0.0,0.7,2
474.66,0,0.42,7.22,0.2,0.4,2
102.95,0,1.474,-262.14,0.5,1.0,3
391.63,0,0.077,105.74,0.0,0.4,14
60.68,0,0.4,-124.37,1.0,0.7,23
185.58,0,1.375,-140.39,0.2,0.0,2
261.29,0,0.895,26.79,0.8,0.7,2
297.77,1,4.556,168.89,1.0,0.4,17
390.2,0,1.667,116.23,1.0,0.0,11
301.24,0,0.5,-96.66,0.2,0.0,14
376.42,0,1.075,2.99,0.5,0.4,5
309.07,0,0.667,115.55,0.5,0.7,10
316.56,1,1.333,128.83,0.0,0.7,19
50.3,0,0.771,-188.3,0.8,0.0,0
452.24,0,0.87,168.32,1.0,1.0,10
377.55,0,5.0,152.72,0.8,1.0,21
390.27,0,0.517,173.21,0.0,0.0,11
249.87,1,2.1,157.91,0.2,1.0,8
184.48,0,7.2,-270.03,0.0,0.4,5
59.22,1,0.366,-116.94,0.8,1.0,17
338.07,1,3.636,-93.93,0.5,0.7,8
426.81,0,0.6,-10.05,0.2,0.7,23
353.89,0,1.842,195.72,0.2,0.7,22
280.53,0,0.7,-114.53,0.5,0.0,10
188.52,0,5.111,-185.55,0.5,0.4,13
197.43,0,5.571,-4.69,0.8,0.7,13
128.35,0,0.08,-146.19,0.8,0.0,0
216.02,0,1.636,138.37,0.2,0.4,23
407.67,0,0.25,53.62,0.5,0.7,7
194.97,0,2.5,-97.05,0.2,1.0,4
59.12,0,0.167,-363.54,1.0,1.0,2
327.76,0,0.267,236.97,0.2,0.0,14
320.11,0,1.727,-103.04,0.0,0.7,21
293.71,0,0.9,-102.38,0.0,0.7,11
129.24,0,0.421,-103.51,1.0,0.4,13
149.58,0,0.038,42.79,0.5,0.0,4
313.87,0,0.533,38.82,0.5,0.7,2
70.29,0,1.2,-22.56,1.0,0.0,3
339.34,0,2.312,194.1,1.0,0.4,6
88.14,0,1.219,10.33,0.0,0.0,1
341.61,0,1.211,97.98,0.8,0.4,0
371.99,0,0.88,17.33,0.8,0.0,0
209.25,0,2.0,-110.62,0.0,1.0,1
152.11,1,4.0,-26.43,0.5,0.4,8
87.28,0,3.2,-136.0,0.8,1.0,3
178.19,0,10.0,-41.39,0.8,0.7,11
402.07,0,29.0,298.85,0.5,0.7,23
364.68,1,1.1,267.7,0.0,1.0,9
370.17,1,1.037,167.18,0.5,0.4,19
453.35,1,0.738,215.21,0.2,0.0,9
88.94,0,0.306,-276.19,0.5,1.0,23
347.98,0,0.148,-60.74,1.0,0.0,14
81.16,0,0.562,-20.08,0.8,1.0,14
421.66,1,0.61,86.99,0.2,0.7,9
139.29,0,0.9,-129.54,1.0,0.7,11
441.05,0,2.0,220.7,1.0,0.7,21
236.34,1,1.375,-223.89,0.0,0.0,18
190.21,0,0.256,130.5,0.0,0.4,12
458.75,0,0.44,152.34,1.0,0.4,15
82.92,0,1.0,-31.52,0.8,0.7,5
275.99,0,1.049,54.95,1.0,0.4,6
484.0,1,0.633,112.88,0.0,1.0,19
410.65,1,2.769,137.03,0.5,0.0,18
112.76,0,0.412,20.35,0.5,0.0,11
365.15,0,2.091,138.34,0.2,1.0,6
78.63,0,0.625,-36.39,0.2,0.7,1
483.01,0,1.533,23.7,0.8,0.7,13
468.66,0,1.238,245.0,0.8,1.0,2
280.09,0,1.172,-34.82,0.2,0.4,10
368.67,1,1.947,-55.04,0.0,0.7,18
191.71,0,4.556,-289.65,1.0,0.4,3
222.38,0,1.286,-245.58,0.0,0.4,14
394.66,0,0.148,6.85,0.8,1.0,11
382.86,0,2.6,16.89,1.0,1.0,14
165.83,0,3.571,-278.97,0.2,0.0,20
185.52,0,4.625,-255.38,0.5,0.0,20
181.72,0,0.769,-90.32,1.0,0.0,16
375.37,0,0.719,116.73,0.2,0.7,5
364.15,0,1.789,290.78,0.0,0.4,20
288.36,0,1.05,196.24,0.8,0.4,16
340.3,0,0.448,-106.07,0.0,0.7,23
465.14,1,0.109,195.43,0.8,0.0,19
333.56,0,0.481,-18.35,1.0,1.0,13
80.31,1,0.125,-31.93,0.2,0.0,8
283.1,0,1.068,6.58,0.5,0.4,12
484.11,0,0.34,189.7,0.2,0.4,7
309.32,0,0.659,249.0,1.0,0.4,20
232.46,0,0.897,-143.24,0.0,0.4,2
338.05,0,0.045,174.11,0.5,1.0,5
303.03,0,4.5,86.32,0.8,0.7,1
101.18,0,11.5,-33.33,0.5,0.7,6
218.39,0,2.643,-202.8,0.0,0.0,22
226.18,0,1.158,-37.66,1.0,0.0,13
478.25,1,0.286,98.06,1.0,0.0,18
80.66,0,0.415,-96.17,0.5,0.4,23
223.23,1,0.885,-55.81,0.0,0.4,17
335.44,1,0.382,239.08,1.0,0.4,8
193.87,0,0.667,-83.69,0.2,0.0,22
96.4,0,41.0,-135.09,0.5,1.0,3
269.18,0,3.625,-147.86,1.0,0.7,12
66.74,0,0.154,-383.12,0.0,1.0,14
301.44,0,0.756,-65.04,0.8,0.0,2
214.62,0,0.857,-252.91,0.8,1.0,12
307.08,1,0.162,-114.89,0.8,1.0,8
370.76,0,0.792,229.88,0.2,0.4,3
441.4,0,0.161,67.66,0.0,0.7,23
135.32,0,0.583,-75.12,1.0,0.0,6
197.22,0,0.821,-170.3,1.0,0.7,7
494.32,0,1.5,183.99,1.0,0.4,2
230.08,0,0.44,116.17,0.8,1.0,7
79.94,0,12.0,-118.67,0.5,1.0,20
322.14,0,1.125,178.53,0.2,0.0,23
142.03,0,1.5,-313.4,0.8,0.4,4
243.5,0,1.96,-58.58,0.2,0.7,23
216.94,0,0.122,-165.45,0.0,0.4,16
216.78,1,0.265,31.86,0.0,0.4,9
418.18,1,1.167,-55.44,0.0,1.0,9
337.51,1,47.0,-56.98,0.2,0.4,18
255.15,0,1.0,-130.95,0.0,0.0,15
113.09,1,1.737,5.37,0.8,1.0,17
321.14,0,0.02,267.26,0.0,0.4,3
372.35,1,0.4,196.95,0.2,0.7,8
147.47,0,0.594,-207.54,0.0,0.7,13
431.94,0,1.387,70.66,0.8,1.0,5
425.4,0,1.225,22.73,0.8,0.0,2
333.9,0,1.0,235.15,0.5,1.0,22
231.19,0,1.923,-23.68,0.5,0.0,12
356.57,0,0.851,70.76,0.2,0.4,14
57.23,0,2.778,-269.52,0.5,0.4,2
493.89,0,2.111,272.95,0.5,0.4,0
480.73,0,3.077,348.7,0.0,0.0,14
492.83,0,1.062,126.29,0.8,0.0,20
265.21,1,2.368,105.75,0.0,0.0,8
314.03,0,0.78,226.85,0.5,0.0,23
69.74,0,6.429,-158.89,0.2,1.0,23
64.71,0,0.061,-165.89,1.0,0.4,20
459.38,1,0.567,140.34,1.0,0.4,17
278.42,0,1.105,-92.76,0.5,1.0,16
98.51,0,3.25,-208.19,0.8,0.0,20
486.63,0,1.562,116.73,0.8,1.0,23
415.54,1,2.75,355.21,0.2,0.0,18
417.78,0,5.0,184.33,0.5,0.4,14
226.78,0,0.5,26.9,1.0,0.4,4
107.84,0,0.744,56.66,0.0,0.4,21
348.83,0,1.346,259.97,0.8,0.0,16
60.84,1,0.158,-333.72,0.5,0.4,18
230.29,0,4.0,-112.98,0.0,0.4,10
430.26,0,0.778,-29.05,0.8,0.4,15
75.59,1,1.5,8.62,0.0,0.4,19
284.47,0,1.241,-92.73,0.5,0.0,0
492.08,0,0.81,338.29,0.5,0.0,7
390.2,0,0.897,58.95,0.0,0.4,7
149.28,1,0.37,-100.29,0.8,0.0,17
227.26,0,1.852,-62.95,0.0,0.0,0
335.84,0,0.205,51.88,0.5,0.7,0
396.1,0,2.647,-34.96,0.5,0.4,2
490.77,0,2.0,134.37,0.2,0.4,0
273.74,0,1.429,132.48,0.8,0.7,2
313.04,0,0.194,206.88,0.5,0.4,1
154.75,0,0.718,-344.66,0.5,0.0,20
232.49,0,6.714,-36.13,0.8,0.0,11
229.16,0,1.032,-224.91,1.0,0.4,13
295.14,1,0.571,-162.58,0.5,0.0,19
228.43,0,1.119,-170.74,0.2,1.0,6
121.51,0,0.316,-119.79,0.8,1.0,22
55.04,0,1.364,-309.62,0.2,1.0,5
477.32,1,4.333,-17.96,0.5,0.4,18
321.0,0,0.857,-130.4,1.0,0.0,13
312.68,0,0.5,-101.11,1.0,0.0,10
330.12,0,0.955,64.0,0.2,1.0,10
221.08,0,1.219,159.86,0.2,0.7,6
192.69,0,17.5,-273.23,0.5,0.0,16
224.39,1,0.14,-42.89,1.0,0.4,18
315.6,0,0.556,-161.45,0.5,1.0,20
289.79,0,0.171,203.66,0.0,0.7,22
75.24,1,9.333,-267.93,0.0,0.0,9
167.85,1,3.25,-149.61,0.2,1.0,17
337.75,0,1.391,-158.84,0.2,0.0,22
58.11,0,2.923,-37.64,0.2,0.7,2
339.69,1,0.2,113.55,0.0,1.0,17
389.41,0,0.297,329.08,1.0,0.7,5
152.18,0,1.091,17.12,1.0,0.4,23
57.05,0,1.139,-68.62,0.0,0.0,10
58.92,1,3.154,-52.33,0.5,0.4,18
240.56,1,0.913,73.76,1.0,1.0,17
475.34,0,0.516,94.69,0.5,0.0,7
447.86,0,0.656,87.19,0.5,0.7,4
215.37,0,1.103,-18.23,0.8,0.7,6
294.24,0,1.88,22.41,0.2,0.7,0
472.88,0,1.176,324.39,0.5,0.0,5
243.11,0,0.595,-53.93,1.0,1.0,13
349.82,1,2.538,-92.84,1.0,0.4,19
435.27,0,0.75,87.66,0.5,1.0,10
424.46,0,0.407,277.33,0.8,0.7,16
119.42,0,1.312,-317.88,0.8,1.0,13
52.06,0,1.097,-226.49,1.0,0.7,14
447.72,0,0.22,213.89,1.0,0.4,0
185.34,0,2.471,-256.73,0.8,0.7,1
60.7,1,0.13,-315.13,0.5,0.7,9
64.35,0,0.511,-64.34,0.5,1.0,14
420.23,0,0.234,347.22,0.2,0.7,2
391.32,0,1.256,86.1,0.8,1.0,2
458.14,0,1.5,28.1,1.0,0.7,6
350.13,0,1.783,-136.14,0.0,0.4,14
239.77,0,0.4,38.98,0.5,0.0,13
109.69,0,0.068,-254.05,0.0,0.7,12
133.25,0,0.047,-169.8,0.5,0.4,12
112.67,0,3.0,-146.13,0.5,0.4,10
329.2,0,1.531,-95.4,0.5,0.4,15
457.54,1,1.0,357.29,0.2,0.7,8
497.19,0,0.111,372.1,0.5,0.4,20
298.11,0,1.7,-130.11,0.8,0.4,0
361.36,0,2.875,75.75,0.8,0.4,16
371.71,0,0.361,164.17,0.5,0.7,11
390.47,0,0.415,-99.09,1.0,0.0,14
92.2,0,0.714,-172.29,0.5,0.7,6
357.92,0,0.429,-1.97,0.0,1.0,10
294.72,0,2.583,196.28,0.8,0.4,6
223.37,0,1.706,-275.59,0.2,0.0,0
218.55,1,0.677,-21.88,0.2,1.0,9
388.97,0,0.583,326.03,0.5,0.0,6
226.51,0,1.448,170.16,1.0,0.0,5
87.73,0,2.467,-336.79,0.2,0.0,10
201.21,0,1.026,118.02,0.8,0.0,12
370.52,1,7.333,-3.98,1.0,0.4,9
375.61,0,0.957,127.29,0.0,0.4,13
401.74,1,0.778,-20.76,1.0,0.0,17
432.59,0,1.435,341.89,0.5,0.4,14
323.51,0,0.417,164.48,0.5,0.7,14
298.84,1,4.4,-104.6,0.2,0.0,9
262.12,0,1.889,-133.08,0.8,1.0,7
324.34,0,0.308,224.75,0.5,0.7,1
178.36,0,0.042,11.92,0.0,0.4,21
246.15,0,1.25,-80.62,0.2,0.0,7
435.09,1,1.048,86.08,1.0,1.0,18
339.13,0,0.182,144.82,0.8,0.4,14
476.93,0,4.75,5.67,1.0,0.4,7
459.37,0,4.4,313.24,0.2,0.0,21
326.47,0,0.227,-58.17,1.0,1.0,23
120.53,0,4.0,-196.64,0.2,1.0,4
249.19,0,0.238,-106.54,0.8,1.0,10
211.54,1,25.0,-92.66,0.8,1.0,17
181.41,1,0.69,-251.29,1.0,0.0,19
164.43,0,3.25,-28.58,0.0,0.4,6
340.79,1,0.18,-43.29,1.0,0.4,18
325.81,1,0.889,-123.36,0.5,0.7,18
192.29,0,0.282,-37.6,0.8,0.0,3
71.39,0,0.84,17.56,0.2,0.7,15
256.66,0,0.978,50.07,0.0,0.4,22
277.24,0,0.8,207.15,0.2,0.4,3
71.81,0,2.4,-315.84,0.0,0.4,12
77.05,0,0.72,-218.42,0.2,0.4,12
290.94,0,0.438,-5.17,0.5,0.4,23
297.58,0,0.06,158.94,0.0,1.0,4
400.88,0,0.17,165.9,0.8,0.0,4
354.53,0,0.946,-1.57,0.8,0.4,14
55.68,1,0.641,-331.41,1.0,0.7,19
266.96,0,1.143,196.18,0.0,0.7,0
364.44,0,0.353,269.56,0.0,1.0,23
245.17,0,3.75,74.12,0.5,0.0,6
427.08,0,1.229,232.79,0.2,0.4,0
217.09,0,0.029,-177.05,1.0,0.0,3
186.77,0,0.405,19.98,0.5,1.0,16
327.58,0,3.1,122.73,0.8,0.0,4
242.5,0,0.4,157.29,0.8,1.0,22
359.64,0,5.5,5.56,1.0,1.0,12
158.23,0,0.357,-51.24,0.0,0.4,5
423.13,0,0.531,-42.52,0.8,0.4,11
272.49,1,1.0,16.05,0.2,1.0,18
124.64,0,6.333,11.73,0.5,1.0,12
404.36,0,1.0,-44.23,0.2,1.0,4
148.29,0,0.298,-35.3,0.0,0.0,4
93.54,0,0.54,-90.65,0.0,0.7,21
152.04,0,0.576,-168.39,1.0,1.0,22
265.64,0,1.588,-163.13,0.8,0.7,11
224.37,0,0.946,-55.36,0.8,0.0,2
301.43,0,0.694,-181.15,0.0,0.0,11
268.89,0,2.333,-52.62,0.2,1.0,10
429.32,1,0.333,34.84,1.0,0.4,19
479.73,0,0.2,-14.79,1.0,0.0,14
267.15,0,3.818,191.21,0.5,0.4,7
458.53,1,1.667,386.08,0.2,0.0,8
126.65,0,1.207,-154.45,0.5,1.0,12
59.19,0,2.615,-232.22,0.8,1.0,10
200.6,0,0.129,-51.09,1.0,0.7,7
311.74,0,1.632,59.78,1.0,0.0,1
97.91,0,1.222,-8.0,0.5,1.0,5
282.55,0,1.174,189.84,1.0,0.0,22
271.63,0,5.6,-62.7,0.5,1.0,15
140.05,0,0.259,47.7,1.0,1.0,10
418.09,0,0.793,32.91,0.8,0.0,16
323.96,1,1.95,175.9,1.0,0.0,17
286.5,0,2.643,-73.88,1.0,0.0,2
363.96,0,3.091,262.74,0.2,0.0,7
496.0,1,0.179,289.37,0.2,0.0,9
137.51,0,0.333,-326.91,0.2,0.0,23
198.24,0,1.176,-112.04,0.0,0.7,1
159.2,0,9.75,-193.45,1.0,0.7,13
282.15,0,0.792,82.34,0.2,0.7,13
356.04,0,1.688,-106.64,1.0,0.0,20
499.64,0,1.722,351.62,0.2,0.4,11
97.63,0,2.273,-316.29,0.0,0.4,10
333.21,0,7.2,-96.16,0.5,1.0,11
418.51,1,1.714,-77.65,0.2,1.0,9
293.9,0,0.178,138.93,1.0,0.7,5
421.17,1,2.429,45.67,1.0,0.7,19
191.28,0,2.143,43.35,0.0,0.4,0
319.02,0,1.613,34.43,0.5,0.0,13
363.09,0,1.357,175.46,1.0,1.0,10
461.6,0,2.278,397.15,1.0,0.4,20
267.55,0,0.233,-131.83,0.2,0.7,13
238.34,0,8.167,-40.36,0.0,0.4,3
136.45,1,1.29,-106.51,0.0,1.0,18
265.47,0,1.125,113.61,0.5,0.0,12
109.67,0,0.6,-17.57,0.2,0.7,5
286.34,0,1.125,-120.02,0.2,0.0,7
133.17,0,2.75,-22.44,0.5,0.7,11
94.95,0,0.2,-310.96,0.5,0.7,11
487.41,0,0.388,44.73,0.5,0.4,20
120.8,0,21.5,-54.98,0.5,0.0,6
247.65,0,1.95,39.68,0.0,0.0,23
241.61,0,1.455,162.3,0.5,1.0,20
411.22,1,0.025,232.97,0.5,1.0,19
292.62,0,0.325,-75.39,0.2,1.0,6
423.87,0,1.05,313.46,0.5,0.0,12
75.11,0,1.025,-384.07,0.2,1.0,20
81.77,1,0.86,-257.58,0.5,1.0,17
131.56,0,2.222,-178.5,0.2,0.0,1
266.13,0,0.75,-103.88,0.8,1.0,4
125.55,0,0.24,-80.59,0.2,1.0,7
91.79,1,2.176,12.35,1.0,0.4,9
426.1,0,22.0,19.23,0.5,0.4,6
436.4,0,1.024,254.07,0.8,1.0,12
385.11,0,0.364,213.54,0.2,0.4,11
292.46,1,1.294,138.93,0.2,0.7,19
96.14,0,1.292,-384.54,1.0,1.0,2
379.24,1,2.353,100.76,0.5,0.7,19
377.36,0,1.188,247.89,1.0,0.4,7
59.37,0,1.0,-111.67,0.5,0.0,5
488.34,1,2.091,54.69,1.0,0.7,9
429.59,1,0.581,-9.94,0.2,1.0,17
197.04,0,1.474,1.82,0.0,1.0,22
166.38,1,7.333,60.31,1.0,0.4,9
316.36,0,0.061,1.44,0.5,0.4,16
145.52,0,1.1,-28.13,0.5,1.0,2
483.29,0,0.735,239.93,1.0,0.7,4
365.36,0,0.074,109.45,0.0,1.0,14
430.83,1,0.667,101.28,0.0,0.0,9
409.29,0,3.5,241.97,0.8,0.0,3
423.17,1,0.839,184.7,0.5,0.0,9
294.27,1,4.4,16.94,0.0,0.0,19
181.64,0,0.744,-121.7,0.2,0.4,22
486.35,0,3.214,270.78,0.8,0.7,2
391.76,0,0.857,334.27,0.5,1.0,14
405.94,0,1.243,252.74,0.5,0.7,15
387.23,0,0.196,218.3,0.2,1.0,5
291.68,0,0.689,166.16,0.5,1.0,11
430.02,0,6.667,231.32,0.2,0.7,13
385.06,0,1.143,-4.95,0.5,0.0,12
390.14,1,0.551,107.35,0.5,0.4,17
436.75,1,1.778,-3.93,0.8,0.4,9
149.33,0,1.435,-224.71,0.0,0.0,13
247.67,0,4.9,-62.48,1.0,0.7,3
143.78,1,0.952,-247.81,1.0,0.7,9
256.85,0,1.438,-29.03,0.8,0.0,2
236.73,0,1.19,163.51,0.2,1.0,4
356.0,0,0.85,210.92,1.0,0.7,2
318.99,0,0.66,-67.25,0.2,0.4,5
353.42,1,7.0,235.68,0.2,0.7,18
89.95,1,1.63,-281.38,0.0,1.0,18
185.65,0,0.276,-254.22,0.8,1.0,20
236.06,1,0.273,124.9,0.2,1.0,8
363.48,0,1.667,84.23,1.0,1.0,15
484.78,0,0.531,48.37,1.0,0.7,12
157.74,0,0.452,-20.63,1.0,0.7,4
431.8,0,1.652,181.04,0.8,0.7,7
264.29,0,3.062,4.71,1.0,1.0,4
442.45,0,0.118,382.31,0.8,1.0,6
188.66,1,3.833,-61.66,0.2,0.7,18
389.47,0,0.238,-5.47,0.2,0.0,4
404.94,0,9.5,65.43,0.0,0.7,13
217.67,1,0.111,6.99,1.0,0.4,18
375.06,0,2.526,170.53,1.0,0.7,4
214.46,0,1.536,10.58,0.2,0.4,4
243.43,0,0.333,179.08,0.0,0.0,2
434.96,1,15.0,128.18,0.0,0.0,8
416.72,1,3.0,103.51,0.5,1.0,17
360.25,0,0.154,41.22,1.0,1.0,4
296.43,0,1.0,-60.85,0.5,0.4,15
230.81,0,1.611,146.38,0.5,1.0,22
279.83,0,4.667,-114.02,0.8,1.0,21
374.25,0,0.056,-5.63,0.8,1.0,16
296.4,1,1.68,180.13,1.0,0.0,9
109.93,0,0.522,-121.92,1.0,0.7,6
328.47,0,0.81,154.17,0.2,0.4,20
378.5,0,15.0,70.09,0.2,1.0,7
192.0,0,9.5,-235.18,0.2,1.0,21
164.02,1,2.0,-45.53,0.2,0.0,9
64.5,1,1.0,-203.55,0.8,0.4,9
427.1,0,0.947,263.1,1.0,0.7,12
184.65,0,0.567,-1.45,0.2,0.0,16
168.11,0,0.538,71.71,0.2,0.4,20
151.55,0,0.738,-59.26,0.0,1.0,3
265.58,0,0.625,172.6,0.0,0.4,10
353.44,0,0.152,299.54,0.5,0.7,23
397.6,0,0.667,107.07,0.0,0.7,16
399.12,0,1.176,185.01,0.2,0.0,7
197.54,0,0.923,-247.03,1.0,0.0,5
367.65,1,1.7,12.81,0.0,0.4,8
212.45,0,1.136,-71.02,0.0,1.0,20
329.38,0,0.469,182.57,0.2,0.0,7
289.62,0,0.75,-189.95,0.0,0.0,3
482.23,0,0.308,402.97,0.5,1.0,14
366.61,0,1.889,-125.3,0.2,0.7,12
323.72,0,0.156,107.23,0.8,0.4,1
465.68,1,0.792,337.66,1.0,0.7,17
182.84,1,2.385,-312.73,0.5,1.0,18
87.73,0,0.812,-359.46,0.5,0.7,23
194.33,1,0.8,126.78,0.0,0.7,18
248.43,0,0.034,158.85,0.0,0.0,16
212.25,0,1.778,-84.81,0.5,0.7,5
427.73,0,0.562,183.26,0.5,0.7,3
383.89,0,0.222,251.2,1.0,0.0,22
435.96,1,0.675,116.88,0.5,0.4,18
358.0,0,1.35,-112.72,0.0,0.0,15
386.7,0,0.156,-105.29,0.8,0.0,5
449.68,0,0.082,17.26,1.0,0.4,5
110.3,1,2.529,-272.72,0.8,0.4,19
118.38,1,3.667,30.71,0.8,0.7,17
342.67,0,2.364,121.21,1.0,1.0,12
137.1,0,0.059,-34.85,1.0,0.0,22
205.37,0,1.0,51.69,0.5,1.0,0
298.07,0,5.444,42.93,0.2,0.4,12
482.07,1,0.667,134.62,0.5,0.7,18
107.97,0,0.667,-304.31,1.0,1.0,16
207.34,0,0.25,24.48,0.2,0.0,15
448.06,0,1.333,36.78,0.0,0.4,7
57.17,0,1.308,-163.88,0.5,0.0,0
55.76,1,0.706,-346.67,0.5,1.0,19
361.67,0,1.115,38.53,0.5,0.0,10
165.73,0,19.0,78.19,1.0,0.7,3
166.81,1,0.578,100.94,0.8,0.7,17
412.37,0,0.821,263.12,1.0,1.0,11
249.26,0,1.0,-196.77,0.5,1.0,7
423.31,0,1.0,339.98,0.8,0.0,20
448.27,1,4.667,336.15,1.0,0.0,18
440.66,0,0.149,140.45,0.0,0.7,22
349.43,0,2.111,98.18,0.0,0.0,6
143.29,1,16.5,38.73,0.5,0.7,8
125.82,0,0.444,-247.4,0.5,0.7,2
389.07,0,0.826,222.24,1.0,0.0,21
248.22,1,0.75,-54.14,1.0,0.7,8
263.4,0,1.778,-74.42,1.0,0.7,11
345.88,0,1.667,118.65,0.0,0.7,7
231.81,0,1.441,-100.25,0.8,0.7,5
117.16,1,1.047,-333.75,0.5,0.4,8
372.61,1,3.091,-82.87,0.0,0.4,18
144.35,0,0.667,-102.21,1.0,0.7,22
184.11,0,0.745,-289.84,0.8,1.0,12
276.07,0,1.281,-48.8,0.8,0.7,7
265.83,0,2.4,94.87,0.5,0.7,11
115.95,0,1.409,-38.02,0.2,0.0,7
357.66,0,0.913,-11.44,1.0,0.4,0
269.85,0,1.125,-22.0,0.8,0.7,21
367.59,0,8.8,186.58,1.0,1.0,13
249.69,0,0.393,-142.59,0.0,1.0,4
150.81,0,0.773,-175.1,0.5,0.7,5
400.39,0,2.174,154.27,0.0,1.0,16
242.05,0,0.872,-228.86,0.0,0.0,7
381.38,1,0.609,-36.8,0.0,0.0,18
88.64,0,4.333,-292.74,1.0,1.0,10
127.65,0,4.1,-48.7,0.2,0.7,16
146.73,0,0.729,-250.8,1.0,0.4,3
298.98,0,0.926,-6.5,1.0,0.7,2
72.19,1,0.933,-15.08,1.0,0.0,19
138.44,0,0.071,-46.57,0.0,0.0,10
386.49,1,0.517,167.86,1.0,1.0,8
96.95,0,1.5,-108.71,0.5,0.7,20
160.27,1,0.087,40.86,0.8,0.0,19
435.11,0,0.875,-34.02,0.8,0.4,16
333.11,0,2.25,-54.11,0.8,0.7,23
98.19,0,7.4,-262.7,1.0,0.7,14
331.94,0,0.604,-25.32,1.0,0.7,15
491.5,0,0.273,45.73,0.5,0.7,0
147.88,0,0.977,-12.78,0.0,1.0,11
297.06,0,1.048,206.86,0.2,1.0,4
147.89,0,1.588,-175.41,0.8,1.0,10
179.86,0,1.833,-48.08,0.8,0.0,1
349.84,0,3.667,-102.33,1.0,0.0,12
255.24,0,6.6,36.65,0.0,0.4,16
174.8,0,0.978,81.61,0.5,0.4,22
95.14,0,0.318,-367.8,1.0,0.4,11
391.98,0,1.114,109.17,0.5,1.0,0
245.47,0,1.0,24.81,0.5,0.0,23
196.76,0,0.083,-179.62,0.5,0.4,16
492.8,0,1.333,248.44,0.8,1.0,12
410.32,1,0.815,281.7,0.2,0.0,19
325.62,0,0.36,-128.3,0.8,1.0,15
439.31,0,0.8,233.71,0.5,1.0,7
348.8,1,2.0,249.39,0.5,0.7,17
394.92,0,2.0,68.37,0.5,0.4,10
168.09,1,0.116,-123.36,0.2,0.4,17
482.87,0,0.8,281.33,0.5,0.0,11
341.67,0,1.222,-37.38,0.8,0.7,3
197.96,1,0.743,-143.96,0.8,0.4,9
118.24,0,2.048,-319.08,1.0,0.7,20
57.94,0,0.639,-340.92,1.0,0.7,13
185.64,0,1.231,-83.87,1.0,0.0,7
69.94,0,1.038,-334.4,1.0,0.7,15
399.51,0,5.125,164.76,0.2,0.4,6
404.19,0,1.143,67.05,0.8,0.0,10
95.79,0,0.067,-134.41,1.0,1.0,3
164.52,0,6.571,-326.06,1.0,1.0,5
488.39,1,2.812,382.37,0.5,0.7,17
283.19,1,7.333,135.65,0.5,0.7,19
66.69,0,1.923,-190.98,0.2,1.0,15
257.05,1,0.4,-70.05,0.0,0.0,19
387.37,0,0.241,-85.68,0.8,0.7,11
294.35,0,0.094,-70.98,0.2,0.7,5
229.04,0,6.286,-137.6,0.0,0.7,3
349.06,0,3.125,-47.73,1.0,1.0,6
162.49,0,0.591,-336.71,0.8,1.0,22
408.01,0,0.545,41.56,1.0,1.0,15
254.5,0,8.0,144.72,1.0,0.4,5
485.17,0,8.333,331.45,0.5,0.0,5
53.29,0,0.325,-119.16,0.0,1.0,14
335.86,0,0.344,-153.15,0.2,1.0,22
191.14,0,2.933,-179.38,1.0,1.0,14
477.81,1,10.0,307.2,0.0,0.4,18
54.95,0,1.163,-18.25,0.8,0.4,15
246.63,0,1.22,32.49,0.2,1.0,12
488.44,1,2.75,284.22,0.8,0.4,9
475.69,0,0.816,107.3,0.0,0.4,16
225.65,0,1.441,-246.89,0.0,0.0,7
480.61,1,4.889,72.07,0.2,0.0,18
124.88,0,0.953,-315.15,0.8,0.0,22
405.37,0,1.188,109.42,0.2,0.7,11
489.54,0,0.769,98.09,0.8,0.7,12
219.89,0,2.278,2.35,0.2,0.4,16
176.07,0,2.095,-289.97,0.0,0.0,5
432.5,1,0.814,-24.79,0.5,0.0,8
134.41,0,0.862,-350.46,0.5,0.4,12
421.49,0,0.389,81.93,0.0,0.4,7
280.85,0,1.679,-120.3,1.0,0.7,14
221.9,0,0.353,111.34,0.0,0.0,0
159.72,0,1.265,0.4,0.5,0.0,22
249.31,0,0.667,-44.46,0.8,0.0,23
266.76,0,0.03,-133.21,0.5,1.0,20
307.85,0,0.064,-188.27,0.8,1.0,22
398.97,0,2.188,179.22,1.0,0.7,13
344.39,0,1.148,-15.68,0.0,1.0,21
116.28,1,0.219,-60.59,1.0,1.0,17
184.91,1,0.093,-90.54,1.0,0.4,17
122.83,0,0.349,-307.4,0.5,1.0,10
260.27,0,1.429,161.14,1.0,0.0,6
373.07,0,0.143,14.96,0.2,0.0,13
64.94,0,0.459,-239.11,0.8,0.0,21
201.33,0,2.222,-146.57,0.0,1.0,15
298.54,0,0.5,-83.29,0.5,0.0,16
113.99,0,0.743,-112.08,0.0,1.0,13
482.33,1,1.5,17.31,0.0,0.4,18
112.35,0,0.553,-331.23,0.2,1.0,11
100.89,1,0.75,-206.23,0.0,1.0,9
54.71,0,0.545,-384.47,1.0,0.4,16
295.36,0,2.083,-94.84,0.5,0.4,16
87.21,0,0.976,-146.5,0.8,0.4,2
190.17,0,0.194,-273.05,0.8,0.4,23
104.95,0,2.0,-339.29,0.0,0.7,12
117.74,1,8.167,-176.65,0.2,0.0,19
280.95,1,0.917,-54.7,0.8,0.0,17
438.05,1,0.449,183.84,0.8,1.0,9
62.07,0,0.711,-2.63,0.8,1.0,14
83.17,1,1.85,-80.97,0.8,0.0,18
164.02,1,0.231,-250.1,1.0,0.7,18
223.33,0,0.552,56.84,1.0,1.0,1
439.55,0,1.0,193.54,0.0,0.0,12
189.57,0,1.2,-284.21,1.0,1.0,5
428.92,1,0.953,-0.32,0.8,0.4,17
129.67,0,1.0,-181.39,0.8,1.0,10
453.26,1,1.531,284.45,0.5,0.0,18
176.41,0,0.571,-113.59,0.0,0.7,23
410.9,0,0.617,-18.76,1.0,0.0,10
435.4,0,12.5,5.09,0.2,1.0,2
400.75,1,0.769,88.1,0.5,0.7,8
97.33,0,3.375,24.28,1.0,1.0,2
212.93,1,0.69,-140.19,0.5,1.0,17
280.28,0,3.0,-125.33,0.2,0.4,12
144.54,1,1.189,-133.57,0.5,0.0,18
54.69,0,0.368,-223.67,0.8,0.7,7
429.28,0,27.0,208.75,1.0,0.4,15
80.46,1,1.704,-203.27,0.8,1.0,17
438.04,0,0.8,-9.38,0.8,1.0,12
68.4,0,0.8,-276.01,1.0,1.0,15
273.65,1,1.667,-41.52,0.8,0.0,19
475.86,0,1.5,84.18,0.5,0.0,23
238.75,0,0.923,104.41,0.0,1.0,16
179.34,0,3.818,55.56,0.2,0.4,1
327.55,0,0.714,-140.53,0.5,0.7,7
416.48,1,0.077,-33.84,0.8,0.7,9
462.71,0,0.341,233.24,0.5,0.4,10
291.96,0,0.759,65.66,0.2,0.7,13
204.64,0,0.273,-62.44,0.0,0.0,23
288.98,1,1.0,-133.63,0.5,0.7,9
476.19,0,0.62,315.76,0.0,0.0,12
207.53,0,0.458,17.57,0.2,0.0,7
234.59,0,0.552,-262.42,0.2,0.7,11
300.71,0,0.065,-186.21,0.8,1.0,5
355.43,0,13.0,286.51,1.0,0.4,10
449.47,0,0.5,-13.2,0.0,0.0,5
302.08,0,2.19,-181.93,0.2,0.4,15
286.02,0,0.838,18.2,1.0,1.0,7
163.22,0,9.0,42.34,0.5,0.7,14
417.85,0,0.324,154.6,1.0,1.0,14
242.2,0,2.5,86.7,0.2,0.0,22
195.88,1,0.5,-169.83,0.2,1.0,9
85.68,0,0.5,-386.87,0.2,0.4,7
388.47,1,1.095,301.45,0.8,0.7,17
80.07,0,1.333,-93.87,0.8,0.4,20
75.0,1,9.0,-374.62,0.8,1.0,19
342.61,0,1.429,284.55,0.0,0.7,5
356.25,0,0.591,104.96,0.5,0.4,4
229.21,0,0.319,-37.37,0.5,0.7,21
140.75,0,2.692,-167.04,0.5,1.0,21
299.93,1,0.356,70.88,0.0,1.0,8
201.01,0,0.353,-289.01,0.2,0.4,13
83.96,0,0.812,-299.73,1.0,0.7,6
329.43,1,6.571,72.29,0.0,0.7,18
304.47,0,6.714,31.11,0.8,0.4,6
207.68,0,4.444,-99.48,0.0,0.0,14
375.72,0,0.278,166.95,0.2,0.4,14
252.48,0,0.27,200.79,0.5,0.4,4
203.21,0,0.816,80.52,0.0,0.7,1
461.52,0,1.708,46.77,0.0,1.0,14
249.63,0,0.929,72.54,0.2,0.0,7
186.22,0,0.733,-250.43,0.5,0.4,13
422.03,0,1.2,109.76,0.2,1.0,22
85.88,0,0.59,-380.67,0.2,0.0,14
308.8,1,0.476,-180.73,0.8,1.0,8
245.41,1,1.167,-159.82,0.8,0.4,9
136.07,0,0.85,-51.5,0.5,0.7,2
272.93,0,0.882,-48.69,0.8,0.7,10
456.8,0,0.364,68.09,0.5,0.4,14
69.35,1,1.048,-51.16,1.0,0.0,8
467.64,0,0.833,126.37,0.5,0.4,3
438.86,0,0.816,-43.59,0.0,0.0,3
320.63,0,19.0,82.1,0.5,1.0,0
107.35,0,1.148,-338.19,0.8,1.0,13
424.98,1,1.111,318.33,0.5,0.4,18
401.85,0,0.556,247.93,1.0,0.0,11
488.54,0,0.439,27.97,0.5,0.4,7
474.9,0,2.286,373.76,0.8,0.4,4
460.15,1,1.3,293.77,0.5,1.0,18
335.36,0,1.0,50.59,0.2,0.4,0
287.37,0,0.55,-94.26,0.8,0.7,21
292.42,0,0.297,133.36,0.5,1.0,12
266.58,0,0.6,2.08,0.0,0.7,2
405.34,0,19.5,280.57,0.2,0.7,11
156.32,1,0.94,-39.68,0.0,0.4,18
57.15,0,1.054,-9.92,0.0,1.0,10
80.4,0,1.111,-347.92,0.5,0.7,12
270.0,0,0.879,-158.92,0.5,0.7,3
371.48,1,10.75,193.62,0.2,0.0,8
319.41,0,1.25,-56.44,0.0,1.0,11
475.74,1,1.333,324.65,0.2,0.7,18
230.11,0,1.189,171.46,0.5,0.4,12
315.48,0,1.163,183.03,0.5,0.4,1
362.26,0,0.861,161.79,0.2,0.4,6
160.82,1,0.467,-309.59,0.2,0.7,19
454.17,0,0.39,98.52,0.0,0.4,20
95.66,1,1.4,-34.76,0.5,1.0,17
306.53,1,0.049,88.09,0.8,0.4,19
206.08,1,1.067,10.19,0.0,1.0,9
419.67,0,0.562,222.68,0.0,1.0,6
476.24,0,0.25,280.32,0.8,0.0,7
498.95,0,0.439,425.4,0.2,0.4,20
184.62,0,1.0,-18.78,0.5,0.0,15
120.32,0,0.95,-295.54,0.0,0.4,14
410.35,0,0.455,344.33,0.8,0.0,10
420.03,0,0.375,40.29,0.5,0.0,0
150.45,0,0.958,-209.41,1.0,0.7,10
370.83,0,0.125,109.13,0.5,1.0,22
273.28,1,0.913,168.71,0.8,1.0,19
334.31,1,0.364,225.15,0.5,1.0,9
104.15,0,0.071,-130.58,0.0,0.7,14
192.17,0,1.75,138.0,0.0,1.0,3
68.69,0,0.238,-50.54,0.5,1.0,4
343.46,0,0.535,25.42,0.8,0.0,22
147.1,0,0.295,-336.86,0.0,0.0,23
67.07,0,1.289,-2.79,0.5,1.0,2
379.71,1,1.75,59.76,0.8,0.0,19
67.22,0,2.786,-342.44,0.8,0.0,16
285.35,1,0.444,51.92,1.0,1.0,9
208.54,0,0.745,-78.81,0.5,1.0,13
332.47,1,0.13,-14.91,0.8,0.7,8
291.34,0,1.361,169.2,0.8,0.4,2
265.63,0,3.0,145.39,0.8,0.4,15
492.58,1,1.146,392.06,0.5,1.0,17
256.15,1,3.154,47.88,0.5,0.0,8
377.22,0,2.267,6.86,0.0,0.4,6
321.65,1,1.923,-156.88,1.0,0.7,9
206.01,0,2.471,28.18,1.0,0.4,7
167.1,0,5.0,-99.26,1.0,0.0,5
281.8,1,0.735,43.76,0.5,0.0,17
271.14,0,0.449,175.7,0.8,0.7,13
207.99,0,9.333,-115.44,0.5,1.0,22
466.76,1,1.25,376.53,0.0,1.0,17
57.32,1,3.8,-7.25,0.5,0.7,19
405.95,0,0.449,247.85,0.8,1.0,21
354.65,0,8.0,259.91,0.8,1.0,22
427.84,0,3.455,329.36,0.5,1.0,12
433.45,0,10.0,318.84,0.0,0.4,16
194.56,0,0.864,-151.62,0.5,0.7,2
497.09,0,0.091,123.13,1.0,0.4,2
333.99,0,1.231,177.38,1.0,1.0,12
93.83,0,0.8,-52.72,0.2,0.7,3
397.6,0,2.267,320.85,0.0,0.0,7
120.82,0,0.714,-67.43,0.2,0.0,0
175.09,0,0.978,-71.87,1.0,1.0,5
389.57,0,0.667,270.9,1.0,1.0,16
94.9,0,0.565,-227.64,0.8,0.4,13
253.55,0,2.2,56.26,0.8,0.0,10
162.42,0,1.222,54.08,0.5,0.0,21
260.64,0,0.521,-173.26,0.0,0.4,1
216.03,0,0.14,-87.71,0.0,0.7,11
124.7,0,0.829,-313.23,0.0,0.7,11
244.11,0,1.038,-125.23,0.0,0.4,23
269.51,0,4.222,-29.49,0.5,1.0,0
312.67,0,13.333,90.94,0.2,1.0,6
263.14,0,2.333,-62.03,1.0,0.7,5
56.67,0,2.0,-65.36,0.5,0.4,22
426.38,1,1.0,290.25,0.0,0.4,19
84.56,1,0.533,-130.59,0.2,0.0,19
362.95,1,11.667,141.83,0.8,0.0,19
393.01,0,0.205,41.72,0.8,0.0,21
168.66,0,3.0,-300.15,0.0,0.0,12
106.34,0,0.95,-85.56,0.8,0.4,3
234.14,0,1.469,-64.36,0.2,0.7,0
167.83,0,0.2,-8.58,0.2,0.0,20
474.74,1,0.875,-25.0,1.0,0.0,9
464.73,0,0.045,100.9,0.2,0.4,3
250.22,1,5.125,-64.04,0.0,0.7,9
276.05,0,9.667,39.72,1.0,0.7,10
95.04,0,0.833,-252.22,1.0,1.0,20
59.8,0,2.8,-37.25,0.5,1.0,1
106.31,0,0.677,-287.75,0.8,0.7,14
170.96,0,0.795,96.37,0.5,0.0,13
169.49,0,0.483,-158.72,1.0,1.0,11
161.12,1,2.6,63.18,0.2,1.0,17
90.03,1,2.105,-327.09,0.8,0.7,8
57.61,0,0.04,-67.91,0.8,0.7,12
340.66,1,0.111,270.2,0.8,1.0,19
426.43,0,0.136,339.88,1.0,1.0,4
233.15,1,1.158,140.57,0.5,0.4,17
468.96,1,0.12,409.37,0.5,1.0,8
258.75,0,1.308,73.61,1.0,1.0,22
417.34,1,1.079,101.42,1.0,0.7,18
55.45,0,0.167,-286.88,0.8,0.0,11
409.07,0,0.133,357.3,0.0,1.0,12
344.23,1,3.267,153.29,0.5,0.4,9
287.51,0,0.103,187.72,0.0,1.0,2
391.5,1,0.804,-32.97,0.0,0.7,17
464.86,0,0.182,294.24,0.5,0.0,7
240.29,0,0.579,64.6,0.2,0.4,5
186.37,1,1.265,-117.72,0.8,0.7,18
305.4,0,0.733,206.4,0.0,0.4,15
159.71,0,0.625,109.14,0.0,0.7,14
312.62,0,1.184,89.49,0.8,0.7,6
372.93,0,1.88,-107.83,1.0,1.0,20
96.69,0,1.875,-157.8,1.0,0.7,21
172.87,0,4.5,-100.02,0.2,0.4,20
430.61,0,1.565,211.36,0.5,0.4,4
346.48,0,0.323,121.87,0.8,0.0,1
495.96,0,7.5,14.43,0.5,0.4,11
462.83,0,1.581,237.1,0.0,1.0,6
301.65,0,1.0,206.08,0.2,0.7,16
103.3,0,4.333,-269.39,0.8,0.4,22
363.87,0,0.077,49.52,1.0,0.4,0
226.92,1,2.882,-3.37,1.0,1.0,9
348.18,0,0.368,15.4,0.5,0.7,13
319.68,0,0.067,162.88,0.2,1.0,11
293.45,0,0.149,65.65,1.0,0.4,20
321.95,0,2.333,-111.56,0.0,0.7,15
225.24,0,3.333,151.12,0.0,0.0,16
387.43,0,0.86,300.01,0.5,1.0,1
430.74,1,5.4,173.89,1.0,0.7,19
330.57,1,1.042,49.15,0.2,0.0,18
352.66,0,0.25,52.44,0.2,0.4,11
487.18,0,0.465,62.69,1.0,0.0,20
418.96,0,0.957,-14.75,0.8,0.4,21
83.11,0,3.143,-85.55,0.5,0.0,20
476.91,0,1.467,316.65,0.8,0.7,22
81.59,0,1.741,-30.74,0.0,0.4,1
146.0,1,0.074,59.27,0.8,0.7,17
78.41,0,1.24,-254.95,0.2,0.0,15
167.81,0,0.481,65.44,0.8,0.4,5
192.59,0,2.538,-138.96,1.0,0.0,3
173.26,0,1.071,-253.21,0.2,0.4,5
370.86,0,8.6,-9.52,0.2,0.7,1
448.48,0,3.5,112.7,0.8,1.0,12
449.63,1,0.48,291.45,1.0,0.7,17
194.4,0,1.081,-242.63,0.2,0.7,22
392.72,0,1.481,226.56,1.0,0.7,14
333.41,0,0.333,-61.62,1.0,1.0,14
83.47,0,1.0,-318.95,0.2,0.4,13
60.94,0,1.647,-307.45,0.0,0.7,15
88.33,0,1.032,-111.94,0.5,0.0,12
449.95,0,0.556,48.95,1.0,1.0,7
465.03,0,0.364,155.32,0.2,0.0,21
479.54,0,2.611,0.37,0.8,0.4,5
448.85,0,2.25,-36.13,0.8,0.0,2
195.8,0,0.769,12.17,1.0,0.0,20
205.12,0,1.905,-123.53,1.0,1.0,3
374.67,0,3.333,-111.91,1.0,0.4,0
433.72,0,0.719,241.59,0.5,0.0,10
164.69,0,4.2,-88.46,0.0,0.0,22
147.46,0,0.705,-78.72,0.8,0.0,22
241.56,0,1.353,-241.03,0.8,1.0,13
122.14,0,1.0,-354.49,0.5,0.4,2
408.42,0,7.0,114.05,0.5,1.0,2
476.48,0,0.062,111.74,1.0,0.4,14
301.38,1,0.415,21.31,0.2,0.4,17
357.33,0,0.097,72.56,0.2,0.0,3
153.29,0,1.414,-88.75,0.5,0.7,5
132.75,0,2.3,-129.62,0.0,0.0,14
297.69,0,14.5,185.71,0.8,0.7,12
356.85,0,0.179,234.78,1.0,1.0,10
228.0,0,0.341,148.2,1.0,0.7,14
357.99,0,3.667,299.22,0.5,0.0,20
328.3,0,4.125,-31.59,0.5,0.4,1
143.6,1,2.333,72.15,0.2,1.0,19
108.05,0,3.222,-86.96,0.2,0.4,12
351.35,0,3.538,-5.91,0.5,0.4,5
308.44,1,1.571,-182.83,1.0,0.4,19
100.34,0,0.051,-136.65,0.8,0.4,12
325.5,0,1.0,-100.77,0.8,0.7,22
436.16,0,1.143,271.75,0.5,0.7,22
94.82,1,0.08,-131.11,1.0,1.0,9
295.97,1,0.045,115.4,0.5,0.0,17
345.15,0,0.468,74.74,0.5,0.4,23
126.48,0,0.6,74.86,0.2,0.7,1
52.73,1,0.348,-365.42,1.0,1.0,19
237.07,1,0.804,-141.79,0.2,0.0,18
199.14,0,0.239,77.23,0.2,0.4,16
470.95,0,1.194,274.98,1.0,0.4,6
336.18,0,1.448,180.42,0.5,0.0,3
273.62,0,2.3,41.55,0.5,0.4,13
397.21,0,8.0,308.09,0.5,0.4,5
358.62,0,0.636,-67.05,0.8,1.0,16
292.24,0,0.972,61.4,0.2,0.0,6
314.4,0,0.514,-171.82,0.0,0.7,3
53.15,0,1.061,-338.5,0.8,0.0,7
409.67,0,5.6,-22.63,0.5,0.4,14
215.59,0,2.6,-150.54,0.5,0.7,12
196.69,0,4.0,-210.36,1.0,1.0,11
273.17,0,0.724,-50.1,0.0,0.0,20
495.25,0,0.448,86.38,0.2,0.0,7
199.11,0,0.408,-36.14,0.2,1.0,0
440.59,1,0.42,343.75,0.8,0.0,18
485.59,0,1.609,178.89,0.0,0.0,1
131.69,0,3.909,-267.77,0.2,1.0,5
399.58,0,0.872,322.23,1.0,0.4,0
356.34,0,1.071,274.68,1.0,0.4,3
176.34,0,1.375,-279.79,0.0,0.4,7
389.8,0,0.949,124.18,1.0,0.4,7
457.86,1,0.171,260.1,0.8,0.0,17
354.54,0,0.412,-32.14,1.0,0.7,13
380.25,0,1.375,-103.21,1.0,1.0,3
295.74,1,6.0,-99.41,0.2,1.0,18
73.02,0,2.812,-386.2,1.0,0.0,2
156.75,0,0.032,-157.57,1.0,0.7,14
357.8,0,0.7,18.64,0.5,0.7,13
253.35,0,2.667,-58.34,0.2,1.0,11
397.03,0,0.61,192.52,0.2,0.7,15
99.11,1,0.622,-126.84,0.5,0.4,18
463.82,1,0.905,319.64,1.0,0.7,18
438.0,0,0.891,54.65,0.8,1.0,16
252.7,0,1.571,-137.65,0.8,0.7,20
82.42,0,1.194,-182.21,0.5,0.4,21
269.96,0,14.667,-209.9,0.2,0.0,11
94.04,0,0.977,-264.98,0.8,1.0,11
336.57,0,0.159,199.58,0.0,0.0,0
148.06,1,0.943,-164.68,0.2,0.4,19
275.47,0,1.0,98.34,0.2,0.4,14
321.81,1,1.0,213.36,1.0,0.7,17
377.62,0,16.667,226.73,0.2,1.0,2
256.37,0,1.182,65.27,0.5,0.0,21
120.14,0,1.379,-197.27,0.0,0.4,2
170.53,0,0.562,-98.75,0.5,1.0,1
313.32,0,7.333,-56.34,0.5,0.7,10
494.01,0,1.552,425.15,0.2,0.0,1
261.62,0,3.375,178.48,0.8,0.7,15
173.34,0,0.649,-88.21,0.8,0.0,5
303.67,0,0.194,-163.56,1.0,0.0,0
354.65,0,0.323,-35.47,0.0,1.0,5
380.72,0,0.069,284.2,0.2,0.4,4
156.58,0,0.833,-212.96,0.0,0.7,15
238.66,0,1.0,-124.08,0.2,0.0,10
195.73,0,1.0,-277.08,1.0,0.7,3
145.51,0,0.333,-54.26,0.0,1.0,10
292.52,0,0.64,-118.38,0.5,0.4,16
269.67,0,4.667,-166.35,0.2,0.0,20
65.91,0,1.63,-217.89,0.2,1.0,7
347.31,0,0.532,-71.52,0.2,1.0,13
476.13,0,0.167,343.44,0.0,1.0,16
60.51,0,0.5,-36.37,1.0,0.0,12
60.69,0,1.4,-313.9,0.5,0.0,2
143.24,0,0.75,-288.51,0.5,0.7,3
246.39,0,0.1,-17.64,0.2,0.0,23
83.25,0,0.255,-258.82,0.2,0.4,6
434.83,0,1.171,352.17,1.0,0.4,4
324.23,0,0.595,223.62,0.5,0.4,12
121.83,0,5.167,-342.01,0.0,0.0,21
279.91,0,0.9,-63.66,0.8,0.7,5
74.36,0,0.6,-104.37,1.0,0.7,2
290.95,0,1.371,40.74,0.2,0.4,3
117.83,0,2.0,-244.01,1.0,0.0,14
489.22,0,0.407,190.19,0.5,0.7,22
214.55,0,1.704,-96.27,0.2,0.7,2
430.09,0,27.0,192.46,0.0,1.0,15
362.65,0,2.9,196.97,0.5,0.4,20
253.87,1,2.143,-5.73,0.5,1.0,18
167.39,0,1.029,-81.29,1.0,0.7,21
260.65,0,0.677,-138.3,0.0,1.0,22
281.28,0,0.25,-41.72,0.2,0.7,16
77.58,0,0.765,-241.85,1.0,0.4,7
82.04,0,0.936,-257.72,0.8,0.7,22
50.59,0,14.5,-87.55,0.8,0.0,1
64.97,0,1.214,-159.27,0.8,0.0,11
427.7,0,0.111,89.13,0.8,0.7,20
336.19,0,1.542,221.23,1.0,0.4,13
392.79,0,0.245,224.66,1.0,0.7,2
358.55,0,0.545,271.11,0.8,0.0,2
88.52,0,0.949,-239.04,0.5,0.0,6
468.93,0,29.0,365.61,0.0,1.0,13
126.75,0,0.292,-139.04,0.0,0.0,21
178.24,0,4.75,27.02,1.0,0.7,4
220.69,0,0.744,-144.03,0.5,1.0,5
197.39,0,10.75,117.07,0.0,0.0,3
72.95,0,1.419,-24.81,1.0,0.7,5
55.32,1,3.917,-16.31,0.5,0.7,8
358.73,1,2.818,-109.9,0.2,0.4,19
495.39,0,6.0,367.92,0.8,0.7,23
171.06,0,1.258,-86.26,0.5,0.4,6
317.75,0,1.333,-69.06,0.8,0.7,15
205.95,0,4.455,-16.66,1.0,0.7,21
75.27,0,3.818,-12.25,0.5,0.0,0
145.04,1,1.064,-36.23,0.5,0.0,17
471.84,0,0.533,-20.64,0.2,1.0,5
383.7,0,1.885,-13.45,1.0,1.0,6
384.59,0,4.375,-70.64,0.0,0.7,12
89.78,1,0.64,-318.29,0.5,0.0,17
326.92,1,1.7,100.98,1.0,0.0,18
325.52,0,0.474,43.54,0.2,0.7,23
177.46,0,2.364,107.15,0.5,1.0,13
62.06,1,0.773,-265.68,1.0,1.0,18
218.25,1,0.706,58.68,0.2,1.0,17
93.73,1,5.429,-8.72,0.0,0.7,17
162.63,0,0.143,-192.21,1.0,0.7,12
84.37,0,1.364,-126.26,1.0,1.0,1
144.34,0,0.767,-274.09,0.8,0.4,13
471.65,1,0.4,182.31,0.0,0.4,8
169.11,0,1.593,-36.66,0.8,0.4,0
183.43,0,1.0,-238.38,1.0,1.0,21
324.39,0,0.152,-161.38,0.5,1.0,14
377.98,1,0.436,201.96,0.5,1.0,8
312.74,0,1.583,-158.22,0.0,1.0,3
356.99,0,2.118,-137.01,0.2,0.0,22
256.11,0,4.667,-18.46,1.0,0.0,2
329.67,0,2.3,-124.01,0.8,1.0,20
283.31,0,1.212,-45.09,1.0,1.0,23
175.45,0,1.158,-105.27,0.8,0.7,11
51.92,0,0.889,-411.21,0.2,0.4,22
197.73,0,0.022,-123.2,0.2,1.0,11
494.54,0,8.6,182.9,0.5,1.0,2
62.25,0,0.872,-56.69,0.5,0.7,23
159.08,0,0.795,-214.37,0.5,1.0,23
234.32,0,0.208,-177.17,0.2,0.4,23
484.74,0,4.0,69.61,0.0,1.0,6
283.31,0,2.353,-156.57,0.2,0.0,7
367.95,0,0.333,115.67,0.5,0.4,5
426.65,0,0.286,-55.45,0.2,1.0,15
336.08,1,1.296,213.2,0.5,1.0,17
437.71,0,2.077,27.8,0.0,0.4,20
294.62,0,0.357,238.17,1.0,0.4,1
391.23,1,0.914,319.86,0.8,1.0,17
446.9,0,0.467,240.88,1.0,0.7,1
154.24,0,1.04,-90.61,0.5,0.0,4
332.82,0,0.182,34.88,1.0,0.4,23
472.16,1,1.8,10.47,1.0,1.0,9
460.1,0,12.667,267.86,1.0,0.7,6
322.57,1,0.826,-69.96,0.2,0.4,17
252.05,1,1.842,185.85,0.2,0.0,17
149.1,0,0.14,-204.43,1.0,1.0,11
439.19,0,0.959,294.87,0.2,0.0,20
285.33,0,1.12,-205.74,0.2,1.0,14
225.14,0,0.886,-17.22,1.0,0.7,20
288.13,0,3.1,-94.32,0.0,0.4,4
497.27,1,0.03,229.87,1.0,0.4,8
480.46,0,4.833,427.2,0.2,0.4,14
334.98,0,0.439,-80.99,0.5,1.0,16
128.07,0,0.786,-351.25,0.2,1.0,7
395.2,0,0.913,320.03,0.5,0.4,21
367.57,1,1.478,106.15,0.0,0.4,17
336.21,0,0.312,-85.0,0.2,0.7,0
369.13,0,0.1,-35.77,0.0,0.4,15
