base_price,peak_hour,demand_supply_ratio,competitor_gap,weather_factor,traffic_factor,time_of_day
61.25,0,5.125,-112.51,0.2,0.4,13
383.3,0,0.159,87.89,1.0,1.0,16
148.39,0,0.333,-129.02,0.0,0.4,10
295.22,0,0.933,146.02,1.0,0.7,0
364.16,0,4.455,161.05,0.2,0.4,23
220.97,0,1.167,9.43,0.5,0.7,15
291.3,1,1.567,-196.6,0.8,0.0,8
328.33,0,0.463,-109.44,1.0,0.4,11
347.57,1,1.667,-50.31,0.0,0.4,9
254.03,0,1.389,-171.32,0.2,0.7,6
170.14,0,0.326,-301.35,0.0,0.4,23
123.53,0,2.938,-97.22,1.0,0.4,6
399.2,0,0.42,246.13,0.0,0.7,2
144.94,0,3.6,-329.37,0.5,0.4,22
448.11,0,1.231,108.83,0.2,0.7,21
302.62,0,0.333,134.39,1.0,1.0,11
148.69,0,1.083,-350.2,1.0,1.0,7
437.5,0,12.25,318.72,0.2,1.0,7
221.73,0,0.2,-276.52,1.0,0.7,5
374.32,0,0.023,17.55,1.0,0.7,6
182.08,0,2.75,60.91,0.0,0.7,0
278.46,0,4.083,180.58,0.5,0.4,16
122.7,0,0.49,-356.37,1.0,0.0,2
58.76,0,0.656,-409.33,0.5,0.4,7
476.13,1,0.432,387.59,0.8,0.0,8
106.59,0,0.7,-240.3,1.0,0.4,11
240.41,0,0.872,95.1,1.0,0.4,16
497.82,0,0.769,155.37,0.8,1.0,14
78.81,0,1.067,19.34,1.0,0.4,0
81.95,1,15.0,-252.05,0.2,0.0,17
281.37,0,4.4,106.06,0.8,0.4,12
470.98,0,0.191,164.01,0.8,0.4,13
92.45,0,2.077,-254.09,0.5,1.0,4
74.38,0,0.638,-269.67,0.0,0.0,22
410.27,1,2.136,311.1,0.2,0.4,18
239.85,0,3.222,64.5,0.2,0.0,6
72.76,0,5.143,-426.92,0.0,0.0,0
232.89,0,1.455,-33.72,0.8,0.0,14
493.39,0,25.0,324.05,0.8,0.7,2
497.94,0,0.957,197.84,0.8,0.4,7
485.92,0,1.357,175.29,1.0,0.0,12
72.56,0,5.25,-191.99,1.0,0.4,10
433.1,0,5.5,352.27,0.0,0.4,20
160.8,0,0.216,-156.73,1.0,0.0,10
304.35,0,1.132,111.98,0.5,0.4,15
157.41,1,2.19,-70.69,0.5,1.0,19
54.19,0,9.8,-275.33,1.0,0.0,22
277.65,1,2.5,168.04,0.5,0.0,8
120.99,1,1.263,-304.2,0.5,0.0,19
469.29,0,1.8,372.68,0.2,0.7,2
298.95,0,0.146,126.39,1.0,0.4,6
359.37,1,1.571,-74.44,1.0,1.0,17
335.43,0,0.667,-87.78,0.0,0.0,5
336.7,0,5.556,168.82,0.8,1.0,13
83.86,0,0.125,-363.54,0.2,0.0,23
116.64,0,1.056,9.29,0.5,0.7,23
356.93,0,1.643,6.81,0.5,1.0,2
466.59,0,4.8,310.06,0.2,0.4,1
381.45,0,0.167,181.97,0.8,0.4,7
98.64,0,0.244,-343.84,0.8,0.4,10
187.34,0,1.304,-220.57,0.2,0.4,10
229.31,0,3.308,53.94,0.0,0.7,15
229.86,0,1.273,-261.66,1.0,0.7,2
130.36,1,0.471,-352.78,0.5,0.0,17
205.56,0,1.393,-198.33,0.8,0.0,12
164.63,0,2.846,-204.32,0.0,0.4,10
476.99,0,5.6,12.64,1.0,0.7,5
455.02,0,0.17,176.81,0.8,0.7,23
299.49,0,2.368,163.16,0.8,0.4,13
232.73,0,1.85,-192.45,0.5,0.7,11
323.0,0,0.737,127.99,0.8,1.0,2
262.93,1,0.424,-192.6,0.2,0.0,18
334.82,0,0.767,133.99,0.2,0.7,3
60.99,0,1.3,-99.19,0.8,0.0,3
309.05,0,0.659,-64.21,0.8,1.0,5
345.23,0,1.6,292.73,0.0,1.0,16
283.08,0,0.267,210.48,0.2,0.0,1
350.41,0,0.3,-144.14,1.0,0.7,20
416.75,0,0.725,-34.66,0.8,1.0,2
252.53,0,1.548,-135.77,0.5,1.0,13
247.94,0,0.889,-123.16,0.2,0.7,0
86.26,0,0.6,-31.61,0.8,0.4,7
236.69,0,2.8,37.79,0.8,1.0,22
225.26,0,0.519,-171.15,0.0,1.0,4
184.38,0,0.043,-41.11,0.8,0.4,3
246.13,0,0.833,183.07,0.5,1.0,16
463.79,1,0.367,-27.53,1.0,0.0,17
348.35,0,1.027,260.57,0.8,0.4,13
167.07,0,3.0,-30.24,0.8,0.7,21
175.22,0,1.96,-302.82,0.8,0.7,3
387.06,0,15.5,313.62,0.5,0.4,10
480.78,0,0.1,412.66,0.0,0.4,10
118.57,0,0.05,11.77,0.0,0.4,6
395.1,0,2.647,269.59,1.0,0.0,16
310.41,0,2.857,-157.59,1.0,1.0,11
84.2,0,3.538,-276.58,0.2,0.0,3
432.63,0,2.5,112.44,0.0,0.0,23
347.68,1,1.25,266.65,0.5,0.0,8
245.09,0,4.571,32.11,0.8,0.4,23
284.79,0,0.255,-57.92,1.0,1.0,6
316.61,0,0.596,121.57,0.2,0.0,5
387.71,0,1.812,81.28,0.8,0.7,23
131.83,0,1.524,-13.62,0.5,0.7,3
446.05,1,0.867,145.94,1.0,0.4,19
232.89,1,0.34,-66.94,0.2,1.0,19
251.68,1,1.438,193.92,0.5,0.4,18
187.79,0,2.812,-123.91,0.8,0.7,20
198.86,1,1.333,-167.42,0.5,0.7,17
374.58,0,1.875,182.58,1.0,0.4,3
267.89,0,0.292,-108.17,1.0,0.7,10
152.37,0,0.684,21.62,0.0,0.4,15
299.01,0,0.75,-64.83,0.2,1.0,6
177.95,0,0.027,-87.47,0.5,0.4,22
101.34,0,0.548,21.94,0.8,0.0,1
74.12,0,0.932,-43.02,1.0,0.7,20
301.13,0,2.0,63.85,1.0,0.4,0
458.83,1,0.862,275.02,1.0,1.0,19
77.1,0,0.925,-404.95,0.0,0.4,15
347.19,1,0.824,226.51,0.2,0.0,8
252.73,0,0.037,-64.49,0.5,0.0,12
177.22,0,0.413,-259.6,0.0,0.4,12
347.53,0,1.079,-122.62,0.8,0.0,0
117.05,0,0.357,-52.48,0.2,0.0,4
317.77,0,0.55,-103.14,0.5,1.0,6
186.84,1,0.667,-44.29,0.5,1.0,18
67.94,0,0.154,-176.47,0.5,0.7,5
482.86,1,0.4,56.68,1.0,0.0,9
68.1,0,0.486,-322.22,0.8,1.0,6
246.15,0,0.316,-170.26,0.0,1.0,22
194.48,0,1.227,97.41,0.2,0.7,3
179.7,0,1.406,-295.64,1.0,0.0,4
163.58,1,0.286,61.42,0.8,0.0,17
235.96,0,1.167,101.55,0.5,1.0,16
73.23,1,0.592,-96.95,0.2,0.7,17
104.64,0,1.406,-383.28,1.0,0.4,23
297.88,0,0.55,-0.63,0.0,0.4,6
341.47,1,3.75,222.18,0.5,0.7,18
159.68,0,1.0,-138.39,0.8,0.4,1
445.7,0,0.688,6.89,0.5,1.0,15
419.25,0,1.833,241.97,0.5,1.0,1
267.95,0,0.829,68.35,1.0,1.0,3
491.35,0,1.615,333.89,0.8,0.4,5
385.12,0,0.143,17.77,0.8,1.0,4
272.9,0,4.2,206.24,1.0,0.7,11
286.68,0,4.143,31.06,0.2,1.0,0
261.27,0,2.0,-224.87,0.5,1.0,10
433.55,0,0.273,-3.15,0.8,0.7,13
269.58,0,0.939,-23.88,1.0,0.0,5
464.42,0,0.932,-34.42,0.0,1.0,15
366.75,0,1.195,271.52,0.2,0.7,23
408.26,1,0.143,226.24,0.5,1.0,8
235.42,0,0.471,-121.39,0.2,0.4,15
441.88,0,0.15,113.01,0.2,1.0,12
257.52,0,0.667,93.23,0.5,0.0,6
295.97,0,0.432,212.73,0.5,0.7,10
162.54,0,0.622,-267.85,0.2,1.0,14
221.61,0,0.438,10.08,0.5,0.7,14
173.52,0,1.654,-131.15,0.0,1.0,13
323.18,0,3.333,114.64,0.2,0.7,21
395.36,0,1.043,38.98,0.2,0.0,11
189.02,0,14.0,-59.35,1.0,0.7,22
459.33,0,1.5,262.31,0.8,0.4,7
444.41,0,0.257,229.77,1.0,0.7,14
485.32,0,0.548,302.51,0.5,0.0,23
389.37,1,0.5,237.84,0.8,0.7,9
169.01,1,26.0,63.4,0.5,0.7,9
473.13,0,0.61,374.37,0.2,1.0,7
197.6,1,1.111,-126.94,0.0,1.0,18
233.73,1,0.476,120.83,0.0,0.7,18
155.66,1,1.143,-136.24,0.8,1.0,19
363.42,0,0.896,70.33,1.0,0.4,20
425.16,1,6.0,98.12,0.5,0.0,18
249.52,0,1.714,-228.23,0.5,0.0,4
455.76,0,0.686,115.59,0.0,1.0,11
477.05,0,1.625,56.16,0.0,0.4,4
486.99,0,1.051,414.23,0.5,0.4,3
80.87,1,2.643,-313.45,0.2,0.4,9
116.4,0,0.44,-338.84,0.0,0.7,10
162.79,0,0.257,34.27,0.0,0.4,5
314.98,0,1.438,257.88,0.5,0.0,1
286.74,0,1.778,-98.81,0.8,1.0,15
99.07,1,0.868,-177.66,1.0,0.0,9
185.73,0,1.265,-153.77,0.0,0.0,0
358.74,0,0.929,88.12,0.8,0.0,5
116.75,0,0.538,9.96,1.0,0.7,22
182.7,1,1.147,-94.8,0.8,0.0,17
342.91,0,0.19,-53.12,0.2,1.0,11
202.52,0,0.556,-51.55,0.8,0.0,3
349.3,0,1.333,130.86,0.2,1.0,11
91.95,0,1.0,-1.5,0.5,0.4,23
480.48,1,0.105,177.72,0.0,1.0,9
240.32,0,0.878,-221.81,0.0,0.7,22
96.62,0,0.87,-181.72,0.2,1.0,4
430.42,0,0.304,215.02,0.5,0.4,13
418.29,0,0.72,92.18,1.0,0.0,4
170.35,0,0.956,39.16,0.5,0.7,15
441.44,0,0.083,136.6,0.8,0.0,16
487.31,1,1.171,396.02,1.0,0.4,8
203.4,1,0.9,-13.12,0.5,0.0,19
389.5,0,0.909,317.11,0.0,0.7,6
268.55,0,1.536,19.63,0.5,0.4,21
205.33,0,4.125,105.43,1.0,1.0,15
70.44,0,2.15,-157.43,1.0,0.0,21
475.4,1,0.7,80.09,0.5,0.7,17
273.82,0,8.0,30.03,0.2,1.0,2
275.12,0,3.067,-149.89,0.5,0.0,11
246.3,0,16.0,-10.59,0.0,0.7,4
231.99,1,0.757,-106.07,0.5,0.0,17
127.34,0,0.095,-349.09,0.8,0.7,13
159.49,0,4.0,-155.5,1.0,0.0,13
202.78,0,0.417,2.9,0.2,0.0,3
288.77,1,5.125,151.51,0.5,0.7,9
156.32,1,4.2,40.42,0.2,0.4,18
391.62,0,0.204,307.71,0.8,1.0,22
310.76,0,0.755,-45.75,1.0,0.7,12
247.89,1,2.1,-13.12,0.5,0.7,18
278.3,0,0.174,88.62,0.8,0.0,10
84.53,0,1.263,-354.38,0.0,1.0,11
479.4,0,1.056,96.89,0.0,1.0,13
194.69,0,3.231,-69.34,0.2,0.0,14
492.07,0,0.318,404.12,0.2,0.0,1
495.94,0,1.586,210.11,1.0,0.4,11
224.34,0,1.263,-174.17,1.0,0.0,4
79.66,0,1.909,-12.87,0.8,0.7,15
483.98,0,1.093,162.76,0.2,0.7,4
113.64,0,0.884,-93.78,0.8,0.4,10
189.31,0,7.667,-30.2,0.5,0.4,14
498.72,0,0.938,38.12,0.0,1.0,7
213.17,1,12.0,82.05,0.2,0.7,8
499.99,1,0.867,380.26,0.5,0.0,9
425.8,1,1.429,-21.86,0.0,0.7,8
219.52,0,0.231,96.51,1.0,0.4,22
234.89,0,9.667,-119.47,0.2,1.0,0
386.84,0,0.388,134.82,1.0,0.4,10
215.53,0,2.385,-260.68,0.8,1.0,22
276.31,0,2.0,37.91,0.2,0.4,13
73.48,0,0.529,-192.79,0.5,0.0,20
178.28,0,4.25,-215.12,0.5,1.0,20
91.27,0,0.357,-368.46,0.8,0.7,4
228.4,0,6.75,10.12,0.8,0.0,11
193.41,0,7.5,98.82,0.5,0.4,1
462.83,1,0.158,200.23,0.2,1.0,18
457.64,0,40.0,399.09,0.2,0.4,15
287.5,0,1.205,187.47,0.5,0.4,4
157.3,0,2.0,-180.23,1.0,1.0,21
318.53,0,0.25,261.13,1.0,0.4,4
243.16,0,0.526,-83.5,0.2,1.0,13
88.53,0,1.0,-400.06,0.0,0.0,1
336.05,0,10.333,-155.42,0.5,0.0,2
158.51,0,0.217,-187.19,0.0,0.7,10
295.71,0,0.13,-120.37,0.2,1.0,7
132.03,0,0.756,21.35,0.8,0.0,21
406.0,0,4.333,-42.61,0.5,0.7,16
263.03,0,0.743,196.55,0.2,0.7,2
439.61,1,12.5,240.24,0.0,0.7,19
247.88,0,0.542,-232.54,0.5,0.4,10
215.31,0,1.406,-193.47,0.5,0.0,10
243.77,1,4.667,-254.02,0.2,0.7,8
197.56,0,1.167,14.52,0.8,1.0,10
208.2,0,1.552,139.14,0.5,1.0,14
83.77,1,10.25,-253.11,0.5,0.4,18
355.14,0,0.256,107.96,0.2,0.0,2
214.85,0,1.19,-7.43,1.0,0.0,12
252.47,1,0.227,35.54,0.8,0.0,8
215.13,0,0.265,23.66,0.5,0.4,6
133.72,1,0.042,-149.27,1.0,0.0,18
366.82,0,2.941,220.26,1.0,0.7,10
105.19,0,2.462,-328.58,0.8,0.4,16
414.73,0,4.833,-70.67,0.5,0.7,0
293.98,0,0.139,-157.12,0.2,0.4,16
104.61,0,2.2,-35.83,0.2,0.4,15
299.31,0,0.083,83.3,1.0,0.4,21
189.18,0,1.2,-310.64,0.8,1.0,7
106.4,0,7.4,-86.26,0.0,1.0,4
205.03,0,1.294,-240.05,1.0,0.4,20
459.82,0,0.848,384.88,0.0,0.4,22
195.2,0,1.0,-174.0,0.5,0.7,10
335.78,0,1.308,37.9,0.2,0.7,16
276.16,0,5.833,150.27,1.0,0.4,0
374.28,0,1.075,51.97,1.0,0.0,0
476.85,0,2.0,79.89,0.5,0.4,12
337.55,0,0.675,63.43,1.0,0.7,4
160.2,0,0.645,-253.11,0.8,0.7,7
76.96,0,0.111,-170.86,0.8,1.0,0
114.65,0,0.564,-323.02,0.5,0.7,7
216.74,0,0.184,-86.0,0.5,0.4,3
252.32,0,0.444,138.93,0.0,0.7,15
161.72,0,1.481,-277.67,0.2,0.7,0
135.43,0,2.238,13.73,1.0,1.0,4
60.43,0,0.625,-414.92,1.0,1.0,16
208.8,0,0.368,136.06,0.8,1.0,14
431.23,0,35.0,187.31,0.5,0.7,21
230.26,0,8.0,-76.37,0.2,0.7,5
223.86,0,3.8,-28.8,1.0,0.7,20
103.46,1,1.1,-385.33,0.8,0.7,17
389.73,0,1.5,250.15,1.0,1.0,1
67.51,0,1.0,-303.61,0.8,1.0,1
112.9,1,1.182,-356.22,0.5,0.4,19
429.17,0,0.833,111.99,1.0,1.0,2
263.7,0,1.85,206.21,0.5,0.0,16
408.54,0,1.9,32.14,0.0,1.0,10
310.31,0,0.84,157.92,0.0,1.0,1
374.53,0,0.829,-24.04,0.8,0.4,15
307.66,0,5.333,-57.57,0.2,0.0,10
118.14,0,0.778,-242.59,0.8,1.0,14
367.6,0,11.75,84.19,1.0,0.7,7
219.57,0,0.912,-260.94,0.8,0.7,21
397.4,0,0.523,22.98,0.5,1.0,2
301.14,0,0.889,149.95,0.5,0.7,10
367.24,1,0.311,174.57,0.5,0.7,9
354.48,0,0.216,133.62,0.8,0.7,6
179.43,0,6.333,-191.93,0.5,1.0,21
265.59,0,0.354,124.66,1.0,0.7,10
111.77,0,2.5,-215.28,1.0,0.4,12
457.33,0,0.093,305.78,0.2,0.0,11
372.81,0,1.227,277.56,0.2,0.0,12
343.8,1,0.407,-102.49,0.8,1.0,9
483.76,0,0.265,289.23,0.0,0.0,5
290.82,0,2.467,-84.58,0.0,0.4,13
498.73,0,4.0,270.08,0.8,0.4,10
54.17,0,6.333,-251.41,0.0,0.7,16
294.49,1,0.714,22.23,0.2,1.0,18
198.81,0,1.625,-180.19,0.5,0.4,7
405.85,0,2.182,100.35,0.2,0.4,23
422.15,0,1.577,140.27,0.0,1.0,16
491.76,0,0.583,226.91,0.2,0.0,20
251.03,0,1.562,80.88,0.5,0.7,14
55.15,1,1.27,-289.01,0.2,0.0,19
188.06,1,0.267,-44.38,1.0,0.7,18
462.26,0,0.195,279.49,1.0,0.4,15
118.93,1,0.29,-267.55,1.0,0.7,17
460.76,0,1.25,69.95,0.2,0.4,16
442.91,0,1.256,356.07,0.8,0.7,11
77.79,0,4.625,-218.65,1.0,0.4,11
124.04,0,3.5,-310.48,0.8,0.0,16
312.42,0,0.304,221.5,1.0,1.0,12
280.96,1,3.333,25.4,0.0,1.0,8
59.8,0,0.426,-104.71,0.0,0.4,23
240.66,0,1.667,-124.51,1.0,0.0,7
179.19,0,10.333,48.2,0.2,1.0,12
441.33,0,0.862,-16.72,0.8,0.0,10
109.85,0,1.229,-327.28,0.0,0.4,16
107.31,0,0.765,-383.12,0.0,0.0,10
373.59,0,0.682,132.73,0.8,0.4,1
119.8,0,1.304,-15.02,0.0,0.0,12
394.72,0,0.675,-52.97,0.0,0.4,20
317.27,0,0.714,66.37,0.0,0.4,4
247.53,1,0.115,-45.36,0.0,0.4,17
417.1,0,1.267,37.92,0.5,0.7,0
493.56,0,2.0,209.0,0.8,0.7,13
476.83,0,0.111,30.96,0.2,1.0,0
487.53,0,8.0,13.82,0.8,0.7,5
117.15,0,1.0,-102.26,1.0,1.0,16
435.89,1,0.75,320.93,0.8,0.0,9
300.78,0,1.0,190.44,0.2,0.7,2
85.58,0,0.524,-166.82,0.5,0.0,20
73.19,0,3.615,-146.54,1.0,0.0,23
314.41,0,0.265,-37.74,0.2,1.0,14
480.66,0,1.1,423.76,0.2,0.0,14
461.5,1,1.581,98.47,0.2,1.0,19
398.98,0,1.714,177.68,1.0,0.7,12
280.77,0,0.708,7.0,0.0,1.0,6
216.82,0,1.5,-19.45,1.0,0.4,3
167.35,1,5.0,-303.29,1.0,1.0,17
198.44,0,0.769,-22.49,0.2,1.0,11
201.9,0,0.955,-191.61,0.8,1.0,15
407.74,0,0.234,281.57,1.0,1.0,20
480.76,0,0.833,194.99,0.0,0.0,0
429.15,0,3.0,275.0,0.2,0.0,16
217.94,0,1.1,-110.09,1.0,1.0,14
52.98,1,16.0,-245.26,0.0,0.0,9
291.08,0,2.611,112.07,1.0,1.0,6
285.97,1,1.0,127.53,1.0,0.7,8
85.56,0,0.692,-396.12,0.8,0.4,3
357.82,1,0.75,-73.72,0.0,0.0,17
298.72,0,1.0,223.47,0.0,0.4,1
340.21,0,1.143,141.14,0.0,0.0,16
449.4,0,0.311,185.42,0.0,0.0,7
303.58,1,0.514,238.77,0.5,0.0,17
388.51,1,3.8,17.79,0.8,0.0,8
158.21,0,0.297,-267.38,0.8,0.7,15
112.98,1,1.021,-381.84,0.0,0.7,17
154.46,0,0.25,70.25,1.0,1.0,21
173.0,0,0.049,-323.66,0.8,0.4,5
244.33,0,1.44,-111.53,0.8,0.0,7
370.9,1,1.188,283.98,0.2,1.0,19
382.84,0,4.1,190.33,0.0,0.0,3
211.96,0,0.69,40.57,0.2,0.0,13
300.64,0,0.966,20.04,0.0,0.0,10
91.88,0,0.639,-227.24,0.5,1.0,11
224.51,0,0.704,136.4,1.0,0.4,12
358.39,0,3.091,232.11,0.5,0.7,4
78.47,0,3.2,-167.13,0.8,0.7,12
163.26,0,0.208,2.29,0.8,0.4,22
187.1,0,0.778,-289.87,0.5,1.0,14
243.78,0,1.318,-176.81,1.0,0.4,6
476.28,1,0.538,335.9,0.5,0.4,8
380.69,0,1.105,45.88,1.0,0.4,22
417.42,0,1.389,190.6,0.0,0.4,16
356.77,0,2.917,59.23,0.8,0.4,16
81.12,0,0.422,-350.38,0.8,1.0,22
158.91,0,2.05,-187.49,0.8,1.0,20
265.66,0,0.744,35.3,1.0,1.0,2
365.74,0,0.125,-49.79,1.0,0.0,15
345.92,1,3.125,136.17,1.0,0.0,8
341.03,0,0.955,-144.04,0.5,1.0,22
166.43,0,0.143,-113.37,1.0,0.4,0
258.38,0,0.923,-97.42,1.0,0.4,4
97.05,0,0.065,-140.14,0.0,0.0,3
190.35,0,0.435,-64.55,0.2,1.0,21
247.17,0,4.429,-116.37,0.5,0.0,6
101.79,0,0.065,-330.34,0.0,0.4,4
128.5,0,0.471,6.44,1.0,1.0,13
333.39,0,0.577,199.52,0.8,1.0,22
447.39,0,1.2,195.08,0.8,1.0,4
142.6,1,3.286,-245.95,0.0,0.0,17
196.69,0,0.5,-59.21,0.5,1.0,13
318.64,0,1.952,-6.45,1.0,0.0,22
327.81,0,0.767,-88.37,0.5,0.0,10
103.04,0,0.429,-84.38,0.2,0.7,11
224.81,0,0.303,-93.58,1.0,1.0,2
335.98,0,0.375,-26.06,0.2,0.4,0
134.19,0,2.111,-294.7,1.0,0.0,22
111.44,1,0.031,-305.41,1.0,1.0,8
237.03,0,1.375,-190.92,0.8,0.4,1
408.15,0,18.5,258.91,0.0,0.7,3
125.69,0,1.842,-130.1,0.8,0.0,11
398.8,0,0.444,-21.68,0.5,0.0,10
295.86,0,1.621,-199.54,0.0,0.4,12
168.27,0,0.103,-269.72,0.0,1.0,21
144.45,0,3.125,-237.48,0.5,1.0,11
403.18,0,4.444,-12.91,0.0,0.7,3
292.45,0,0.462,96.81,0.5,0.7,11
493.47,0,0.545,137.79,0.0,0.4,7
496.62,0,6.75,56.45,0.2,0.4,20
194.94,0,0.217,33.54,0.8,1.0,15
170.92,0,0.902,-65.48,0.8,0.0,22
231.28,0,8.333,-156.13,0.5,1.0,4
51.11,1,0.553,-347.25,0.0,1.0,19
211.2,1,0.956,132.7,1.0,1.0,18
272.62,1,2.0,77.33,0.5,0.7,18
304.76,0,4.111,36.36,0.5,0.0,10
402.75,0,0.171,145.94,0.0,0.4,10
496.33,0,30.0,253.82,0.2,0.7,3
344.56,0,3.0,181.88,0.5,0.4,21
187.48,0,0.634,-177.27,0.2,1.0,22
92.83,0,0.13,-53.21,0.0,0.4,13
355.99,0,0.441,301.81,0.5,0.0,3
264.97,0,5.0,111.94,0.0,0.0,4
446.45,1,0.875,334.74,0.2,0.4,8
53.81,0,0.919,-288.7,0.8,0.7,20
386.72,1,0.341,-77.23,1.0,1.0,19
113.01,0,0.857,7.59,0.8,0.7,12
161.5,1,2.333,-178.58,0.2,0.7,18
444.12,0,0.047,301.67,1.0,0.4,12
340.78,0,1.368,-61.93,0.2,1.0,11
274.81,1,0.5,-42.46,1.0,0.0,17
224.08,0,2.333,-203.46,0.8,0.7,20
393.23,0,3.667,-86.27,0.0,0.0,3
167.98,0,5.0,100.06,0.0,1.0,11
370.68,0,0.463,-24.52,0.8,1.0,2
291.94,1,1.171,173.23,0.0,0.7,9
488.44,0,2.357,368.52,0.5,1.0,5
425.54,0,0.837,69.06,0.0,0.7,0
479.04,0,0.596,321.65,0.2,0.0,1
325.53,0,0.267,250.77,0.2,0.0,10
365.67,1,5.111,241.95,0.5,0.7,9
387.4,0,2.667,-55.66,0.0,0.0,2
285.73,0,1.556,117.4,1.0,0.0,10
212.06,0,0.909,-62.76,1.0,0.4,3
398.0,0,0.647,-54.42,0.0,0.4,4
69.82,0,33.0,-368.5,0.2,0.0,15
464.1,0,0.96,333.57,0.0,1.0,3
237.32,0,1.312,-136.81,0.5,0.0,13
275.92,0,3.0,-179.95,0.2,0.4,15
81.02,1,0.115,-178.27,0.5,0.7,19
255.54,0,0.167,39.53,0.5,0.7,6
258.77,0,2.5,-57.49,0.8,0.4,22
408.19,1,0.714,290.44,0.8,0.0,9
336.17,0,1.522,-25.89,0.0,0.7,11
219.32,0,1.14,-162.82,0.5,0.0,22
238.92,0,2.125,-243.61,0.2,0.7,3
453.78,0,0.2,169.89,0.5,1.0,12
93.01,1,0.158,-17.07,0.8,0.0,17
245.74,0,9.25,-238.16,0.2,0.7,20
365.33,0,0.808,-15.58,0.5,1.0,20
474.6,0,3.0,363.35,1.0,0.0,10
252.31,0,0.636,61.0,0.0,0.7,16
258.51,0,1.45,-175.11,0.0,0.4,3
363.6,0,0.435,295.45,0.5,0.4,7
485.78,0,2.875,257.47,0.0,0.7,22
478.44,0,6.0,43.87,1.0,0.4,23
411.75,1,4.286,298.84,0.0,0.0,8
420.65,1,0.692,203.14,0.0,0.7,18
138.99,0,0.4,-201.7,0.2,0.0,10
474.03,0,2.667,401.24,1.0,1.0,15
63.27,0,0.812,-294.18,0.2,0.7,1
175.93,0,0.667,-271.61,0.0,0.4,16
235.4,0,0.594,-62.41,0.0,0.0,3
238.66,0,2.778,-100.53,1.0,0.4,4
495.23,0,17.5,93.37,0.5,1.0,0
460.7,0,1.391,184.62,0.8,0.7,5
318.7,0,0.095,255.51,0.5,0.0,16
395.08,0,1.478,-104.74,0.2,0.0,0
169.94,0,2.688,-247.39,0.0,0.4,4
470.84,0,1.087,-25.35,0.2,0.4,1
412.79,0,1.81,48.86,1.0,0.0,13
476.4,1,1.957,172.78,1.0,0.4,19
129.0,0,1.75,61.92,0.0,0.4,20
286.9,1,7.5,236.59,1.0,0.4,17
129.86,0,0.478,-281.23,0.5,0.0,14
367.11,0,0.263,253.37,0.0,0.7,23
473.87,0,0.522,245.85,0.0,0.7,3
489.14,0,2.333,109.58,0.8,1.0,12
368.23,0,1.75,65.34,1.0,0.7,6
416.5,0,1.132,196.23,0.5,0.4,10
476.95,0,47.0,0.04,0.8,0.0,0
464.47,0,1.857,-20.92,0.2,0.0,10
385.4,0,0.455,228.3,0.5,0.4,16
351.51,0,0.13,-26.67,0.5,1.0,13
162.29,0,1.214,81.78,0.5,0.0,0
223.67,1,0.25,-155.99,0.2,1.0,17
295.71,1,1.087,200.07,0.8,0.4,19
409.64,1,5.8,344.6,0.0,0.7,19
203.81,1,1.4,-245.76,0.2,0.0,19
317.31,1,0.273,-8.83,0.8,0.0,8
323.29,0,3.818,77.9,0.0,0.0,11
234.18,0,1.077,-65.17,1.0,0.7,11
156.9,0,0.95,84.56,1.0,1.0,14
51.72,0,0.167,-37.71,1.0,1.0,10
143.13,0,3.5,-194.06,0.0,1.0,2
261.93,0,0.769,-190.76,0.5,0.0,4
133.2,0,1.4,-315.27,0.5,0.4,0
247.88,0,0.176,79.35,0.5,0.0,20
350.36,1,1.089,261.79,0.5,1.0,17
299.12,0,2.533,-129.24,1.0,1.0,20
307.72,0,1.419,151.68,0.5,0.0,15
275.95,0,15.333,-179.25,1.0,0.4,15
127.8,0,1.69,-365.17,0.2,0.4,2
85.27,0,0.107,-272.14,0.2,0.4,10
459.86,0,0.81,-1.52,0.0,0.0,6
298.42,0,1.385,-137.06,1.0,1.0,11
314.41,0,1.125,-87.35,0.0,1.0,23
314.57,1,0.27,-76.7,0.0,0.0,9
403.59,0,7.143,-36.77,0.5,1.0,13
268.51,0,0.595,-55.52,0.0,0.4,12
328.21,0,2.6,-28.16,0.8,0.0,13
156.91,1,0.489,-228.68,0.5,0.7,18
189.93,1,1.1,-239.35,0.0,0.4,8
249.4,0,0.417,-172.22,0.5,1.0,12
134.57,0,7.0,-10.56,0.8,1.0,11
419.46,0,1.417,137.59,0.2,0.0,6
231.52,1,1.394,-169.71,1.0,0.0,18
426.64,1,1.0,264.37,0.8,0.0,19
173.29,1,3.538,-247.29,1.0,1.0,18
63.75,0,0.182,-153.86,1.0,1.0,10
298.1,0,0.816,93.19,0.5,0.0,15
72.34,0,0.08,-361.88,0.2,0.4,16
143.03,0,0.341,-200.18,1.0,0.0,12
460.18,0,0.032,118.86,1.0,0.0,5
412.29,0,0.436,224.83,0.5,1.0,7
163.4,1,0.767,-96.61,1.0,1.0,9
280.18,0,7.0,-67.88,0.5,0.7,10
266.78,1,6.286,65.45,0.5,0.7,9
369.99,0,0.405,-81.58,0.5,0.4,22
158.14,0,0.694,82.59,1.0,1.0,11
112.97,0,0.477,51.52,0.8,0.7,23
224.72,1,1.038,158.83,1.0,0.4,8
150.06,0,1.022,-140.53,0.8,0.7,10
428.29,1,1.818,-16.13,0.2,0.7,17
383.41,1,3.444,7.08,1.0,0.4,17
90.18,0,0.524,-119.7,0.5,1.0,10
313.51,1,1.412,54.82,0.0,1.0,17
311.14,0,1.079,-18.15,0.8,0.4,1
221.75,0,0.182,37.49,0.0,0.4,2
234.14,1,0.591,-72.09,0.8,0.4,19
400.52,0,3.833,131.11,0.2,0.7,20
253.42,0,4.0,109.2,0.2,0.4,0
89.62,0,0.98,-236.9,0.8,1.0,13
52.1,0,1.24,-238.1,0.5,0.0,6
135.76,0,1.441,-218.78,0.2,0.4,11
108.02,1,1.15,-114.58,1.0,0.7,9
184.19,0,1.667,3.32,1.0,0.7,3
204.23,0,4.889,-251.39,0.5,0.4,14
152.79,1,13.0,-224.44,0.2,0.4,18
277.09,0,0.053,171.67,0.0,1.0,7
290.63,0,0.34,218.77,0.0,0.0,2
360.39,1,0.5,122.84,0.8,0.0,18
365.84,0,0.548,223.37,0.0,0.7,7
348.12,0,6.143,176.63,1.0,0.4,11
373.44,0,0.212,270.46,0.0,0.0,7
139.89,0,0.333,-28.46,1.0,0.4,0
182.91,0,1.704,115.18,0.8,0.4,23
155.53,1,1.409,99.79,0.0,0.0,8
117.12,1,1.344,26.58,1.0,0.0,17
457.15,0,6.714,117.2,0.8,0.7,13
94.91,1,7.5,-33.71,0.0,0.7,19
241.7,0,2.095,139.54,0.0,0.0,0
126.73,0,1.024,-84.16,0.8,0.7,21
416.73,0,0.25,284.44,0.8,1.0,1
360.46,0,0.72,95.25,0.8,0.4,7
376.89,1,0.2,-114.82,0.2,0.0,17
411.02,0,1.226,55.74,0.2,1.0,23
438.16,0,20.0,-7.82,0.2,1.0,4
248.31,0,0.296,169.81,0.5,0.0,11
395.39,0,1.294,85.9,1.0,0.4,15
285.4,1,0.647,-79.86,0.0,1.0,8
266.87,1,2.938,-81.8,0.8,0.4,18
55.24,0,10.0,-415.23,1.0,1.0,11
388.14,0,2.2,193.85,0.5,0.7,0
297.72,1,2.2,77.33,0.2,0.0,19
251.64,1,0.784,-183.83,0.8,0.7,19
344.02,0,0.667,247.83,0.8,0.0,21
421.66,0,36.0,15.36,1.0,0.7,7
344.57,0,2.571,89.28,0.5,0.7,15
199.39,1,0.5,-195.95,1.0,1.0,8
372.16,0,1.792,270.85,0.2,0.0,12
484.0,0,0.561,302.61,1.0,0.7,16
453.59,0,2.333,182.0,0.8,0.0,10
134.39,0,3.077,-334.21,0.8,0.4,23
202.07,0,0.283,-188.65,0.0,0.0,14
315.19,0,0.698,38.3,0.8,0.0,7
298.95,0,12.0,54.19,1.0,1.0,7
361.32,1,4.167,233.18,0.2,0.0,8
322.77,0,1.103,127.94,0.8,1.0,4
161.71,1,0.918,-67.33,0.5,0.7,9
235.74,1,1.0,-129.27,1.0,0.7,17
370.34,0,1.714,-100.64,0.2,0.4,12
180.76,1,0.87,-24.62,0.2,0.4,17
336.59,0,0.778,-33.07,0.5,1.0,13
369.56,0,0.86,16.15,1.0,0.7,3
97.91,1,0.029,-123.48,0.0,0.0,9
403.49,0,0.367,-89.1,0.5,0.4,22
141.8,0,2.368,-151.73,0.5,1.0,6
382.77,0,0.909,-56.41,1.0,1.0,23
179.44,0,0.733,-169.58,0.8,1.0,16
484.62,0,2.095,410.41,0.5,0.4,2
423.49,0,1.724,-36.68,0.5,0.4,14
251.97,1,0.684,-240.58,0.0,0.4,18
103.71,1,1.455,35.42,0.5,0.7,18
430.71,0,0.289,378.17,0.8,0.4,23
318.6,0,0.476,-79.55,1.0,0.7,22
211.14,0,1.028,-191.67,0.5,0.4,20
403.82,0,6.8,282.1,1.0,1.0,5
447.53,0,1.533,99.03,0.5,0.7,21
328.23,0,0.286,64.54,1.0,0.0,3
250.55,0,1.87,-206.47,1.0,0.4,23
221.62,0,2.095,-186.67,0.0,1.0,5
177.27,0,0.745,-282.83,0.5,1.0,6
454.23,0,0.158,317.6,1.0,0.0,20
292.09,0,0.22,238.79,0.0,0.4,14
145.93,0,0.82,-212.5,0.0,0.4,15
398.84,0,0.938,57.89,0.0,0.4,10
199.27,0,0.652,109.89,0.0,0.4,16
308.73,0,7.2,156.29,0.5,1.0,6
232.0,0,0.707,39.62,0.8,0.0,22
374.13,1,0.024,295.67,1.0,0.0,19
467.62,0,0.217,369.86,0.5,0.0,23
221.64,1,1.69,-198.32,0.0,1.0,8
111.37,0,2.333,-114.58,1.0,0.7,21
354.78,0,0.5,-106.6,0.5,0.0,5
105.46,0,3.6,53.2,1.0,1.0,16
187.11,0,6.0,-199.62,0.5,0.4,0
114.1,0,1.273,-18.7,1.0,0.7,21
351.94,0,0.667,46.66,0.0,1.0,22
180.79,0,7.2,100.48,0.0,0.4,13
478.19,0,1.188,267.48,0.2,0.0,15
455.05,0,8.0,262.05,0.8,0.7,11
362.06,1,2.15,243.48,1.0,0.7,19
52.17,0,2.545,-108.61,0.2,1.0,10
355.81,0,2.667,156.61,0.8,1.0,1
187.46,0,0.46,-110.79,0.2,0.0,1
138.39,0,0.257,-241.71,0.0,0.0,21
64.04,0,0.805,-247.81,0.8,0.4,6
294.56,0,2.118,-204.87,0.8,0.4,7
451.15,0,1.733,135.83,0.5,0.4,7
90.75,1,1.0,-122.99,0.0,0.4,17
390.74,0,4.0,277.57,0.2,0.4,1
442.49,0,0.86,326.7,0.8,0.7,22
269.44,0,0.306,191.15,0.5,0.4,16
283.05,0,3.071,-123.11,0.8,1.0,5
491.27,0,1.0,295.44,1.0,0.7,1
294.96,0,0.447,166.73,0.8,0.7,2
282.5,0,8.4,63.15,0.2,1.0,11
406.7,0,0.719,-42.53,0.0,0.4,13
84.69,0,0.733,-254.87,0.2,0.4,14
320.91,0,0.458,-96.72,0.2,1.0,13
266.68,0,5.875,1.21,0.2,0.4,16
159.65,1,13.5,52.1,1.0,0.4,8
67.64,0,1.242,-239.88,0.0,0.4,2
481.21,0,0.353,161.5,1.0,0.0,2
419.59,1,1.093,-56.67,0.2,1.0,9
126.76,0,1.0,-296.9,1.0,0.4,13
330.45,0,4.167,50.59,0.2,0.7,7
80.98,0,1.026,-139.22,0.2,0.0,2
436.82,0,0.382,159.86,0.8,0.4,11
264.14,0,0.583,-62.5,0.0,0.0,2
108.65,0,0.721,-212.91,0.0,1.0,1
443.67,1,1.125,79.73,0.8,0.4,17
207.73,0,2.0,-204.35,1.0,0.0,20
264.71,0,0.529,110.08,0.0,0.7,3
166.01,0,1.296,113.55,0.0,0.0,6
344.55,0,0.04,-14.95,0.5,1.0,15
241.73,0,0.7,-71.69,0.5,1.0,4
174.0,1,0.6,-182.27,0.2,1.0,8
130.42,0,1.161,-171.17,0.8,0.7,16
398.39,0,1.609,169.23,0.2,0.0,12
402.4,0,0.517,-74.76,0.0,0.4,7
410.38,0,1.182,84.07,0.0,0.4,4
411.97,0,41.0,-8.49,0.8,1.0,13
149.8,0,0.294,63.78,0.0,1.0,3
284.45,0,0.952,-85.77,1.0,0.0,15
247.54,0,1.281,106.77,1.0,0.7,20
279.75,0,0.077,-84.55,1.0,0.4,5
157.67,0,0.125,107.54,0.2,0.0,11
208.91,0,1.923,-18.9,1.0,0.4,11
366.63,0,0.021,-97.0,1.0,0.7,12
206.64,1,0.947,-276.84,0.5,0.4,9
468.37,0,0.433,159.66,0.5,0.4,13
301.38,0,4.714,24.95,0.5,0.0,21
415.92,1,0.486,107.22,0.8,1.0,8
159.47,0,0.62,-43.38,0.8,1.0,4
102.32,0,0.065,21.92,0.2,0.4,20
282.43,0,1.174,228.05,0.5,0.4,10
353.16,0,0.231,-66.32,0.0,0.4,5
148.35,0,0.913,-159.82,0.2,0.4,4
155.69,1,3.692,-3.24,0.5,0.4,17
426.35,0,0.812,216.14,0.0,0.0,10
271.7,0,1.023,218.72,1.0,0.0,16
191.94,0,0.6,-262.21,1.0,0.7,22
462.2,0,0.245,286.08,0.2,0.4,16
265.24,1,1.214,-28.11,1.0,0.7,18
128.66,0,0.88,-360.77,1.0,1.0,20
55.32,0,45.0,-89.52,1.0,0.0,23
437.83,0,0.6,303.61,0.5,0.4,1
204.39,0,0.775,71.63,0.8,0.4,10
217.54,0,0.918,-216.91,0.5,1.0,5
490.67,0,4.111,131.96,0.0,0.7,3
435.34,1,1.286,297.11,0.2,1.0,17
274.82,0,0.444,-223.18,1.0,0.7,7
302.96,1,1.176,-2.57,0.8,0.0,17
146.96,1,2.75,-17.47,0.0,1.0,19
212.43,1,1.294,-89.73,0.5,0.7,19
207.99,0,3.375,-147.82,1.0,0.4,2
342.11,0,0.881,213.57,0.5,0.7,0
269.37,1,1.333,-112.07,0.0,1.0,17
334.27,0,0.633,219.09,0.2,0.7,4
307.24,0,1.025,-124.77,0.0,0.0,20
191.07,0,1.467,-152.79,0.5,1.0,21
438.26,0,0.58,224.84,1.0,1.0,22
434.4,0,0.917,328.13,0.2,0.7,21
86.03,1,0.938,-39.08,0.0,0.0,19
74.22,0,0.861,-322.7,1.0,0.0,3
119.87,1,0.425,-224.8,0.8,0.7,17
177.88,0,0.333,-154.04,0.2,0.4,0
210.58,1,0.07,-251.29,0.8,1.0,9
250.18,1,0.5,-236.11,1.0,0.4,19
333.97,0,1.3,-2.16,1.0,1.0,22
290.2,0,1.0,-168.82,0.8,0.4,10
214.6,0,1.45,47.69,0.5,0.0,14
431.58,0,0.694,226.83,0.8,0.0,23
264.68,0,0.653,210.57,0.8,0.7,6
296.7,0,15.0,161.84,1.0,1.0,16
371.72,0,1.455,31.02,0.8,0.4,15
331.4,0,0.214,48.93,1.0,0.7,16
289.37,0,0.875,118.4,0.2,0.0,23
99.66,0,0.474,-155.24,0.8,0.7,20
134.51,0,1.25,75.78,0.0,0.0,16
171.14,1,0.368,-200.7,0.0,0.4,9
272.11,1,10.0,68.25,0.5,1.0,19
406.14,1,0.667,207.53,0.2,0.0,8
82.12,0,1.923,-179.45,0.2,0.7,20
488.57,0,0.125,116.96,0.8,1.0,2
139.63,0,16.0,-241.27,0.0,0.4,13
482.55,1,0.568,11.25,0.2,0.0,19
104.96,1,1.059,-161.59,0.5,0.4,19
148.0,0,0.093,47.18,0.8,0.7,5
313.11,1,0.611,85.0,0.2,0.0,18
263.87,0,0.844,-54.43,0.5,0.0,23
91.13,0,0.344,-237.26,0.0,0.0,5
365.6,0,4.2,-40.56,0.2,1.0,10
404.85,0,0.583,14.34,0.8,0.4,15
211.18,0,1.8,100.55,0.0,1.0,6
182.62,0,0.806,-181.05,0.2,0.4,2
379.58,0,1.095,205.68,1.0,0.4,7
252.22,0,3.4,-166.52,1.0,0.7,6
337.11,0,0.02,116.54,0.2,0.0,4
329.09,0,0.48,134.78,0.0,1.0,7
273.9,0,0.773,-24.26,1.0,0.7,5
194.91,1,0.643,101.59,0.0,0.0,18
140.94,0,4.0,-127.48,0.0,0.0,15
346.06,0,1.68,59.44,1.0,0.7,3
322.68,0,1.6,240.79,0.2,1.0,7
77.32,0,0.732,-223.79,0.8,0.7,2
169.62,0,0.1,101.33,0.0,0.7,12
93.7,1,0.412,-282.63,1.0,1.0,8
345.59,0,0.382,39.08,0.2,1.0,16
337.38,0,0.14,126.3,0.8,1.0,3
297.48,0,0.917,20.37,0.2,1.0,12
496.16,0,0.583,300.07,0.5,1.0,23
195.55,0,0.596,37.22,1.0,0.4,11
466.77,0,1.389,302.43,0.8,1.0,10
65.6,0,0.021,-112.42,0.0,0.4,3
492.98,1,0.05,346.31,0.5,0.0,19
280.07,0,0.5,-26.73,1.0,0.4,0
210.05,1,0.1,97.77,0.5,0.4,9
91.36,1,0.85,-138.55,0.2,0.0,17
127.81,0,0.677,-293.76,1.0,0.0,10
66.82,0,2.1,-346.93,0.8,0.0,12
206.57,0,2.273,-211.14,0.8,0.0,23
432.27,0,1.143,-35.62,0.8,0.0,20
193.69,0,11.333,-110.52,0.5,0.4,15
379.21,1,0.091,152.41,0.8,0.0,9
403.87,0,1.474,287.26,0.5,0.0,6
72.19,0,0.771,-157.45,0.0,1.0,22
364.04,0,0.56,-28.87,0.8,0.4,4
307.1,0,0.619,4.57,1.0,0.4,13
399.55,1,0.278,204.01,1.0,0.0,8
240.59,0,1.593,33.85,0.5,0.7,13
396.36,0,21.0,270.2,0.5,1.0,21
70.19,1,0.345,-347.99,0.2,0.7,9
433.74,0,1.043,333.17,0.0,0.4,1
56.18,0,0.526,-306.03,0.0,0.7,15
199.34,0,15.5,-183.67,0.2,0.4,20
166.4,0,0.694,-100.96,0.2,0.0,7
287.06,0,0.884,122.1,0.0,0.7,7
172.08,0,1.125,-87.15,0.0,0.0,5
348.34,0,2.389,-112.45,0.5,0.0,20
223.94,0,0.452,-266.97,1.0,0.0,21
289.2,0,0.821,155.31,1.0,1.0,13
67.89,0,23.0,-397.13,0.5,0.7,0
120.65,0,0.542,-85.4,0.5,0.7,16
498.2,0,1.25,7.84,0.5,0.0,15
450.68,0,0.68,33.99,0.0,0.7,1
453.73,0,0.455,108.11,0.0,1.0,4
442.72,0,1.1,83.78,0.8,0.4,10
486.74,0,0.357,27.36,0.5,1.0,5
343.61,0,0.643,32.15,0.2,0.4,11
454.39,0,0.978,-4.91,0.8,0.4,20
192.87,0,3.364,-107.93,0.0,0.4,16
63.27,0,0.213,-130.14,0.8,1.0,23
470.2,0,0.604,17.84,0.5,0.4,11
133.14,0,0.778,-259.96,1.0,0.7,11
153.91,1,0.925,-0.57,0.0,0.7,8
264.47,1,0.9,-11.58,1.0,1.0,18
132.79,0,1.75,-91.57,0.8,0.4,16
64.5,0,0.867,-329.54,0.0,0.7,0
352.1,0,0.312,210.82,0.2,0.0,11
270.47,0,0.725,74.27,0.8,0.4,16
68.82,1,0.52,-312.08,0.8,0.7,17
307.37,0,0.833,16.1,0.0,0.0,11
445.0,0,10.0,284.43,1.0,1.0,16
224.33,0,0.083,-169.99,0.0,0.4,2
447.98,0,1.115,49.83,0.5,1.0,10
325.91,1,1.474,251.36,1.0,0.4,9
90.7,1,1.448,-184.6,0.2,0.4,19
252.9,0,1.286,122.4,1.0,0.4,5
195.83,0,0.353,-146.03,0.2,0.0,7
252.23,0,0.174,38.91,1.0,1.0,10
477.39,0,0.825,256.98,0.8,0.0,1
442.09,0,0.595,3.89,0.2,0.4,7
73.09,0,1.087,-115.54,0.8,0.7,13
454.34,0,1.5,-27.86,0.0,0.7,11
434.93,0,0.938,140.35,0.0,1.0,22
346.76,0,0.368,92.58,0.8,0.0,21
160.12,0,39.0,-136.18,1.0,0.4,3
74.78,0,1.2,-132.28,0.2,0.0,21
184.3,0,0.949,-279.87,0.0,0.0,15
352.44,0,1.091,27.45,1.0,0.4,3
212.08,0,1.263,145.95,0.5,0.7,1
391.3,1,5.0,-38.19,0.0,0.7,17
362.58,0,1.125,189.09,1.0,1.0,20
144.07,0,0.311,67.89,1.0,0.0,13
322.15,0,1.044,-82.53,0.5,1.0,4
286.43,0,1.235,-211.33,0.5,0.4,16
283.87,0,1.156,-50.47,0.8,0.4,3
180.72,0,0.326,43.62,0.0,0.0,6
381.86,0,5.125,238.56,1.0,1.0,21
207.34,0,0.136,-205.38,0.2,0.0,6
176.73,0,0.289,-228.86,0.5,0.7,11
395.16,0,1.714,293.93,0.5,0.7,13
327.2,0,1.27,264.1,0.2,0.4,12
265.6,1,0.5,2.07,0.0,0.4,18
257.28,0,0.244,-182.07,0.5,1.0,22
425.8,0,12.0,241.1,0.5,0.0,15
199.27,0,0.841,-263.01,0.5,0.0,0
202.62,0,9.0,-16.24,1.0,0.4,15
134.32,0,1.56,31.74,0.5,0.7,23
236.24,0,0.167,-37.43,0.2,0.7,11
286.3,0,1.429,157.54,0.5,0.0,4
277.7,0,0.207,-131.86,1.0,0.4,6
379.6,0,0.71,93.97,0.5,0.4,15
496.72,0,0.773,354.39,0.0,1.0,7
102.13,0,1.353,-87.81,0.0,0.0,6
96.4,0,10.0,-298.38,0.5,0.0,0
337.48,0,2.45,193.05,0.2,0.4,12
193.62,0,0.514,-54.88,0.0,0.7,0
101.51,1,0.611,-379.72,1.0,0.0,19
297.21,0,1.522,125.24,0.5,0.4,0
325.97,1,0.25,123.54,0.8,0.0,18
456.48,1,0.065,383.77,0.8,0.0,18
130.54,0,1.077,-187.71,1.0,1.0,12
199.55,1,1.15,60.38,1.0,0.0,19
305.51,0,1.633,213.7,0.8,0.0,3
339.99,0,0.455,-54.93,0.8,0.4,5
166.12,0,0.25,-47.43,0.2,0.7,0
63.62,0,0.938,-200.28,0.5,1.0,14
395.57,0,0.579,73.57,0.2,0.0,16
196.64,0,6.571,-145.61,0.5,1.0,2
157.36,0,1.407,-2.3,0.2,1.0,15
143.71,0,0.227,-218.62,0.8,1.0,23
362.36,0,0.629,234.47,0.0,1.0,4
258.31,0,0.974,-41.48,0.8,0.4,13
319.22,1,5.2,-39.26,1.0,1.0,19
347.07,0,0.762,256.33,0.2,0.0,16
117.15,1,0.233,-171.92,0.8,1.0,18
444.84,0,0.318,259.96,0.5,1.0,6
312.23,0,3.833,-12.94,1.0,1.0,23
216.15,0,4.75,-80.85,0.0,0.0,13
99.36,0,1.565,-77.63,0.0,0.4,7
227.42,0,1.184,34.26,0.8,1.0,20
145.05,0,0.8,17.02,0.2,0.4,1
427.98,0,1.042,308.56,0.2,0.4,13
57.07,0,0.119,-317.53,0.8,1.0,5
339.01,0,0.667,101.88,0.8,1.0,20
279.24,0,0.4,-19.18,0.8,1.0,6
241.15,1,1.25,187.81,0.8,0.4,18
234.88,0,1.833,-60.89,0.5,0.0,3
367.2,0,1.194,266.28,0.8,0.0,16
286.88,0,1.0,-149.83,0.5,1.0,13
450.46,1,0.176,360.66,0.8,0.0,8
409.14,0,1.171,218.52,0.0,0.7,21
260.99,0,50.0,-19.71,0.8,0.7,6
180.14,0,1.211,114.24,1.0,0.7,10
77.64,0,2.176,-185.28,0.2,0.0,20
330.94,0,0.396,151.87,0.0,0.4,13
163.42,0,0.278,-163.69,0.5,0.7,7
321.72,0,6.0,-137.84,0.2,1.0,22
402.14,1,0.706,245.85,0.2,0.0,9
317.99,1,0.6,-101.79,0.8,1.0,17
248.08,0,0.372,-88.83,0.2,0.7,15
389.97,0,2.471,287.77,0.2,1.0,7
264.32,0,1.55,-212.39,1.0,0.4,0
225.53,0,0.957,57.35,1.0,1.0,12
221.9,1,0.655,29.84,1.0,0.0,17
209.22,0,0.854,-220.69,1.0,0.7,2
411.04,0,1.0,246.14,1.0,1.0,15
387.09,0,1.136,6.65,1.0,0.4,6
360.63,1,0.5,229.67,1.0,0.0,8
55.38,0,0.2,-38.58,0.0,1.0,14
177.48,0,0.319,40.59,0.0,0.0,10
452.29,0,0.907,304.72,1.0,0.0,3
435.4,0,1.333,326.94,1.0,0.4,12
164.0,0,3.75,-96.13,0.0,1.0,10
361.5,0,1.786,11.09,0.5,0.7,20
174.78,0,10.0,96.71,0.8,0.7,3
130.07,1,1.0,48.84,0.2,1.0,8
98.79,1,1.312,-194.49,0.8,0.4,17
460.67,0,6.0,88.74,0.0,0.0,23
377.4,0,0.135,-22.36,0.0,1.0,1
50.39,1,1.024,-16.64,0.8,0.7,19
457.08,0,2.045,148.49,1.0,1.0,1
429.82,0,1.077,28.4,0.0,0.4,7
418.09,0,0.556,151.16,1.0,0.7,6
230.28,0,2.2,-104.24,0.0,0.7,22
428.53,0,3.667,36.33,0.5,0.4,12
485.38,0,12.0,138.05,0.5,1.0,21
211.67,0,0.911,123.48,0.8,0.4,20
61.41,0,0.231,-436.96,0.2,1.0,5
339.53,0,0.143,64.67,0.8,0.0,5
201.97,0,5.5,-172.49,0.8,0.0,7
285.4,0,0.977,-187.64,1.0,0.4,3
466.17,0,2.533,399.58,0.2,1.0,2
458.23,0,0.065,129.96,0.2,0.4,7
72.48,0,0.293,-115.82,0.0,1.0,23
78.78,0,0.289,-339.08,0.0,1.0,10
78.4,0,2.667,-62.79,0.5,1.0,2
309.19,0,0.182,197.39,0.2,0.0,14
78.45,0,0.545,-94.8,0.8,0.4,5
124.25,0,0.667,-35.39,1.0,0.0,11
325.6,0,0.171,-74.35,0.0,1.0,6
130.74,1,1.0,40.63,1.0,0.7,17
264.21,0,0.9,157.11,0.2,0.7,23
157.66,0,1.074,29.11,0.0,0.4,7
477.63,0,0.8,145.39,0.5,0.7,11
156.04,0,0.028,53.16,1.0,0.0,6
494.05,0,0.49,215.66,0.8,0.4,10
100.71,0,0.308,-16.44,0.8,1.0,13
465.2,0,0.256,390.89,0.5,0.7,12
200.43,0,1.647,-211.89,0.8,0.0,2
466.19,1,12.0,337.04,0.0,1.0,17
452.79,0,1.6,78.16,1.0,0.7,10
354.58,0,0.271,158.02,0.0,0.7,20
381.99,0,0.438,-59.46,0.8,0.4,21
267.98,0,0.816,-182.74,0.2,0.4,3
224.3,0,2.5,112.92,0.2,0.7,1
107.25,0,0.591,-254.24,0.0,0.7,4
256.36,1,0.267,129.32,0.5,0.4,17
405.3,0,3.545,68.2,1.0,0.4,23
88.91,1,2.4,-346.73,0.8,0.4,18
175.63,1,1.033,-202.88,0.2,0.4,19
150.08,0,0.737,-317.29,0.2,0.0,13
496.07,0,1.0,116.01,1.0,0.0,20
265.67,0,1.308,-143.44,0.0,1.0,12
301.32,0,2.667,245.73,0.8,0.4,12
157.58,0,1.211,-341.95,0.0,1.0,16
366.49,0,1.818,-69.57,1.0,0.0,4
112.38,0,0.6,-254.03,0.2,0.7,13
335.03,1,0.652,-102.14,0.0,1.0,17
64.72,0,0.647,-176.94,0.5,0.4,6
446.38,0,0.15,65.29,0.0,0.7,21
214.52,0,0.32,-114.09,0.5,0.7,15
367.19,0,1.167,64.85,0.2,0.4,2
101.1,0,0.457,-164.22,1.0,0.4,1
151.45,1,0.98,-57.27,0.5,1.0,8
217.77,1,0.8,-35.81,1.0,0.0,19
355.24,0,1.314,65.46,0.5,1.0,1
475.41,0,0.545,61.45,0.0,0.4,22
225.81,0,1.0,95.34,0.0,0.0,14
363.69,0,2.25,90.34,0.2,0.0,21
293.65,0,0.614,184.24,0.5,1.0,4
59.67,0,1.143,-75.41,0.0,0.4,7
235.26,0,1.909,31.0,0.5,1.0,14
288.57,0,0.956,-8.24,0.8,0.7,23
127.28,1,0.45,-39.72,0.8,0.7,8
116.75,1,12.5,-61.22,0.2,0.4,19
132.03,0,1.842,3.12,0.2,0.4,22
497.2,0,2.667,188.66,0.8,0.7,22
303.12,0,0.857,237.51,0.5,0.7,3
292.94,0,0.828,169.77,0.5,0.0,7
395.83,0,0.812,-80.68,0.5,0.4,5
489.02,0,1.371,289.94,0.5,1.0,5
350.1,0,1.324,-59.71,0.8,0.7,20
265.54,0,0.17,197.5,1.0,0.0,13
327.88,0,0.077,178.72,0.5,0.0,21
338.59,1,0.103,26.05,0.2,0.7,18
292.29,0,0.333,41.83,0.0,1.0,21
321.43,1,1.524,41.23,0.0,0.7,9
434.21,0,0.217,217.88,0.5,0.0,16
188.64,0,1.0,-61.87,1.0,0.0,23
383.69,0,1.621,146.67,0.8,0.7,16
377.87,0,1.679,141.48,1.0,0.0,12
263.58,0,0.7,-176.81,0.5,0.0,20
89.8,0,1.96,-144.46,0.5,1.0,16
369.61,0,1.2,-20.25,0.2,0.4,16
299.24,0,1.316,230.24,0.5,0.7,15
258.55,0,0.75,196.47,0.0,0.4,16
425.41,0,0.488,162.77,0.5,1.0,6
340.15,0,0.711,277.35,0.5,1.0,12
212.79,0,0.812,-53.43,0.8,0.7,10
488.42,0,1.419,70.19,0.5,0.0,23
76.33,1,0.289,-117.53,0.2,0.7,17
212.52,0,0.222,-123.79,0.5,0.0,5
337.53,0,0.559,252.96,0.2,0.4,23
125.21,0,0.796,-69.96,0.5,0.7,21
359.76,0,0.978,266.63,1.0,0.7,12
283.18,0,0.111,65.32,0.8,1.0,14
148.04,0,1.571,-128.48,0.2,0.0,14
102.45,0,6.0,-6.6,0.0,1.0,21
213.16,0,0.444,-204.51,1.0,0.7,22
62.94,1,2.3,-353.62,0.2,0.4,9
151.96,0,0.222,45.56,0.2,0.0,22
402.81,1,0.918,317.83,0.8,1.0,17
64.76,0,1.857,-282.14,1.0,0.0,21
69.48,0,0.471,-116.26,0.0,0.0,7
314.42,1,2.786,174.41,0.5,0.0,8
473.83,0,0.208,-3.13,0.5,0.7,23
377.85,0,0.66,219.03,1.0,0.0,13
56.29,0,0.776,-91.36,0.2,0.7,23
51.95,0,1.4,-324.46,0.2,1.0,5
133.31,0,1.184,-219.78,0.0,0.4,7
146.42,1,0.893,-5.98,0.0,0.7,8
283.88,0,3.75,10.76,0.5,0.7,21
87.01,0,15.667,-185.16,0.8,0.7,0
190.4,0,0.812,-298.88,0.8,0.4,4
493.23,1,1.421,250.65,0.0,1.0,18
55.75,1,2.0,-297.62,0.0,1.0,17
354.43,1,0.791,250.78,0.8,1.0,8
383.64,0,5.429,-67.95,0.2,0.0,11
140.12,1,0.591,-289.69,0.8,0.0,9
274.6,1,0.596,-119.57,1.0,0.7,18
210.24,0,1.615,-139.76,0.8,1.0,1
395.6,1,1.8,296.98,0.5,1.0,8
474.08,0,0.366,410.7,0.0,0.0,6
487.43,0,22.0,265.25,0.5,0.4,1
93.35,0,1.0,8.92,1.0,1.0,4
347.94,1,0.684,77.33,0.5,0.7,9
478.66,0,17.5,414.44,0.8,0.0,16
433.79,0,1.381,184.64,0.0,0.0,12
437.16,1,0.837,250.79,0.2,1.0,9
372.08,0,0.45,102.73,0.0,1.0,12
292.73,0,0.818,31.31,1.0,0.4,11
168.53,1,0.154,-147.44,0.8,0.7,17
62.67,0,5.25,-7.63,0.5,0.7,1
394.34,0,19.0,63.02,0.8,0.0,15
235.37,0,1.0,159.97,0.2,0.4,5
316.64,0,2.1,-143.04,0.0,0.7,4
58.87,0,2.0,-137.88,0.8,1.0,21
169.98,1,1.222,-193.2,1.0,0.0,18
225.64,1,0.676,-82.0,0.8,0.0,17
201.19,0,3.143,-75.06,0.5,0.4,15
486.24,0,0.833,345.45,0.0,0.4,10
183.79,0,4.25,-124.29,0.2,0.0,6
316.34,1,5.429,143.33,1.0,1.0,17
408.04,0,0.609,64.85,0.5,0.7,4
191.01,0,1.229,-45.43,0.5,1.0,11
131.27,0,1.361,72.9,1.0,0.4,2
347.36,0,2.286,-73.4,0.8,0.7,12
433.75,0,0.875,-24.33,1.0,0.0,1
258.12,0,0.542,99.95,0.5,1.0,6
335.27,1,4.2,-95.42,0.5,0.7,19
359.08,0,0.647,202.82,0.2,0.0,22
160.51,0,6.5,-261.74,0.8,1.0,15
341.11,0,1.0,274.46,0.2,0.7,4
405.35,0,0.118,230.35,1.0,0.4,22
268.63,0,0.064,209.67,0.0,0.7,20
455.26,0,4.0,222.11,0.5,0.0,11
156.22,0,5.222,-150.72,1.0,0.0,2
477.35,1,1.132,8.15,0.5,1.0,9
105.02,0,0.41,-307.99,0.5,1.0,11
470.98,0,3.0,322.88,0.0,0.4,2
233.77,0,0.621,-204.53,0.0,1.0,1
476.92,0,0.533,284.5,0.8,1.0,10
445.75,0,0.889,-25.89,0.5,1.0,11
59.48,0,1.2,-425.58,1.0,0.0,7
360.81,0,10.75,-44.15,0.2,0.7,6
337.53,0,1.25,-27.75,0.0,0.4,7
459.41,1,25.0,232.57,0.5,0.7,9
183.84,0,3.062,-252.9,0.2,1.0,3
339.99,0,0.42,-65.2,0.5,0.0,20
235.83,0,0.646,-192.69,0.8,0.0,0
277.85,1,2.647,69.51,1.0,0.7,8
392.89,0,22.5,54.27,0.2,1.0,5
230.3,0,9.0,-102.43,0.5,0.0,12
282.36,0,0.688,-203.99,0.2,1.0,12
443.08,0,0.935,333.0,0.2,0.7,22
236.52,1,2.167,104.67,0.8,0.4,17
341.2,0,0.056,9.22,0.0,1.0,13
433.32,0,0.378,360.92,1.0,1.0,22
90.08,0,1.7,-125.48,1.0,0.0,7
245.82,1,1.353,-218.18,0.8,1.0,19
141.42,0,0.326,-334.3,0.5,0.7,15
108.59,0,1.28,-326.76,1.0,0.4,20
135.21,0,1.068,4.04,0.2,0.0,4
327.96,1,1.062,-130.34,0.5,1.0,19
109.94,0,0.032,-85.52,0.8,0.4,16
240.48,0,0.543,-78.26,0.0,0.0,21
199.79,0,1.0,44.11,0.5,0.0,2
328.85,0,0.515,142.72,0.8,0.7,13
311.22,1,12.0,144.09,1.0,1.0,17
90.34,0,3.333,-279.28,0.8,0.4,21
69.87,0,0.381,-37.67,0.5,0.7,10
325.82,0,1.118,-66.88,0.5,0.7,22
381.59,1,0.524,110.52,0.2,1.0,18
74.56,1,1.3,-57.85,0.8,0.7,17
246.39,1,1.533,-251.45,0.8,0.0,9
302.38,1,0.5,46.39,0.0,0.4,8
141.68,0,3.833,-36.17,0.2,0.7,7
145.58,0,1.132,-353.52,0.0,0.4,16
395.71,1,0.312,41.1,0.5,0.0,17
104.9,0,1.0,-113.2,0.0,0.7,14
257.1,1,0.333,-111.37,0.8,1.0,9
346.1,0,0.462,147.86,0.0,1.0,0
458.1,0,1.0,49.43,0.2,0.4,4
195.43,0,2.211,120.44,0.0,1.0,4
130.1,1,1.529,-354.17,0.8,0.0,17
224.83,0,1.273,-6.25,0.2,0.0,10
381.15,0,1.143,-83.61,1.0,0.4,22
424.42,0,6.143,143.73,0.8,1.0,6
303.38,1,1.722,63.0,0.8,0.7,17
333.81,1,0.429,241.98,1.0,0.7,9
341.42,0,2.933,-29.72,0.8,0.0,3
85.63,0,1.071,-325.07,0.5,0.4,23
428.69,0,2.2,143.3,0.5,0.0,10
281.04,0,1.667,1.25,0.8,0.0,7
305.82,1,0.915,141.8,0.5,0.0,18
383.23,0,0.25,124.93,0.2,1.0,11
444.54,0,0.222,260.6,1.0,1.0,15
330.71,1,1.483,161.43,0.2,0.4,18
491.98,0,0.125,325.29,0.0,1.0,23
227.72,0,2.0,171.73,0.8,1.0,15
484.61,0,0.605,163.76,0.8,0.7,7
360.8,0,1.667,-122.61,0.8,0.7,14
56.24,0,1.0,-44.12,0.0,0.4,3
341.88,1,0.452,-0.5,0.8,0.4,18
258.54,0,0.4,-4.76,0.0,0.0,11
366.17,0,0.208,-117.57,0.8,0.0,16
140.6,0,2.375,-165.64,0.8,0.0,5
333.68,0,0.143,-37.21,0.8,1.0,12
378.99,0,0.974,-120.57,0.0,1.0,5
315.97,0,0.97,-9.2,0.8,0.4,14
58.56,0,0.118,-250.82,1.0,0.0,5
450.11,1,1.556,347.49,1.0,0.7,19
59.36,0,1.607,-120.24,0.2,1.0,7
278.44,0,1.933,-36.01,0.5,1.0,15
370.12,0,0.404,-111.79,0.5,1.0,20
177.11,1,2.857,-210.05,0.8,0.4,19
322.59,0,1.182,227.18,0.8,1.0,23
300.57,0,1.143,-199.1,0.5,0.7,2
128.62,1,4.0,-308.14,1.0,0.0,19
101.29,0,0.786,-50.72,1.0,0.4,7
403.2,0,0.773,6.98,1.0,0.7,20
321.93,0,1.364,225.07,0.0,1.0,23
488.6,1,6.125,86.86,1.0,0.0,9
97.43,0,0.091,-236.04,0.2,0.7,7
368.67,0,2.474,-24.21,0.8,0.0,13
200.57,1,1.75,88.57,0.2,1.0,18
52.96,0,1.0,-372.71,0.8,0.7,11
88.36,0,3.0,-129.24,0.8,0.7,7
118.23,0,2.688,-270.85,0.8,0.4,0
463.11,0,1.037,8.98,1.0,0.7,21
396.57,0,2.9,23.64,1.0,0.0,21
230.74,1,1.048,-166.83,0.8,0.0,19
347.08,0,16.333,8.42,1.0,0.0,2
444.12,0,1.07,-43.58,0.8,1.0,15
443.1,0,1.25,68.4,0.5,0.7,21
324.68,0,0.529,208.59,0.8,1.0,23
330.96,0,0.4,2.78,0.8,0.7,13
138.78,0,0.52,-46.91,0.0,0.7,2
383.02,0,1.0,276.32,1.0,0.7,3
298.3,0,0.182,13.7,0.2,0.0,1
166.41,0,0.921,-258.09,0.5,1.0,14
76.98,0,0.17,-140.86,1.0,0.7,7
342.93,1,0.082,236.79,0.5,0.0,8
412.42,1,1.375,-82.63,1.0,0.4,17
350.12,0,1.053,-66.67,1.0,0.4,13
381.88,1,0.735,284.53,1.0,0.4,17
115.95,0,4.286,-125.61,0.8,0.0,4
449.83,0,0.143,185.52,0.8,0.0,23
231.24,1,1.294,-70.3,0.8,0.7,9
240.54,1,0.78,-7.5,0.8,1.0,18
107.21,1,0.303,-262.81,0.2,0.0,9
263.01,1,0.467,-122.91,1.0,0.7,18
99.65,0,1.444,-116.66,0.5,0.0,0
217.16,1,1.25,-278.8,0.5,0.7,8
113.96,1,0.2,-201.37,0.0,0.7,19
418.61,0,1.167,148.65,0.0,0.7,10
266.53,0,0.111,77.16,0.8,0.7,6
425.16,0,0.66,315.4,0.2,1.0,6
252.08,1,0.674,-187.78,0.5,0.0,17
234.33,1,1.075,79.56,0.8,0.7,8
450.52,0,0.07,69.36,0.0,0.4,5
333.55,0,0.054,-63.67,0.5,0.0,23
136.59,0,6.0,-191.83,1.0,0.0,16
387.75,0,2.615,111.56,0.0,0.0,16
483.07,1,2.917,309.34,0.2,0.4,8
88.09,0,1.31,-202.0,0.5,1.0,23
437.89,1,0.094,377.42,0.8,0.4,19
192.82,0,0.059,27.09,0.0,0.0,6
114.82,0,0.579,-50.18,0.0,0.4,16
126.14,0,0.614,-200.37,0.5,0.4,3
184.11,0,11.5,89.68,0.2,1.0,2
473.71,1,0.68,18.93,0.0,0.4,18
313.71,0,1.256,41.87,1.0,1.0,3
193.25,0,4.5,-105.65,0.0,1.0,23
155.18,0,0.659,-293.59,0.5,0.0,4
343.2,0,1.361,236.69,1.0,1.0,0
275.19,1,0.146,-127.11,0.2,0.7,9
291.89,1,0.688,51.2,1.0,1.0,19
482.5,0,0.033,153.17,0.2,0.0,2
319.04,0,1.722,-108.73,0.8,0.7,1
428.31,0,0.368,251.72,0.2,0.0,5
364.29,0,0.231,-59.43,1.0,0.7,6
277.17,0,0.35,-133.76,0.5,0.7,2
172.86,0,1.586,-175.16,0.5,0.7,10
197.81,0,0.769,-263.5,0.2,0.0,4
455.65,0,31.0,102.93,0.8,1.0,4
86.52,0,0.743,-358.0,0.0,0.0,11
105.54,1,0.659,-381.88,0.8,0.7,9
415.34,0,0.24,-77.37,0.0,1.0,21
54.21,0,0.448,-330.21,0.5,0.7,4
331.36,0,0.15,-82.43,0.2,0.4,15
176.34,0,8.0,-280.69,1.0,0.4,22
228.24,0,0.317,-213.22,1.0,1.0,2
346.93,0,2.769,42.36,1.0,0.4,15
385.69,0,4.222,278.35,1.0,0.4,23
136.33,0,2.611,-218.76,1.0,0.7,15
50.88,0,1.2,-191.32,0.0,0.7,5
104.77,0,1.5,-178.46,0.8,0.7,12
447.71,0,16.333,296.66,0.5,1.0,3
52.32,0,1.381,-85.25,0.0,0.0,11
240.72,0,0.333,157.22,0.2,0.4,15
78.28,0,1.1,-253.1,0.0,1.0,6
408.75,1,0.053,-62.03,0.5,0.4,18
481.46,0,1.938,56.83,0.5,0.4,23
328.8,1,1.282,-65.04,0.8,0.0,19
219.83,0,1.333,-230.71,0.0,0.4,22
185.66,0,7.25,-146.12,0.0,0.0,22
73.49,1,0.111,-358.98,0.8,0.0,9
154.9,0,1.815,-164.91,1.0,0.0,7
407.82,0,0.833,-38.15,1.0,0.0,16
402.32,1,0.955,147.99,0.5,0.4,18
317.83,0,7.0,237.43,0.2,0.4,14
209.93,0,1.941,-56.7,1.0,1.0,16
408.66,0,1.778,331.44,0.5,1.0,21
210.98,0,0.857,-101.67,1.0,0.4,4
321.5,1,1.55,140.52,0.0,0.4,9
418.63,0,0.485,116.88,0.0,1.0,7
338.25,1,1.0,197.68,0.0,0.7,8
362.65,0,1.387,-129.22,1.0,0.7,22
327.25,0,1.682,88.84,0.2,0.0,5
148.73,0,0.094,97.07,0.2,0.4,3
157.56,0,2.857,-223.0,0.5,1.0,21
421.74,0,2.167,368.71,0.0,0.0,0
101.84,0,0.056,-78.92,0.2,0.7,14
139.02,0,0.154,10.65,0.5,0.4,16
130.34,0,2.25,70.67,0.5,0.0,16
220.52,0,4.889,-183.82,0.0,0.7,11
158.07,0,0.667,-256.2,0.2,1.0,21
114.99,0,0.625,-350.88,0.2,0.4,3
218.41,0,0.556,-101.39,0.2,0.0,12
434.5,0,2.923,252.12,0.2,0.7,2
408.03,0,0.098,-34.75,1.0,1.0,13
403.1,1,7.833,-2.85,1.0,0.0,8
388.09,0,1.32,47.81,1.0,0.7,5
130.55,0,1.133,-240.07,1.0,1.0,11
170.75,1,1.032,-59.68,1.0,0.0,17
253.44,0,1.154,97.97,0.2,0.7,21
120.74,1,0.676,-308.35,0.5,0.0,8
182.77,0,8.167,-100.7,0.2,0.0,6
201.37,0,0.825,-51.65,0.8,1.0,3
172.86,0,1.524,111.74,0.8,0.4,10
211.59,0,8.4,124.5,1.0,0.0,10
103.36,0,2.143,-108.75,1.0,0.4,5
198.16,1,0.295,11.94,0.5,0.4,8
499.28,1,4.333,110.71,1.0,0.7,19
176.83,1,2.5,-29.15,0.8,1.0,19
55.35,0,1.167,-288.99,0.2,1.0,21
387.11,0,0.319,123.61,1.0,1.0,20
406.36,0,1.364,215.48,0.2,1.0,1
247.41,0,1.929,-186.41,0.0,0.7,22
187.51,0,4.111,-194.5,0.8,0.7,16
241.57,0,0.556,-147.11,1.0,0.7,22
305.41,0,19.0,240.92,0.2,0.4,12
409.62,0,0.902,-51.57,1.0,1.0,21
78.67,0,0.538,-145.23,0.8,0.0,16
337.55,0,1.276,150.46,0.2,0.0,4
64.43,0,3.0,-295.63,0.8,0.0,14
460.11,0,2.6,236.46,0.2,0.4,2
81.49,0,1.265,5.64,1.0,0.0,23
226.0,0,0.778,-269.32,0.2,1.0,1
225.05,0,9.6,-231.56,0.2,0.4,21
418.05,0,0.714,68.89,0.2,0.7,3
372.55,0,0.394,116.02,0.2,0.0,14
421.06,1,5.8,98.88,0.2,0.7,18
258.21,1,1.067,190.62,0.0,0.7,18
365.14,1,1.304,-5.1,0.5,1.0,19
162.11,0,0.444,-292.87,0.8,1.0,14
364.33,0,3.583,271.34,0.0,0.4,5
291.98,0,0.439,-58.02,0.0,0.4,16
298.77,0,0.551,-199.12,0.0,0.0,16
196.71,0,1.0,-56.21,0.5,0.4,12
62.02,0,0.1,-275.47,0.8,1.0,7
435.1,0,1.846,206.6,0.0,0.7,3
197.2,1,5.111,-189.7,0.8,1.0,9
345.66,1,0.167,-25.45,0.8,0.4,17
126.77,1,1.636,68.64,0.0,0.4,19
383.65,0,0.229,257.85,0.0,0.7,15
130.07,1,1.261,-241.42,1.0,0.4,8
426.43,1,11.25,11.25,0.0,1.0,18
73.59,0,0.69,21.49,0.8,0.4,20
139.99,0,1.5,82.77,0.0,0.0,21
351.03,0,0.295,201.77,0.0,0.4,16
237.06,0,3.667,138.6,0.5,0.7,10
331.1,0,3.154,-139.35,0.8,1.0,14
97.65,0,1.071,-97.87,0.0,1.0,1
225.13,0,21.0,-31.32,0.0,0.7,10
69.77,0,1.667,-378.69,0.8,0.7,2
370.64,0,4.571,-35.43,1.0,0.4,16
195.96,1,0.179,-137.93,0.8,0.4,9
392.77,0,0.293,33.34,0.8,0.0,2
460.45,1,0.051,208.44,1.0,0.4,18
494.77,0,0.826,340.1,1.0,0.0,11
242.82,0,0.333,83.22,0.0,0.0,1
183.48,0,0.75,65.23,0.2,0.0,22
494.85,0,1.205,245.17,0.5,0.4,6
404.14,0,0.5,336.32,0.8,0.7,6
431.12,0,0.133,232.05,0.2,0.4,12
494.77,0,0.093,84.12,0.2,1.0,3
249.06,0,1.75,196.34,0.8,0.0,1
496.41,1,0.098,24.19,0.2,0.0,19
424.05,1,1.056,-45.27,0.2,0.0,19
190.16,0,1.567,-184.59,0.2,1.0,12
186.4,1,2.438,-122.99,0.2,0.7,19
229.21,0,0.25,103.72,0.8,1.0,14
245.04,0,0.833,124.89,0.8,0.0,5
434.32,0,0.893,42.83,0.5,0.4,6
165.78,0,3.917,-92.86,0.8,0.7,10
266.38,0,0.923,66.42,0.8,0.4,12
55.78,1,13.0,-219.53,0.5,1.0,18
486.72,0,1.038,268.8,0.8,0.7,6
233.95,0,7.6,166.48,0.0,1.0,2
393.33,1,0.846,-87.36,0.5,1.0,19
363.4,0,1.875,20.49,0.8,0.4,12
464.66,1,10.333,252.02,0.0,0.4,19
474.92,0,1.3,358.6,0.2,0.4,11
91.54,0,0.16,-278.68,0.8,1.0,7
283.34,1,6.333,148.37,0.8,0.4,17
186.0,1,0.378,-299.46,0.8,0.7,19
444.38,0,0.551,66.94,0.0,0.0,16
408.89,0,0.74,-7.51,0.5,0.4,11
188.65,1,0.578,-305.51,0.8,0.0,18
363.34,0,0.1,77.11,0.5,1.0,1
133.88,0,0.5,23.43,0.8,0.4,20
305.19,1,0.276,159.53,0.2,0.0,8
136.35,0,0.245,-355.98,0.8,1.0,13
440.76,0,5.714,316.0,0.5,0.0,5
78.92,0,0.444,15.57,0.2,1.0,10
95.36,1,0.898,17.88,0.0,0.0,18
406.3,1,0.412,187.25,1.0,0.7,8
201.66,0,0.633,-41.59,0.5,0.7,21
349.29,0,0.667,128.99,0.0,0.7,12
255.61,1,7.0,-108.63,0.2,0.0,19
175.76,0,0.235,-188.91,0.2,0.7,11
346.49,0,0.909,82.65,0.8,0.4,7
57.48,0,1.952,-154.61,0.0,0.7,21
323.04,0,1.933,92.97,1.0,0.0,21
494.09,0,0.903,58.39,0.0,1.0,20
370.37,0,3.0,-71.07,1.0,0.0,23
185.61,0,5.333,-167.27,1.0,1.0,7
266.98,0,3.625,-26.32,0.2,0.4,2
364.96,0,1.14,267.5,0.0,0.4,21
176.16,0,0.5,-197.47,0.8,0.0,0
335.1,0,0.257,63.72,0.5,0.4,4
79.1,1,1.282,-125.35,0.8,1.0,8
102.06,0,0.882,12.6,0.0,0.7,4
385.08,0,2.923,282.83,0.5,0.4,1
381.61,0,0.676,191.75,1.0,0.4,6
397.08,0,1.333,-11.8,0.2,0.4,21
292.23,0,26.0,34.96,0.2,0.7,16
255.1,0,0.727,-65.56,0.2,0.0,2
276.07,0,1.05,-83.8,0.5,1.0,3
181.17,0,0.438,-303.75,0.0,0.7,16
431.63,0,3.286,-38.86,0.2,0.0,7
226.31,1,0.681,-266.67,0.2,0.0,17
240.1,0,1.182,-22.94,0.5,1.0,0
377.04,1,0.147,199.98,0.2,1.0,17
388.52,0,0.429,77.35,0.0,0.7,22
309.72,0,3.818,60.87,0.8,0.7,10
411.96,0,1.0,273.92,0.0,0.7,12
355.24,1,5.286,-139.58,0.2,1.0,17
466.69,1,4.0,373.47,0.8,0.4,19
342.54,0,0.242,25.51,0.2,1.0,7
158.38,0,0.375,-111.5,1.0,0.4,4
399.13,1,1.92,-96.89,0.0,1.0,9
334.55,0,1.389,84.25,0.0,0.0,23
270.15,0,0.75,-80.81,1.0,0.4,12
494.31,0,1.027,228.54,0.0,0.4,15
366.23,0,0.738,181.97,0.2,0.0,23
459.0,1,0.109,51.15,0.2,1.0,19
300.23,1,0.077,8.84,1.0,1.0,18
292.54,0,0.895,-125.93,0.0,0.4,15
437.9,0,0.667,75.05,0.0,1.0,23
107.97,1,2.667,-34.83,0.2,0.0,9
65.75,0,0.347,-425.22,1.0,0.7,12
240.37,0,3.182,-234.98,0.0,0.4,5
457.08,0,0.088,275.05,1.0,1.0,20
362.8,0,1.156,77.6,0.5,0.4,23
418.89,0,0.163,262.19,0.2,0.4,7
320.96,0,1.556,173.74,0.5,0.7,21
239.91,0,1.175,-57.52,0.5,1.0,10
255.23,1,0.423,-219.9,0.8,0.4,19
333.31,0,2.8,162.08,0.2,0.7,7
419.23,1,1.024,97.0,0.8,0.4,19
61.66,0,1.12,-259.96,0.0,0.7,6
357.79,0,4.375,124.74,0.5,0.0,13
172.96,0,0.44,-268.02,0.2,0.7,16
490.77,0,0.28,340.77,0.0,0.0,14
443.98,0,0.723,129.01,0.8,0.0,10
307.47,0,0.511,130.57,0.5,0.0,5
475.93,0,0.524,250.63,0.5,1.0,4
166.58,0,4.222,-192.42,0.2,0.4,14
380.94,0,0.676,307.15,0.5,0.4,20
368.05,0,1.444,235.65,0.5,1.0,21
478.68,1,1.056,194.41,0.2,0.7,17
232.93,0,0.3,42.2,0.0,0.0,14
475.19,0,2.938,350.89,0.0,0.0,22
468.32,0,0.528,54.56,0.0,1.0,23
111.39,0,0.702,-162.62,1.0,0.0,16
135.58,0,0.025,-288.55,0.0,1.0,15
205.28,0,0.729,-292.12,1.0,0.0,7
353.53,0,2.636,-93.34,1.0,0.4,16
427.73,0,0.208,146.57,0.0,1.0,11
217.98,0,2.273,117.02,0.2,0.0,4
182.1,1,0.645,36.22,1.0,1.0,19
281.99,1,0.476,-170.05,0.8,1.0,8
326.99,0,23.0,129.14,0.5,0.0,3
133.77,1,0.489,-75.77,0.0,1.0,19
288.09,0,2.167,-166.24,0.8,0.0,5
396.25,0,0.1,233.69,0.8,1.0,12
242.75,0,0.833,110.77,0.5,0.0,16
122.83,0,1.483,-86.35,0.8,0.0,21
99.8,0,3.538,-78.4,0.2,1.0,6
455.45,0,2.182,333.31,0.2,1.0,1
239.49,0,2.25,-58.07,0.2,0.7,5
446.79,0,0.98,170.95,0.8,0.4,14
106.76,0,3.5,-98.09,0.0,0.4,20
243.35,0,2.0,-75.34,0.0,1.0,21
268.67,0,1.0,-123.73,0.2,0.4,5
162.26,0,2.75,-232.77,0.5,0.4,22
263.25,0,2.154,-138.97,0.0,0.4,10
335.51,0,0.927,182.29,0.2,1.0,2
468.09,0,1.385,226.25,1.0,0.4,7
233.28,0,0.16,45.38,0.2,0.4,0
77.61,0,0.903,-164.57,0.0,0.7,13
176.25,0,0.75,-31.71,0.8,0.4,11
68.4,0,0.333,-5.06,0.5,0.4,15
458.82,0,1.722,363.48,0.2,0.7,21
186.96,0,1.091,93.36,0.0,0.4,10
414.52,0,0.5,30.2,1.0,0.7,21
144.51,0,2.333,-78.31,0.0,0.4,7
104.16,0,1.231,-209.79,0.2,0.4,11
83.7,0,4.143,-212.26,0.5,0.7,13
140.9,0,0.633,-233.45,0.0,0.4,3
370.22,0,0.75,-80.99,1.0,0.7,6
372.8,0,0.707,-87.08,0.0,1.0,11
405.9,0,1.03,280.78,0.5,0.4,5
77.36,0,0.081,-410.25,0.2,1.0,13
441.62,0,1.257,-45.57,0.2,1.0,6
303.12,1,1.32,77.51,1.0,0.7,18
122.0,1,12.0,-26.01,0.0,1.0,17
286.28,0,0.979,99.75,0.2,0.7,3
103.6,0,0.5,-47.17,1.0,0.4,0
116.66,0,0.073,-330.96,0.2,0.7,21
495.29,0,2.625,350.8,0.0,0.0,13
322.32,0,0.561,106.22,0.0,0.7,21
454.25,0,0.333,271.55,0.0,0.0,5
484.35,1,0.319,354.82,0.0,0.0,19
221.89,1,1.067,-122.33,1.0,0.4,8
170.96,0,0.714,-140.79,0.8,0.4,23
376.83,0,0.319,160.94,0.8,0.0,10
133.26,0,0.4,-304.8,0.2,1.0,4
176.92,0,0.286,-12.65,0.2,1.0,0
81.25,0,3.0,-1.17,0.2,1.0,21
375.94,0,3.714,264.16,0.0,0.0,4
99.52,0,12.5,43.42,0.0,0.4,23
170.45,1,8.333,-301.92,1.0,0.0,17
381.26,0,0.2,178.98,0.0,0.4,22
303.28,1,0.633,53.33,0.2,0.7,9
159.71,0,3.1,-134.88,0.5,0.0,16
295.09,0,0.429,198.94,0.8,0.4,11
152.0,0,7.5,-71.42,0.5,0.7,0
359.04,0,1.76,-12.64,0.0,1.0,4
95.78,0,0.533,-384.35,0.5,0.0,13
212.22,0,2.75,-253.9,0.0,0.0,13
242.88,0,0.833,42.2,0.2,1.0,22
185.7,0,0.977,-232.2,0.5,0.0,22
216.1,0,0.744,46.67,0.0,0.0,1
115.97,0,1.19,-0.53,0.8,1.0,11
242.35,0,0.216,-134.67,0.2,0.0,4
395.39,1,0.75,186.72,0.8,1.0,19
320.78,1,1.667,-15.69,0.2,0.4,17
273.7,0,0.75,-16.5,1.0,0.4,14
371.71,0,0.158,84.58,0.2,0.0,4
141.48,0,24.0,-291.29,0.5,1.0,10
460.11,0,2.0,247.72,0.2,0.7,16
487.32,0,0.278,26.49,0.2,0.4,3
112.01,0,0.083,-370.91,0.2,1.0,20
484.21,0,0.044,266.95,0.0,0.0,4
63.58,0,3.545,-150.78,0.0,0.4,14
423.98,0,0.027,186.56,0.2,1.0,22
287.35,1,0.188,-189.59,0.8,1.0,19
401.63,1,0.759,38.77,0.5,0.0,9
64.45,0,0.095,-323.56,1.0,0.4,14
355.96,0,0.929,-88.23,1.0,0.7,12
369.21,0,1.65,128.56,0.2,0.7,5
490.07,0,1.36,383.76,0.2,1.0,6
226.53,0,0.267,-193.6,1.0,0.0,13
190.94,0,0.968,-147.91,0.8,0.4,14
240.9,0,0.571,69.44,0.0,0.0,14
430.97,0,0.78,368.35,0.5,0.4,7
145.36,1,1.4,90.42,0.5,0.4,9
468.14,0,0.317,309.99,0.0,0.0,6
71.62,0,10.333,-20.32,0.5,0.0,3
481.43,0,2.579,206.33,0.5,1.0,13
366.2,0,2.556,272.38,0.8,0.0,21
60.66,0,5.0,-347.57,0.8,0.0,4
357.07,0,1.1,271.63,0.0,0.4,23
113.39,0,1.048,-259.96,1.0,0.7,20
180.88,1,0.409,-149.68,0.8,0.0,17
224.44,1,1.136,80.47,1.0,0.0,17
497.48,0,0.902,403.65,0.0,0.4,10
274.51,0,6.0,19.85,0.2,0.7,21
309.43,0,0.278,100.41,0.0,0.4,21
166.07,1,1.667,-96.9,0.5,1.0,9
487.26,0,1.125,217.54,0.5,0.7,2
462.71,0,0.675,354.67,0.5,0.7,14
235.94,0,0.136,-16.6,0.0,0.0,3
419.56,1,0.356,365.99,0.0,0.7,9
229.68,0,0.297,146.84,0.8,1.0,16
259.64,1,0.261,-79.48,0.8,0.0,18
98.76,0,0.255,-383.04,0.8,1.0,10
79.01,0,1.182,-125.08,1.0,1.0,5
264.3,1,0.938,89.03,0.0,0.4,19
146.06,0,0.244,-159.63,1.0,1.0,22
490.35,0,0.857,344.31,0.2,0.0,13
171.43,0,1.571,-164.63,0.0,0.4,7
86.77,0,0.692,-356.43,0.8,1.0,20
451.88,0,0.326,319.04,0.0,0.0,14
183.61,0,0.449,44.24,0.8,1.0,7
402.74,0,0.778,-81.78,0.8,0.7,12
420.36,0,1.48,117.95,1.0,0.4,12
310.32,0,1.093,195.24,0.5,0.0,21
274.75,0,3.0,82.37,0.8,0.7,4
494.71,0,47.0,20.21,0.2,1.0,10
66.42,0,5.429,-319.15,0.2,1.0,5
124.75,0,0.7,-95.15,0.5,0.4,4
479.8,0,1.189,263.18,0.5,0.0,2
418.57,0,0.606,312.43,0.8,1.0,21
208.5,0,1.174,-85.61,1.0,0.7,6
242.77,0,0.4,113.17,1.0,0.4,4
178.26,0,1.12,-168.56,0.8,0.7,16
497.91,0,5.714,85.24,0.0,0.0,11
469.62,0,0.05,372.97,1.0,0.0,22
311.56,0,0.879,246.87,0.5,1.0,7
254.58,0,0.3,33.09,0.2,1.0,6
235.82,0,0.767,-183.37,0.8,0.0,11
177.62,0,0.455,-268.2,0.5,0.7,20
51.87,0,2.75,-407.21,0.0,0.0,5
428.35,0,0.417,144.82,1.0,0.7,2
496.77,0,0.297,337.95,0.8,0.4,12
422.85,0,1.615,12.25,1.0,1.0,20
489.81,1,1.64,361.64,0.5,0.4,18
369.51,0,2.143,262.66,0.0,1.0,5
426.8,0,2.412,305.23,0.5,0.4,2
246.84,0,3.0,-86.16,1.0,0.4,1
294.65,0,0.87,-192.93,1.0,1.0,7
108.75,1,1.021,-145.42,0.5,0.4,18
183.62,0,2.8,-107.32,0.2,1.0,21
173.73,0,10.75,-297.01,0.0,0.0,12
105.21,0,0.769,-8.62,0.5,0.4,3
430.08,0,0.156,-30.64,0.2,1.0,10
236.19,0,16.0,-32.74,0.0,0.4,0
450.37,0,1.08,115.27,0.8,0.4,5
456.64,0,20.0,109.79,1.0,0.0,22
267.76,0,0.957,-58.54,1.0,0.0,4
164.53,1,0.708,59.81,1.0,0.0,19
280.29,0,0.059,161.73,0.5,0.0,20
112.35,0,0.095,24.8,0.2,0.7,16
478.95,0,2.385,272.1,1.0,0.7,2
246.23,0,1.5,-229.63,0.2,0.7,20
430.72,0,0.295,57.89,0.8,0.0,11
190.21,0,1.316,-217.13,0.8,1.0,23
386.19,0,0.718,-30.96,1.0,0.0,7
139.87,1,0.893,-68.94,0.0,1.0,9
163.88,1,0.091,-70.53,1.0,0.7,8
130.96,0,0.25,-64.25,0.2,0.7,6
345.63,1,0.357,128.25,0.5,0.0,17
54.91,0,0.467,-143.08,0.8,0.7,10
223.52,0,7.2,-97.29,1.0,0.4,5
372.32,0,2.0,-103.5,0.0,1.0,12
193.0,0,1.75,-1.05,0.2,0.0,15
495.62,0,10.667,256.06,0.0,1.0,0
316.03,0,1.857,159.64,0.0,0.7,23
494.58,0,1.135,34.34,0.5,0.4,22
463.12,1,0.086,395.52,0.0,0.0,19
375.46,1,0.259,201.86,0.5,1.0,8
190.93,0,0.72,-134.61,0.8,0.7,4
431.9,1,0.938,-53.32,0.0,0.7,8
150.81,0,3.5,-270.65,0.2,0.0,5
246.06,0,0.957,119.47,0.2,0.7,16
440.61,0,0.022,273.75,0.0,0.0,5
168.68,0,4.0,-190.88,0.8,0.7,0
312.55,0,1.222,208.59,0.5,0.4,1
336.61,0,1.407,-14.1,1.0,0.4,0
270.55,0,0.721,94.31,0.8,0.4,5
183.31,0,0.34,96.05,1.0,0.4,13
435.14,0,0.875,72.41,0.0,1.0,2
351.72,0,14.0,91.05,0.8,0.4,5
143.9,1,0.318,-171.84,1.0,0.7,9
254.31,1,0.435,135.01,1.0,0.0,18
223.51,0,0.625,-30.08,1.0,0.4,4
175.03,0,2.6,51.14,0.5,0.0,4
385.26,0,4.286,227.01,0.8,0.4,7
347.85,0,0.065,94.16,0.5,0.0,12
244.16,1,0.261,126.38,1.0,1.0,8
248.6,0,5.5,32.2,0.0,1.0,23
182.3,1,2.154,-48.91,1.0,0.7,9
283.38,0,1.219,184.25,0.0,0.4,11
73.91,0,1.875,7.85,0.5,0.4,14
173.96,0,5.0,-273.21,0.8,1.0,20
380.27,0,0.467,-65.52,0.5,1.0,21
206.43,1,0.786,26.83,1.0,0.7,19
133.29,0,0.143,-325.21,1.0,1.0,7
157.38,0,0.444,-34.42,0.0,0.4,13
113.83,0,0.733,58.1,0.8,1.0,4
488.47,0,0.167,41.9,0.2,0.0,12
312.42,0,0.742,42.68,0.2,1.0,15
305.27,0,1.5,-190.42,0.2,0.4,21
92.26,0,0.2,-94.81,0.5,1.0,22
495.41,0,2.087,329.61,0.8,0.7,10
422.49,1,30.0,236.98,0.5,1.0,8
283.69,0,0.409,-54.22,0.2,1.0,13
210.74,0,4.3,146.83,1.0,1.0,21
90.17,0,0.292,-374.12,0.8,0.0,16
295.21,0,0.932,-165.37,1.0,0.4,10
449.6,0,1.913,223.64,0.8,0.7,10
310.78,0,4.333,-55.05,1.0,0.0,3
485.67,0,0.811,79.12,0.5,0.0,20
116.21,1,0.727,-240.21,1.0,0.7,19
123.17,0,0.837,-145.9,0.0,0.7,4
147.8,0,10.0,-273.66,0.0,0.0,3
243.65,1,20.0,-103.46,0.0,0.0,17
445.42,1,0.391,42.05,1.0,0.4,18
114.19,0,2.556,-265.68,0.8,0.0,3
262.93,0,5.0,53.35,0.8,1.0,6
464.09,1,0.412,145.42,0.2,1.0,19
112.63,0,0.553,-282.82,0.5,0.4,16
185.48,0,2.769,96.96,1.0,1.0,22
402.08,0,0.48,-23.15,0.0,0.4,16
190.97,1,0.644,-279.73,0.5,1.0,8
239.23,0,0.933,4.61,0.0,0.0,6
113.26,0,0.122,-344.82,0.2,0.7,0
454.96,0,1.143,9.95,0.0,1.0,3
52.68,0,0.605,-360.69,1.0,1.0,15
171.58,0,1.5,-322.2,0.0,0.7,12
304.45,0,0.368,-56.32,0.0,0.0,4
279.87,0,0.864,-92.76,0.2,0.4,10
111.38,0,1.5,-341.39,0.2,0.7,10
495.12,0,0.426,442.22,0.8,0.4,3
118.86,0,5.0,-327.09,1.0,0.0,2
263.18,0,2.0,-161.55,0.8,1.0,12
232.05,1,0.4,-260.16,0.2,0.7,19
436.69,0,1.517,108.97,0.8,0.4,16
113.76,0,0.167,-271.31,0.2,0.4,0
296.01,0,1.067,31.74,0.5,0.7,20
271.83,0,0.184,-78.63,0.8,1.0,2
237.6,0,0.233,-3.57,0.0,0.7,23
225.24,1,0.216,-86.0,0.0,1.0,17
260.56,0,2.556,-114.82,0.5,0.0,4
435.13,0,0.697,158.69,0.5,1.0,21
345.16,1,0.417,136.82,1.0,0.7,18
175.25,1,5.111,-217.92,0.5,1.0,9
219.44,1,1.355,-42.85,0.2,0.7,19
314.98,0,2.143,3.65,1.0,1.0,10
433.41,0,1.5,311.78,0.0,0.0,3
195.65,1,1.419,41.46,0.2,0.0,18
390.12,0,1.88,151.09,0.0,0.0,21
66.84,1,2.125,-320.63,0.8,0.7,9
465.6,0,20.5,271.08,0.8,1.0,11
300.41,1,1.108,162.34,0.8,1.0,19
140.54,1,1.267,17.6,1.0,0.4,18
333.1,1,19.0,-17.8,0.2,0.0,19
398.47,1,0.042,92.74,0.0,0.7,17
480.98,0,0.936,103.25,1.0,1.0,7
422.41,0,0.378,147.03,0.5,0.4,11
331.46,0,1.036,-111.83,1.0,0.0,0
95.41,0,1.7,-179.01,0.0,0.7,13
465.02,0,0.789,301.9,0.5,0.0,5
290.49,0,3.8,131.86,1.0,0.7,6
295.67,0,10.0,-155.64,1.0,1.0,15
64.52,0,21.0,-175.11,0.2,0.7,4
296.19,0,0.643,-84.05,0.0,0.4,16
456.95,0,0.135,90.56,0.0,0.7,3
382.68,1,0.692,-85.53,1.0,1.0,19
68.78,1,0.383,2.76,1.0,0.4,9
264.92,0,0.821,-136.77,0.2,0.0,13
401.82,0,0.04,263.54,1.0,1.0,12
58.14,0,0.917,-208.84,0.8,1.0,7
365.6,0,0.321,68.3,0.0,1.0,20
208.31,0,1.667,3.9,0.0,0.4,11
54.52,0,0.158,-181.36,1.0,0.0,5
415.68,0,2.938,331.2,0.2,1.0,3
191.36,1,6.333,-129.73,0.2,0.7,19
265.42,1,1.5,160.35,0.0,0.0,19
272.72,0,2.5,-108.13,0.5,0.4,5
473.64,0,2.3,72.55,0.5,0.4,15
364.0,0,0.857,87.45,0.0,0.7,4
268.79,0,1.15,183.49,0.2,0.4,20
144.85,0,1.333,-72.73,0.2,0.0,4
342.46,0,1.552,88.27,0.0,0.0,4
175.09,0,0.167,-47.79,0.0,0.0,4
272.91,0,1.6,-165.34,0.8,1.0,13
220.7,0,1.071,-126.27,1.0,0.0,11
293.7,0,6.667,87.19,0.0,0.7,16
147.44,0,1.289,85.13,1.0,1.0,16
388.58,0,0.979,-24.75,1.0,1.0,22
436.33,0,2.316,-35.76,0.8,1.0,11
396.06,1,1.27,229.01,0.8,1.0,17
458.47,0,1.778,282.15,0.5,0.0,20
183.12,0,1.429,-123.87,0.0,0.7,16
162.73,0,0.419,-181.13,1.0,0.0,6
347.35,0,0.541,-78.85,0.2,1.0,11
53.99,0,0.069,-12.66,0.5,1.0,13
233.87,0,2.571,-76.94,0.0,0.7,1
478.98,0,1.714,230.78,0.5,0.7,23
152.34,0,3.556,23.82,1.0,0.0,10
67.33,1,0.19,-290.67,0.8,0.7,18
152.58,0,0.783,-325.69,0.5,0.7,3
293.2,0,1.913,223.07,0.2,0.7,15
249.72,0,0.152,-30.25,0.2,0.4,22
423.11,0,1.542,66.65,0.0,1.0,20
196.94,0,5.0,-207.73,0.5,1.0,6
474.12,0,0.774,291.79,0.0,0.4,1
468.64,0,0.158,8.3,0.0,0.0,3
279.86,0,0.667,-121.53,1.0,0.7,1
64.67,0,0.658,-312.15,0.8,0.0,13
276.57,0,0.405,-31.93,1.0,1.0,13
431.42,0,5.875,143.93,0.0,1.0,14
248.46,1,1.0,77.33,1.0,0.7,9
409.55,0,1.375,-80.31,0.2,1.0,22
361.88,1,6.0,111.63,0.8,0.7,8
277.54,1,0.639,-184.05,0.8,0.4,17
306.2,0,1.8,-115.85,0.2,0.4,11
349.66,0,1.158,27.16,0.5,0.7,0
233.83,0,1.333,-43.43,0.2,1.0,0
454.94,0,3.846,10.56,0.0,0.4,14
394.48,0,1.588,24.36,0.8,0.0,2
60.77,1,0.107,-64.35,0.0,0.4,17
456.92,1,1.36,247.45,0.8,0.4,19
201.56,0,2.375,-219.56,0.5,0.0,20
382.44,0,0.6,172.71,0.8,1.0,4
425.66,0,0.604,245.48,0.8,0.4,20
394.68,1,0.255,-67.67,1.0,0.0,17
316.87,0,0.026,-36.39,0.8,1.0,10
278.9,0,2.417,-35.74,0.0,0.4,12
71.73,0,1.455,-211.22,1.0,1.0,15
193.36,1,0.84,63.07,0.2,0.0,17
243.74,0,3.357,68.52,1.0,0.7,13
124.52,0,1.211,-55.01,0.8,1.0,5
472.64,0,0.579,305.9,1.0,0.0,12
113.45,0,2.389,-29.63,1.0,0.4,2
481.94,0,13.0,189.02,0.2,0.0,3
141.41,0,0.083,-332.4,1.0,1.0,23
106.78,0,0.853,-147.45,0.0,0.0,3
168.38,1,0.875,-270.65,0.5,0.0,9
406.99,0,0.125,29.68,0.5,0.4,10
254.06,0,1.222,-126.92,0.0,0.7,2
469.57,1,4.0,62.18,0.5,0.4,19
66.04,0,1.049,-269.48,0.0,0.4,3
442.45,1,1.52,293.36,0.2,0.7,19
416.24,0,0.312,36.14,0.5,0.4,12
477.87,0,6.833,42.15,0.2,0.0,1
300.98,0,0.156,157.13,0.2,0.0,12
326.02,0,2.647,-7.94,0.2,0.7,12
479.45,1,0.791,34.4,0.2,0.7,19
408.54,1,1.0,182.05,0.5,1.0,17
100.57,0,0.467,-345.83,0.5,1.0,21
348.09,0,1.312,245.97,0.8,0.7,11
363.64,0,0.348,-3.53,0.8,1.0,21
155.69,1,0.614,-25.23,1.0,0.4,8
397.31,0,0.111,229.59,0.5,1.0,23
229.41,0,1.036,-231.16,0.5,1.0,7
336.32,0,0.682,265.79,0.8,1.0,10
291.21,0,3.364,-109.59,0.0,0.7,20
58.96,0,1.114,-316.04,0.8,0.0,10
395.08,0,0.957,96.28,0.0,0.4,15
493.35,0,2.692,66.18,0.8,0.4,4
199.18,0,0.458,52.15,0.2,0.0,7
473.16,1,0.041,377.03,0.8,1.0,18
185.66,1,0.579,32.16,0.2,0.0,19
415.85,0,6.0,195.81,0.8,0.4,4
84.44,0,3.0,-192.59,0.8,0.0,6
322.19,0,1.371,203.86,1.0,1.0,21
403.15,0,1.95,161.83,0.0,0.7,15
94.86,0,2.308,-391.31,1.0,1.0,7
91.88,0,0.679,-393.22,1.0,0.7,14
289.94,1,0.422,129.86,0.0,1.0,9
393.22,0,1.083,21.66,0.8,0.4,0
397.04,0,0.077,145.85,0.8,0.0,2
114.7,0,0.909,-218.76,0.0,0.0,13
439.17,1,0.786,168.75,0.2,0.0,17
427.13,0,0.65,141.6,1.0,0.4,5
163.41,0,1.562,-26.74,0.5,0.4,6
304.39,1,0.467,71.45,0.0,0.7,18
303.08,0,0.286,33.15,0.8,0.7,6
257.62,0,0.762,-9.73,1.0,0.0,0
84.88,0,0.622,-22.4,0.0,0.4,6
124.79,0,6.0,-122.13,0.0,0.0,23
331.77,0,2.909,45.7,0.2,1.0,5
102.91,0,0.053,-395.17,0.5,0.7,14
342.6,1,0.649,228.92,1.0,0.4,17
283.72,0,1.917,120.66,0.8,0.4,13
498.28,0,1.021,30.75,0.2,1.0,16
130.65,1,0.778,-131.07,0.0,0.7,18
362.32,0,1.0,70.34,0.5,0.0,0
317.5,0,1.333,237.45,1.0,0.4,4
467.55,0,41.0,293.99,0.8,0.7,4
231.47,0,0.8,66.83,1.0,0.4,13
96.34,0,3.8,-51.06,0.2,0.7,7
408.6,0,0.778,94.31,0.8,0.7,4
322.15,0,1.316,-162.85,1.0,1.0,13
402.51,0,11.0,-92.58,0.0,0.4,13
443.58,0,0.355,248.08,0.0,0.4,0
349.18,0,1.036,151.99,1.0,0.0,16
219.79,0,1.385,-3.7,0.8,0.7,5
288.81,0,1.619,-158.67,0.2,0.4,21
114.3,0,0.391,-132.46,0.8,1.0,7
104.11,0,0.386,-350.78,0.5,0.4,7
396.84,0,0.8,191.14,0.8,0.4,10
222.11,1,2.769,91.56,0.0,0.4,8
137.7,0,0.706,-176.08,0.5,0.0,0
464.7,0,0.515,141.65,0.0,0.7,4
69.76,0,1.192,-293.21,0.5,0.7,16
420.5,0,0.108,-17.93,0.8,1.0,23
387.47,0,0.387,46.07,1.0,0.0,2
325.81,0,12.0,-45.18,0.2,0.4,1
75.22,1,3.375,-261.65,0.0,0.7,17
492.53,0,1.944,355.15,1.0,0.0,7
453.98,0,2.095,327.83,1.0,0.7,14
231.43,0,0.023,-195.54,0.0,0.0,0
116.38,0,1.485,-53.61,0.2,1.0,13
139.41,0,0.462,-138.05,0.2,0.0,6
207.81,0,0.5,4.16,1.0,0.0,1
102.32,0,5.0,11.57,0.0,0.4,16
484.59,0,0.927,89.56,0.0,0.4,12
86.57,0,0.8,-289.35,0.2,0.7,14
386.33,0,3.231,4.18,0.5,0.0,1
130.1,0,2.421,16.91,0.5,1.0,0
447.61,0,0.722,317.91,0.5,0.7,2
91.59,0,1.706,-118.23,0.5,0.7,4
423.28,0,1.172,64.11,0.2,0.0,7
292.08,1,2.5,147.28,0.8,0.7,19
143.35,1,2.316,-221.49,1.0,0.7,8
144.82,0,0.66,-3.39,0.5,0.0,2
334.0,1,0.791,70.16,0.8,0.7,17
346.24,0,1.48,-109.33,0.5,0.0,7
121.44,0,23.0,-142.53,0.5,0.0,13
123.24,0,1.15,-172.81,0.0,1.0,11
309.18,0,0.789,63.44,0.8,1.0,10
217.95,0,0.362,15.9,0.8,0.7,22
470.64,0,0.306,3.54,0.0,1.0,20
479.29,0,2.778,248.95,0.0,0.4,23
448.97,0,0.55,-35.39,1.0,0.4,21
108.45,0,5.444,-91.47,0.0,0.0,10
410.67,0,5.0,154.25,0.2,1.0,12
140.18,1,4.3,12.75,0.5,0.0,19
246.45,0,1.143,-129.41,0.2,0.7,3
205.12,0,2.818,-56.74,0.8,0.4,14
424.11,0,1.72,56.31,0.0,1.0,21
470.87,0,0.429,240.92,0.5,0.7,4
318.62,0,1.679,28.27,0.5,1.0,15
62.1,0,1.263,-386.41,0.2,0.4,0
275.66,0,1.091,224.94,1.0,1.0,13
112.14,0,2.8,-22.45,0.2,0.7,23
222.83,0,0.273,91.89,0.2,0.7,6
419.57,1,0.568,353.9,0.8,0.4,17
282.81,0,0.591,184.92,0.0,0.7,3
345.14,0,6.714,113.13,0.0,0.4,13
278.14,0,0.243,-80.69,0.0,1.0,2
240.11,0,1.654,165.58,0.8,0.7,1
321.64,0,5.125,-89.45,0.8,0.7,11
429.88,0,2.091,-57.42,0.0,0.4,0
222.56,0,0.714,-131.06,0.2,0.0,21
166.03,0,1.211,-115.67,1.0,1.0,0
176.77,0,0.133,72.07,0.8,1.0,4
358.87,0,0.103,195.32,0.5,0.7,11
130.43,0,1.944,-80.17,0.0,1.0,1
66.03,0,0.488,-34.23,0.0,1.0,23
290.74,1,2.0,184.02,0.2,1.0,8
487.33,0,0.783,127.28,0.2,1.0,21
217.76,0,0.238,101.72,0.0,1.0,22
202.0,0,7.833,-134.53,0.5,1.0,2
477.66,0,0.167,312.07,0.0,1.0,0
167.44,1,0.351,-19.0,1.0,0.4,9
308.0,0,0.167,161.16,0.8,0.7,14
133.57,0,0.9,-142.13,0.0,1.0,2
172.71,1,2.316,-60.52,0.0,1.0,18
170.17,0,0.5,-149.42,0.5,0.0,10
369.05,0,7.5,219.57,1.0,0.7,7
422.14,0,1.179,107.58,1.0,0.7,7
468.44,0,0.806,412.78,0.5,0.7,1
257.88,1,2.9,-126.28,0.2,0.4,8
231.32,0,1.471,-115.99,1.0,0.0,3
493.23,0,0.889,405.84,1.0,0.7,22
191.9,1,0.388,-161.63,0.0,0.4,17
330.92,0,3.455,26.72,0.8,0.0,4
384.82,0,0.528,-110.54,0.8,0.4,3
93.64,1,4.875,-54.6,0.0,0.7,8
399.89,0,0.22,19.38,0.8,1.0,13
238.18,0,3.5,-81.48,0.5,0.7,5
448.14,0,0.163,-33.97,0.5,1.0,2
390.57,0,0.812,211.74,0.8,0.4,10
51.5,1,1.368,-371.94,0.8,0.4,9
311.07,1,0.28,72.93,0.8,1.0,9
328.49,0,20.5,216.13,1.0,0.0,0
233.95,0,0.787,173.67,1.0,0.4,10
262.36,0,0.902,171.43,0.5,0.0,23
225.2,0,0.929,-54.9,0.2,0.4,22
443.59,0,0.511,314.75,0.2,0.7,12
452.5,0,3.8,309.35,0.8,1.0,7
249.64,0,1.128,90.79,0.2,1.0,1
411.66,0,5.25,-15.38,0.2,0.4,12
53.1,0,9.4,-11.45,0.8,1.0,12
480.91,0,0.185,33.4,1.0,0.0,10
341.19,0,1.282,50.81,0.0,1.0,20
181.83,0,11.75,-47.45,0.0,0.7,5
333.17,0,1.394,85.15,0.0,0.0,7
421.35,0,0.347,32.24,0.0,0.4,5
202.93,0,0.628,-257.91,0.8,0.4,12
338.92,0,0.318,255.59,0.8,0.4,16
182.88,0,0.773,-67.22,0.8,0.7,21
66.09,0,0.462,-46.92,1.0,0.7,5
303.59,0,0.625,-67.62,0.5,0.4,22
263.88,0,2.05,15.94,0.5,0.4,21
115.94,0,5.0,-65.61,0.8,0.7,15
432.91,0,7.5,120.46,0.2,0.0,23
278.87,0,0.511,-162.73,1.0,1.0,4
487.58,0,3.636,147.85,1.0,0.7,23
439.43,0,0.96,171.07,0.2,1.0,15
56.4,0,1.24,-419.73,0.5,0.4,10
117.54,0,0.933,-206.35,0.0,0.4,3
306.23,0,1.067,-31.16,0.0,0.4,2
348.91,1,0.542,119.59,0.0,0.7,9
298.98,0,0.278,8.34,1.0,0.0,12
285.33,1,0.784,125.22,0.2,0.4,19
255.23,1,0.978,187.13,1.0,0.7,8
384.4,0,3.0,4.4,0.0,0.4,0
143.48,1,5.0,-16.29,1.0,1.0,8
446.74,0,0.2,373.75,0.0,0.4,1
87.52,0,0.276,-51.31,1.0,0.4,3
306.2,0,1.6,-5.57,0.0,1.0,2
412.59,0,0.342,86.1,0.8,0.0,16
320.61,0,1.815,48.94,0.2,0.7,10
177.69,0,0.939,-162.69,0.5,0.4,13
302.57,1,0.409,113.61,0.8,0.0,17
52.93,0,0.375,-399.09,1.0,1.0,11
79.5,0,0.917,-164.91,0.5,0.0,6
359.13,0,0.537,-61.02,0.2,0.0,3
188.24,0,1.071,0.82,1.0,1.0,5
467.4,1,2.2,322.77,0.2,0.7,8
228.31,0,0.26,101.01,0.2,0.4,22
344.07,0,1.097,-60.87,0.5,0.4,16
216.86,0,1.55,29.06,0.5,0.7,16
303.48,0,0.714,-89.73,0.0,1.0,13
340.61,1,1.174,227.64,0.8,0.7,19
143.87,0,3.538,-228.63,0.5,0.7,10
405.91,0,0.75,209.35,1.0,0.4,0
248.05,0,1.212,74.77,0.0,0.4,23
265.86,0,0.447,-108.71,0.8,0.0,13
481.88,1,0.556,113.96,0.2,0.7,9
76.69,0,1.52,1.44,0.5,0.7,15
465.62,0,0.828,365.66,0.2,0.0,1
236.2,1,1.064,117.9,0.2,0.7,8
89.6,0,0.361,-70.75,1.0,0.7,22
360.31,1,1.789,247.1,0.0,0.7,17
386.27,0,1.724,239.6,0.5,1.0,21
199.86,0,1.25,-155.09,0.5,0.7,15
113.12,0,24.0,-225.89,0.8,1.0,7
77.13,0,0.118,-418.21,0.5,0.0,2
481.9,0,9.333,39.01,0.5,1.0,20
335.47,1,1.682,-45.03,1.0,0.0,18
289.29,0,6.25,-120.08,0.0,1.0,1
388.36,0,3.231,-6.84,0.8,0.7,5
118.49,0,0.604,-80.2,0.2,0.7,6
361.66,0,0.68,-57.43,0.8,0.0,1
52.86,0,1.947,-369.84,0.0,0.0,2
117.72,0,0.75,-317.29,1.0,0.7,3
349.43,0,0.714,-47.04,1.0,0.7,12
134.98,0,3.7,18.25,0.5,0.4,10
320.86,0,0.057,-109.25,0.2,0.7,7
467.81,1,1.0,121.63,0.2,0.7,17
154.84,0,1.556,-309.11,0.5,0.0,2
425.37,0,3.625,206.57,0.8,0.4,23
247.35,0,0.138,107.96,0.8,0.0,3
460.98,1,0.364,84.95,0.0,0.4,17
473.31,1,1.75,90.02,0.5,0.7,19
493.32,1,0.929,83.41,0.5,1.0,8
475.2,0,4.125,417.93,0.8,1.0,3
212.18,0,0.304,22.69,0.0,1.0,6
499.87,0,1.333,411.87,0.8,1.0,3
341.31,0,0.383,145.84,0.2,0.4,10
107.58,0,37.0,-12.51,0.8,0.0,0
439.86,0,2.786,92.43,0.5,1.0,6
128.59,1,2.25,-154.78,0.2,0.4,8
63.49,0,0.727,-78.34,0.8,0.7,11
62.82,0,1.905,1.2,0.0,1.0,11
461.11,0,4.8,390.19,0.8,0.4,4
206.9,1,7.0,56.69,0.8,0.0,8
492.52,1,1.033,57.26,1.0,1.0,8
50.32,0,0.951,-213.99,0.5,0.4,5
214.51,1,1.229,-111.61,0.0,1.0,17
138.33,0,1.297,-10.36,0.2,0.4,1
384.43,0,7.167,11.66,0.5,0.0,20
133.08,1,0.882,-213.64,0.5,1.0,18
282.61,1,1.118,-211.83,0.5,0.4,18
347.54,0,1.167,36.82,0.0,1.0,2
490.79,0,0.308,434.35,0.0,0.4,20
55.27,1,1.238,-211.08,0.5,0.4,8
253.45,0,1.423,106.77,1.0,0.7,21
385.23,0,3.625,40.27,1.0,0.7,21
203.44,0,0.706,-238.95,1.0,1.0,5
435.3,1,0.163,41.83,0.5,0.0,8
61.44,0,0.667,-233.05,0.0,0.4,23
297.71,1,1.0,114.64,0.5,0.7,9
492.94,1,0.778,405.6,1.0,0.4,9
113.77,0,2.538,-242.49,0.0,0.4,20
286.51,0,2.087,-114.46,1.0,0.0,1
153.69,0,0.686,-322.53,1.0,0.4,12
356.18,0,1.571,20.47,1.0,0.4,5
293.37,0,4.6,-186.44,0.8,0.4,6
183.42,0,0.154,-272.01,0.8,1.0,0
374.7,0,2.333,189.7,0.0,0.7,3
190.22,0,0.837,-275.15,1.0,0.0,5
113.14,0,1.815,-153.28,0.2,0.4,23
238.55,0,0.262,-77.59,0.2,0.7,4
113.2,0,0.833,-117.45,1.0,0.4,20
352.51,0,2.9,-39.75,0.0,0.0,5
96.18,0,0.588,-236.67,0.8,0.4,11
420.01,0,1.45,126.44,1.0,1.0,14
459.73,0,0.102,256.11,0.5,0.0,21
332.1,0,2.125,90.44,0.2,1.0,13
285.28,0,1.267,195.42,1.0,0.7,15
426.52,0,1.344,-56.94,0.8,0.0,12
176.09,0,0.14,-199.73,0.5,0.7,7
238.84,0,1.5,-187.49,0.5,0.0,10
412.7,1,0.152,253.47,0.8,0.4,19
169.59,1,0.651,-329.2,0.8,1.0,9
222.16,0,0.791,-98.59,1.0,0.0,4
485.03,1,0.875,327.65,1.0,1.0,18
67.94,1,0.958,-273.25,0.8,1.0,9
473.09,0,11.333,57.17,0.8,0.0,22
60.86,0,3.083,-414.82,0.0,0.7,2
255.48,0,0.043,-195.45,0.5,0.7,12
250.7,0,0.889,179.19,0.8,0.7,23
396.86,0,0.389,100.59,0.5,1.0,0
416.96,0,0.46,-13.16,0.0,0.7,13
382.94,1,1.143,-43.37,0.2,0.7,18
90.69,1,0.149,-142.04,1.0,1.0,9
222.21,0,0.245,53.1,0.8,0.7,22
389.65,0,1.208,-92.04,0.5,0.0,10
189.74,1,0.342,-88.01,1.0,0.7,17
130.06,0,1.029,-198.25,0.0,0.4,2
319.09,0,0.13,-125.53,0.8,0.7,7
289.77,0,2.091,61.23,0.8,0.0,13
306.55,0,0.475,219.55,0.2,1.0,21
119.76,0,0.444,-376.94,0.0,1.0,4
160.41,0,3.0,8.79,0.2,0.4,11
484.07,0,1.188,48.18,0.8,1.0,20
499.27,0,1.0,362.76,0.2,1.0,12
386.06,1,1.48,18.02,0.5,0.7,8
455.02,0,1.0,-16.59,0.5,0.7,14
194.75,1,5.0,-227.6,0.2,0.4,19
264.08,0,0.717,73.01,1.0,0.4,1
365.97,0,0.5,-123.45,0.2,1.0,2
257.11,1,9.25,10.07,1.0,1.0,17
301.98,0,5.5,0.43,0.0,0.7,5
78.7,1,4.6,-130.79,0.5,0.7,8
318.98,0,0.043,75.11,0.2,1.0,0
189.42,0,1.483,-174.32,0.5,0.7,10
475.82,0,1.121,360.92,1.0,0.7,23
370.45,1,10.0,159.19,0.0,0.0,17
236.17,0,0.147,113.63,0.2,0.4,20
495.32,0,1.02,69.24,0.0,1.0,6
90.1,0,0.364,-385.67,1.0,1.0,12
263.48,0,0.556,-167.79,0.2,0.0,6
368.27,1,1.917,-77.31,0.8,0.0,19
140.27,0,0.654,-67.77,0.0,0.7,11
285.74,0,7.0,226.56,1.0,0.0,21
217.92,0,0.091,92.09,1.0,0.0,4
187.82,0,0.84,-222.2,1.0,0.7,6
336.42,0,0.923,62.23,1.0,0.4,4
460.68,0,0.159,140.81,1.0,0.4,11
129.87,0,0.92,12.89,0.8,0.0,23
449.71,0,0.086,42.57,0.0,0.7,1
357.36,0,0.304,41.81,0.2,0.0,7
119.86,0,0.333,-206.08,0.5,1.0,15
402.83,1,1.44,-71.97,1.0,0.0,19
113.62,1,0.667,-368.55,0.8,0.4,19
76.38,0,0.13,-415.68,0.8,0.0,6
344.66,0,0.14,-115.68,1.0,1.0,16
140.42,0,0.833,-53.72,0.8,0.4,22
231.91,0,1.464,12.23,0.8,0.0,21
302.56,0,0.333,-21.79,0.5,1.0,11
364.51,0,1.136,77.11,0.0,0.4,11
386.53,0,0.526,79.46,0.2,0.7,7
62.58,0,0.114,-422.47,0.8,0.4,13
420.69,0,8.75,62.82,0.8,0.4,7
364.63,0,0.545,-95.17,0.0,1.0,16
194.14,0,0.326,-177.18,0.8,0.4,14
57.02,0,1.025,-407.92,0.2,0.0,3
346.82,0,0.062,-115.04,0.5,0.4,2
462.91,0,0.625,232.03,0.2,0.4,2
350.84,0,0.4,-96.04,0.8,0.7,22
461.18,0,0.875,227.04,0.0,1.0,22
429.19,0,1.389,293.92,0.8,0.7,23
361.64,0,0.024,292.83,0.8,0.4,6
81.74,0,3.0,-19.73,0.2,1.0,13
197.32,0,0.343,-277.26,0.5,1.0,16
178.12,0,1.842,-128.43,0.0,0.0,15
299.64,0,2.167,25.55,0.2,0.0,21
100.13,0,4.429,33.02,0.8,0.4,23
412.88,1,1.089,254.09,1.0,0.7,17
248.91,0,4.8,-147.2,1.0,0.4,10
69.69,1,2.238,13.29,0.2,0.7,18
257.92,0,0.522,-197.78,0.0,1.0,0
277.52,0,0.526,126.16,0.2,0.7,16
61.39,0,1.621,-186.85,0.2,0.7,21
296.21,0,1.1,103.31,0.0,0.0,6
57.86,0,0.971,-316.36,0.5,0.7,2
357.94,0,1.429,305.28,0.0,0.0,7
103.84,1,1.351,-47.19,0.0,0.0,19
471.74,0,1.355,131.58,0.5,1.0,16
357.3,0,3.0,31.63,0.5,1.0,23
291.4,0,0.333,79.34,0.2,0.7,14
483.37,0,3.917,258.57,0.5,0.4,2
244.28,0,24.0,59.34,0.0,1.0,5
433.26,0,1.314,-61.11,0.2,0.7,15
447.63,0,0.963,190.37,0.8,1.0,5
202.01,0,1.25,-147.41,0.2,0.4,5
135.93,0,0.304,-1.64,1.0,0.7,10
406.44,0,0.735,187.77,0.5,0.4,20
98.89,0,0.323,-244.62,0.5,1.0,23
201.96,0,0.929,-248.51,0.8,1.0,4
362.29,0,14.5,138.6,0.2,0.7,16
396.16,0,1.189,57.6,1.0,0.4,21
260.86,1,1.286,-179.75,0.2,1.0,19
325.55,0,0.816,-55.34,0.0,0.0,15
53.9,1,3.0,-384.11,0.0,0.7,9
141.35,0,0.913,23.58,0.2,0.7,14
459.16,1,0.6,146.61,0.8,1.0,18
180.38,1,3.833,84.71,1.0,0.4,18
103.3,0,0.407,-356.3,0.8,0.4,11
261.31,0,0.878,-231.18,0.2,0.0,4
93.68,0,0.345,25.96,0.8,1.0,1
395.21,1,2.818,81.43,0.5,1.0,8
251.3,0,3.083,192.36,0.8,0.7,16
81.0,0,0.25,-29.72,0.5,1.0,23
138.71,0,0.186,-196.69,0.5,0.0,7
57.18,1,1.219,-393.79,0.8,0.4,8
281.04,0,1.308,-210.88,0.0,1.0,14
342.23,0,2.75,-23.0,0.5,1.0,4
172.78,0,7.333,-325.01,0.8,0.0,7
108.79,1,12.0,-381.42,1.0,0.0,17
186.22,0,18.5,46.38,0.8,1.0,5
352.36,0,0.067,-11.23,0.5,0.7,22
368.28,0,1.037,258.73,0.5,0.7,7
176.74,0,0.406,89.25,0.8,0.0,23
453.12,0,0.636,392.77,0.2,0.0,11
218.02,1,0.417,98.72,0.2,0.0,17
56.05,1,0.021,-357.09,1.0,0.0,9
484.54,0,0.927,-1.56,0.5,0.0,20
366.87,0,2.0,227.09,0.0,0.4,6
51.73,0,7.667,-354.49,0.2,0.4,1
224.11,0,7.667,-107.34,0.2,1.0,15
322.46,0,1.438,188.73,0.5,0.0,7
52.84,0,0.364,-76.29,0.2,0.7,12
487.73,0,0.946,122.74,0.0,0.4,13
496.39,0,0.429,373.3,1.0,0.7,20
338.27,0,0.818,190.05,0.5,0.7,15
53.14,0,0.471,-397.61,0.5,0.7,22
77.73,0,2.2,-194.54,0.0,1.0,7
454.39,0,0.898,203.72,0.0,0.7,1
364.13,1,2.083,41.65,0.0,0.7,9
211.15,0,0.724,-203.78,0.5,1.0,6
191.06,0,1.531,-308.53,0.2,0.4,3
360.89,0,3.667,126.51,0.8,0.7,21
253.48,1,1.0,139.54,0.8,1.0,8
221.66,0,0.429,-219.95,0.2,1.0,7
406.12,0,0.036,58.32,0.2,0.4,15
92.68,0,0.857,-133.4,0.2,0.7,21
273.8,0,6.5,152.56,1.0,0.7,20
323.07,0,0.406,48.46,0.8,0.4,5
209.02,0,10.75,111.31,0.5,1.0,6
155.82,0,1.9,-318.68,0.2,1.0,22
334.18,0,0.05,131.82,0.5,1.0,22
108.24,0,0.205,-68.61,0.5,0.4,23
78.41,0,1.194,-172.78,0.8,0.4,12
155.05,0,0.467,-287.29,0.5,1.0,1
309.75,0,1.636,110.77,0.2,0.4,7
487.01,0,1.108,333.99,1.0,0.4,22
261.39,0,0.865,202.66,1.0,0.0,15
330.62,1,4.9,244.03,0.8,1.0,18
80.12,1,2.611,-145.19,0.2,0.7,19
431.5,0,0.417,354.94,0.2,0.4,23
210.28,1,0.048,-119.01,1.0,0.4,18
493.38,1,0.656,171.23,1.0,0.4,19
322.29,0,0.333,139.26,0.0,0.4,22
161.7,0,1.737,-57.5,0.0,0.7,20
183.25,0,1.4,120.28,0.8,0.0,1
459.41,0,0.6,342.98,0.8,0.4,13
191.34,0,0.592,-280.27,0.8,0.7,14
254.0,0,1.179,130.69,0.2,0.7,1
440.48,0,2.0,141.82,0.5,0.4,21
297.56,1,1.88,-35.44,0.5,1.0,9
426.23,0,0.525,360.69,0.5,0.7,2
67.72,1,1.324,-212.55,0.2,1.0,18
118.21,0,0.556,-167.04,0.2,0.0,21
202.17,0,1.043,-33.52,0.0,1.0,3
286.11,1,8.75,-52.71,0.8,0.4,17
251.82,1,0.429,149.96,0.5,0.4,19
357.58,1,0.095,296.68,0.2,1.0,17
391.34,0,0.2,-86.14,0.2,0.7,4
335.45,1,0.51,107.34,1.0,0.7,19
371.63,1,0.047,134.91,0.0,0.0,9
143.98,1,12.667,-168.25,0.0,0.7,17
446.74,0,0.158,167.62,0.2,1.0,5
53.31,0,0.286,-279.15,1.0,0.7,10
279.9,0,1.5,157.96,0.2,0.7,3
454.07,0,0.619,227.39,0.5,1.0,23
485.48,1,0.744,133.15,0.8,0.4,18
224.35,0,2.667,126.32,0.2,0.4,10
386.27,1,0.771,-38.55,0.2,0.7,17
341.52,0,7.5,188.11,0.5,0.4,1
55.56,0,0.1,-367.75,0.5,0.4,3
373.99,0,1.88,117.94,0.8,0.4,20
318.53,0,0.861,-89.22,0.2,0.0,11
433.71,0,7.0,105.04,0.0,0.7,14
221.64,1,0.69,-84.01,0.2,0.0,17
340.6,0,1.714,-146.32,0.5,0.0,2
60.08,0,0.643,-336.62,0.0,0.7,16
468.56,0,0.567,19.25,0.2,0.0,15
406.74,0,1.091,-39.39,0.8,0.4,7
376.16,0,1.333,121.3,1.0,0.7,0
303.45,0,0.044,224.97,0.2,0.4,16
219.84,0,0.591,153.12,0.8,1.0,1
309.54,0,12.0,239.72,0.0,0.7,23
265.63,0,0.404,-145.24,0.0,0.7,11
251.6,1,0.356,200.72,0.0,1.0,17
406.38,0,1.406,34.37,0.0,0.7,11
215.28,0,0.154,-204.04,1.0,0.4,15
376.79,0,1.792,83.44,0.5,0.7,13
230.8,0,0.316,-29.57,0.5,0.7,3
450.24,0,0.898,96.17,0.8,0.7,7
163.94,0,0.154,52.0,0.5,1.0,13
437.81,0,1.4,313.89,0.0,0.7,12
319.46,0,4.1,26.37,0.2,0.4,20
86.78,0,1.731,-151.76,0.0,0.0,7
51.82,1,0.189,-418.71,0.2,0.4,8
270.13,0,2.091,73.66,0.5,1.0,23
148.58,0,1.654,-59.43,0.8,0.0,1
254.14,0,0.976,-171.32,0.2,0.0,16
114.96,1,0.219,32.47,0.5,0.4,19
421.35,0,1.3,127.46,0.0,0.4,11
183.1,0,1.0,39.91,0.0,0.0,12
239.86,0,3.625,28.98,0.8,0.0,2
204.43,0,1.95,-14.28,0.5,1.0,5
335.85,0,1.226,18.85,0.8,0.0,2
63.97,0,0.913,-301.31,0.8,0.0,3
329.1,0,1.184,121.13,0.8,0.0,0
391.57,0,0.094,302.5,0.5,0.0,1
423.78,0,0.34,89.7,0.0,1.0,0
158.62,1,2.182,-334.18,0.0,0.7,9
366.82,0,0.72,113.78,1.0,1.0,22
107.77,0,0.023,-330.45,0.0,1.0,7
258.43,0,2.75,-105.28,0.8,0.0,13
364.2,1,4.75,93.21,0.8,0.7,18
320.5,0,0.158,78.47,0.2,0.0,11
162.07,0,0.969,-62.22,0.2,1.0,14
150.54,1,1.667,-288.96,1.0,1.0,18
413.79,0,1.586,-62.83,0.0,0.0,15
383.16,1,1.0,-92.84,1.0,0.0,17
407.45,1,1.333,163.96,1.0,0.7,19
238.38,0,5.0,173.29,0.8,1.0,12
168.25,0,0.833,-308.65,0.5,1.0,1
457.98,0,2.062,13.99,0.0,0.0,20
134.06,0,0.162,-4.37,1.0,0.7,20
80.07,0,0.548,-325.43,0.2,1.0,1
154.51,0,12.0,38.19,0.2,1.0,13
279.59,0,6.0,224.12,1.0,0.7,7
186.5,0,34.0,-228.66,0.5,0.4,20
348.82,0,1.077,83.6,0.2,0.0,21
335.03,0,0.694,41.4,0.0,0.4,21
115.43,0,0.273,-276.8,0.8,0.0,1
332.12,1,0.688,96.04,0.5,0.4,17
388.57,0,6.75,319.26,0.5,1.0,1
376.92,0,0.302,158.76,0.8,0.4,11
326.7,0,0.29,-79.01,0.8,0.4,15
179.43,0,1.147,-218.46,0.8,0.0,14
88.18,0,0.139,-363.06,0.2,0.0,23
176.38,0,0.692,-166.2,0.5,0.7,21
463.7,0,1.857,28.78,0.8,1.0,10
315.3,0,1.089,13.22,1.0,0.4,21
361.14,0,3.667,-127.71,1.0,0.0,16
470.37,0,2.278,26.73,1.0,0.4,2
304.71,0,1.312,97.88,0.5,0.4,2
235.19,1,0.773,66.43,0.8,0.4,19
359.75,0,0.18,224.27,0.5,0.7,23
284.05,0,0.789,181.31,0.5,0.4,20
423.68,0,0.951,291.29,0.8,0.7,5
372.67,0,0.839,-96.95,0.8,0.7,6
82.42,0,0.436,-23.57,0.8,1.0,7
415.4,0,0.385,250.74,0.8,1.0,11
280.0,0,2.111,40.78,0.5,0.0,16
317.87,1,1.281,53.5,0.8,0.7,17
105.31,0,0.75,-286.75,0.0,0.0,4
296.82,0,2.571,126.03,0.0,1.0,22
304.96,1,0.07,250.52,0.5,0.7,17
153.72,0,1.75,-174.52,1.0,0.7,7
118.27,0,1.438,-180.9,0.5,0.4,23
293.77,0,1.786,235.92,0.2,0.0,14
490.4,0,1.2,319.02,0.8,0.0,21
149.44,0,0.593,-107.34,0.2,0.4,13
51.43,0,2.571,-300.59,0.8,1.0,23
95.16,0,0.933,8.26,0.8,1.0,21
432.76,0,1.92,44.95,0.0,0.7,22
246.49,1,1.375,-197.33,0.5,0.7,17
327.04,0,0.97,-100.16,1.0,0.4,15
84.81,1,0.217,-341.81,0.8,0.4,19
191.4,0,1.0,-40.9,0.2,0.7,14
444.98,0,0.641,-37.31,1.0,0.4,20
253.51,0,9.0,-156.54,0.8,0.7,21
270.93,1,12.5,-104.95,0.8,0.0,18
152.85,0,0.739,-62.12,0.5,1.0,5
434.14,0,0.733,93.89,1.0,0.4,7
71.59,0,1.042,-81.27,0.2,0.0,13
72.53,0,1.25,-13.13,0.5,1.0,0
436.33,0,1.9,261.0,0.2,0.4,7
284.23,0,1.818,129.91,0.0,0.0,11
129.17,0,0.875,-167.4,0.8,0.4,2
321.19,0,0.154,236.52,0.0,0.7,7
400.58,0,4.375,101.53,0.5,0.4,16
160.54,0,2.917,106.6,0.2,0.7,21
277.03,0,0.061,201.45,0.2,0.4,4
430.94,1,3.1,272.07,1.0,0.7,8
160.61,0,0.6,31.79,0.0,0.4,20
389.53,0,1.051,309.35,0.8,0.4,13
288.0,1,0.633,17.52,0.8,1.0,19
474.48,0,0.714,265.21,1.0,1.0,4
471.59,0,0.5,346.49,0.8,0.4,6
319.91,0,2.8,104.53,0.5,0.0,14
219.17,0,1.08,1.04,0.5,1.0,12
147.01,0,24.5,-251.77,0.2,1.0,20
112.93,0,1.021,-294.26,0.8,0.4,15
456.65,1,0.133,292.84,0.8,1.0,17
447.07,0,1.25,188.59,0.8,0.0,6
465.24,0,0.244,282.3,0.0,0.7,6
442.45,0,0.595,357.29,0.5,0.7,22
68.24,0,1.161,-423.37,0.8,0.0,12
189.65,0,1.692,-88.37,0.0,0.0,7
302.72,0,1.043,225.77,1.0,0.4,4
60.86,0,1.417,-170.68,1.0,1.0,0
178.22,0,1.905,105.31,1.0,0.0,16
245.03,0,1.531,-36.26,1.0,0.0,15
347.28,0,1.136,99.34,0.5,0.4,15
91.94,1,3.769,-130.81,0.8,0.4,18
55.45,0,0.15,-54.37,0.8,0.4,14
296.18,0,0.357,131.36,0.2,0.0,13
169.48,0,3.667,-97.72,0.0,0.4,23
272.07,0,0.25,186.08,0.8,0.7,11
432.77,0,1.958,-47.28,0.5,0.7,2
287.02,0,2.048,-63.47,1.0,0.7,13
151.79,1,3.125,91.79,0.8,0.7,17
274.49,1,1.65,-101.43,0.8,0.0,17
97.92,0,1.176,-18.67,0.2,0.4,23
466.72,0,3.0,102.9,1.0,0.7,0
238.68,1,1.846,39.63,0.0,0.4,19
476.82,0,1.29,128.52,0.5,0.0,22
119.32,0,0.929,-143.61,0.0,0.7,21
156.06,0,0.4,-289.54,0.8,1.0,0
243.55,0,0.538,87.75,0.2,0.4,0
197.21,0,0.282,-22.37,0.0,0.0,3
53.82,0,0.125,-239.35,0.8,0.0,2
496.33,0,4.2,445.39,0.2,0.0,10
355.43,0,0.792,-107.71,0.5,0.0,22
198.56,0,0.55,131.04,1.0,0.0,0
419.64,0,40.0,283.13,0.2,1.0,23
317.02,1,0.389,-9.93,1.0,0.0,19
79.22,0,2.111,-243.56,0.5,0.4,0
281.7,0,1.111,8.31,0.2,0.7,16
349.25,0,1.182,-13.46,0.8,0.7,6
344.07,0,1.053,-72.52,0.8,0.4,10
144.75,1,2.048,-112.83,0.2,0.0,8
443.81,0,0.105,327.35,0.8,0.4,0
177.11,0,9.4,-22.62,0.5,0.4,4
234.45,0,1.107,-233.99,1.0,0.7,1
345.28,0,0.452,131.39,0.8,0.4,4
64.12,0,1.25,-369.76,0.5,1.0,14
346.25,0,1.067,117.38,0.5,1.0,12
485.01,0,0.438,244.95,0.5,0.4,22
237.11,1,0.647,-31.99,0.5,0.4,18
280.75,0,0.562,7.84,0.5,0.4,23
67.3,0,0.444,13.15,0.5,0.7,15
51.23,1,1.091,-216.03,1.0,0.4,9
356.16,0,0.455,-79.84,1.0,0.7,6
497.13,0,0.765,171.52,1.0,0.4,0
410.13,0,1.064,155.4,1.0,0.7,13
70.03,1,1.633,-129.64,0.8,0.0,9
461.35,1,0.9,137.41,0.2,0.7,19
169.12,1,0.517,-282.06,0.0,0.4,18
227.67,1,2.235,175.74,0.2,0.0,9
228.64,0,1.812,-14.86,0.0,0.7,21
57.35,1,1.296,-383.5,0.5,0.0,9
290.34,0,2.714,-8.22,0.0,0.4,4
197.86,0,0.766,-97.42,0.2,0.0,5
197.95,0,4.667,37.43,0.8,0.0,13
378.96,1,0.188,252.9,0.5,0.7,18
141.84,0,0.393,18.08,0.0,0.7,10
296.91,0,0.778,216.04,0.2,0.0,7
400.4,0,3.2,-7.09,0.5,0.4,6
201.89,0,1.69,-73.32,1.0,1.0,2
350.6,0,0.258,175.36,0.0,0.7,5
224.55,0,1.917,89.36,0.5,0.0,3
496.46,0,8.333,373.43,0.5,0.4,1
137.38,0,1.286,-358.62,0.5,0.0,15
244.58,1,0.51,-168.69,0.8,0.4,8
336.87,1,0.325,-61.19,0.0,0.4,19
300.86,0,1.562,44.83,0.5,0.7,11
253.81,0,1.0,202.14,0.5,0.0,2
202.43,1,0.571,-184.95,0.0,0.7,9
429.36,0,0.667,111.77,1.0,0.0,15
272.46,1,0.29,-225.8,0.5,0.0,17
192.68,0,0.073,2.25,0.8,0.7,1
472.57,0,1.75,123.4,0.2,0.7,1
202.97,1,0.556,-32.44,0.0,0.7,18
382.38,1,1.6,149.29,0.0,0.7,18
91.88,0,0.261,-19.96,1.0,0.0,14
488.59,0,1.143,92.99,0.5,0.0,23
312.0,0,2.643,226.52,0.0,0.7,5
389.68,0,1.361,-71.16,0.0,0.7,7
95.2,1,2.15,-136.44,0.0,0.7,8
199.97,0,0.14,-183.52,0.2,0.0,0
98.07,0,38.0,-166.57,0.8,0.7,15
168.93,0,5.0,-146.95,1.0,0.4,3
133.31,1,2.0,-329.86,0.0,0.0,18
368.67,0,0.298,242.45,1.0,0.4,11
285.34,1,0.023,112.35,0.2,1.0,18
243.38,0,4.0,-82.59,0.8,0.4,13
111.29,0,0.826,-376.88,0.8,0.7,1
435.26,0,0.4,329.17,0.8,0.7,14
50.65,0,1.219,-50.92,1.0,0.4,15
107.69,0,0.378,-25.27,1.0,0.0,12
369.98,0,1.778,216.09,0.2,0.0,0
227.62,0,0.114,-256.73,0.5,0.0,7
144.59,0,0.024,44.74,0.0,1.0,20
251.18,0,1.571,135.04,0.0,0.7,0
346.78,1,1.08,-9.36,0.8,0.4,19
225.14,0,0.714,90.54,0.2,1.0,2
72.02,0,0.643,20.64,0.8,0.4,0
256.44,0,0.083,76.36,0.8,0.0,10
175.7,0,0.526,-66.07,0.0,1.0,4
313.92,0,6.8,107.39,0.2,1.0,7
427.76,0,2.5,-55.82,0.5,0.4,21
457.16,0,0.517,399.44,0.2,1.0,14
279.36,0,0.417,-190.93,0.0,0.7,22
164.67,0,0.706,70.19,1.0,0.7,15
78.34,0,13.0,-402.38,0.0,0.4,20
390.98,0,1.062,40.18,1.0,0.4,11
51.52,0,0.941,-429.86,0.5,1.0,21
266.46,1,22.0,132.14,0.5,1.0,17
313.79,0,2.5,-19.19,1.0,0.7,20
331.08,0,0.806,-119.54,0.5,0.0,0
391.52,1,0.742,101.9,0.8,0.4,9
360.38,0,18.0,263.94,0.2,0.4,5
260.19,0,0.214,-30.55,0.0,0.0,14
373.29,0,1.241,223.96,0.2,0.4,20
165.41,0,2.333,-297.78,0.8,0.0,1
450.41,0,1.105,-1.49,0.0,0.7,1
92.08,0,5.0,-70.56,1.0,0.4,13
174.69,0,0.689,49.52,0.0,1.0,21
95.04,0,1.227,-181.63,0.2,0.7,14
207.03,0,0.622,-3.57,0.8,0.4,3
491.32,0,6.857,184.05,0.5,0.4,22
381.86,0,0.733,2.26,0.2,0.4,14
257.38,1,0.474,-90.37,0.2,0.4,17
460.51,0,0.17,318.64,0.5,1.0,14
425.13,0,9.0,303.55,0.8,0.0,0
289.86,0,8.0,-68.14,0.8,0.0,21
145.3,1,4.455,26.12,0.0,1.0,17
169.76,1,4.091,-114.36,1.0,0.7,8
289.78,0,0.282,-15.5,0.8,1.0,22
175.63,1,1.379,8.53,0.2,0.0,17
218.99,1,1.368,-71.96,0.0,0.0,9
153.38,0,2.25,-211.74,0.0,1.0,16
370.6,0,1.105,-46.92,0.0,0.4,12
158.22,0,1.667,85.38,1.0,0.0,14
87.61,1,0.972,-198.67,0.0,0.7,19
111.28,0,0.611,-18.96,0.8,1.0,21
364.45,0,0.6,274.23,0.2,1.0,2
335.23,0,0.596,249.16,0.5,1.0,14
496.74,0,2.444,294.78,0.0,0.0,2
360.9,0,1.163,-77.4,0.0,0.0,5
383.99,0,0.224,47.32,0.0,0.0,23
478.89,1,0.419,384.67,1.0,0.7,9
485.89,0,0.854,424.26,0.2,0.7,2
101.82,0,0.568,-359.6,0.5,0.7,20
295.6,0,1.833,179.03,1.0,1.0,11
459.61,0,0.941,375.14,0.2,0.7,23
191.35,0,13.333,-69.64,1.0,1.0,1
319.65,0,0.667,268.39,0.5,0.4,4
203.67,1,0.561,-8.99,1.0,0.7,8
219.97,0,0.385,114.65,0.8,0.4,1
495.8,1,2.2,279.5,0.0,0.7,8
218.9,1,0.297,150.06,0.0,1.0,18
158.18,1,1.929,-162.77,1.0,1.0,8
397.56,0,11.5,-2.82,1.0,0.4,3
170.51,0,1.25,99.37,0.0,1.0,14
450.59,0,4.25,-11.27,0.0,0.7,15
482.97,0,2.765,143.27,1.0,1.0,5
137.24,0,0.471,-235.94,0.2,0.0,5
119.69,0,1.125,40.2,0.8,0.7,12
307.14,0,0.324,-44.13,0.5,1.0,12
159.22,0,5.5,-79.69,0.2,0.7,20
243.9,0,1.382,147.06,0.5,0.0,13
181.23,0,0.12,-310.76,0.8,0.4,7
390.95,0,2.042,-48.87,0.0,0.4,21
354.09,0,0.319,151.12,0.2,0.7,3
350.9,0,23.5,89.48,0.5,1.0,3
309.07,0,0.576,-107.55,1.0,0.0,1
215.77,0,6.714,-84.47,1.0,0.4,12
487.61,0,0.468,228.05,0.0,0.7,4
337.59,0,0.432,-159.32,0.5,0.4,23
486.38,0,1.0,65.61,0.2,0.7,3
104.98,1,0.457,-272.82,0.2,0.0,9
319.93,1,0.152,33.13,0.0,0.0,9
316.99,0,0.812,-16.9,0.2,1.0,20
339.81,0,0.346,-159.94,0.0,1.0,10
480.29,0,9.4,17.13,1.0,1.0,13
92.89,0,0.84,-389.44,0.8,0.0,15
419.16,0,0.857,-79.61,0.0,0.0,3
100.41,1,1.852,-7.15,1.0,0.0,8
200.23,0,1.8,-136.35,0.8,0.7,5
103.87,0,0.487,-272.28,0.8,0.0,1
226.29,0,3.143,-98.09,0.5,0.4,7
321.66,0,0.25,-92.17,1.0,0.7,16
151.63,0,1.842,-77.02,0.8,0.7,4
390.43,0,4.222,157.15,0.2,0.4,23
277.63,0,1.0,194.55,0.8,0.7,2
84.54,1,0.815,-80.28,0.0,0.7,18
233.26,0,0.971,-152.96,0.5,0.0,21
471.02,0,0.5,228.12,0.0,0.0,23
241.93,0,5.333,-189.01,0.0,0.4,13
212.59,0,2.429,-16.43,1.0,0.0,4
119.3,0,0.08,-135.73,0.5,0.4,12
148.37,0,0.24,-305.5,0.5,0.0,11
132.53,0,0.917,-174.89,0.8,1.0,23
339.87,0,1.361,225.7,0.2,0.7,4
102.12,0,16.0,-84.68,1.0,0.0,13
137.33,0,0.58,-46.97,0.8,0.4,12
155.19,0,0.214,-63.25,0.0,0.0,6
253.19,1,1.792,-109.1,1.0,0.0,9
311.38,1,0.649,232.2,0.5,0.7,8
371.59,0,6.0,117.69,0.5,0.4,22
367.77,1,1.256,37.07,0.8,1.0,19
338.79,0,0.528,-52.98,0.8,0.0,1
290.87,0,1.9,76.09,0.8,0.4,5
96.32,1,0.595,36.75,1.0,0.7,18
478.98,0,3.077,28.24,0.0,0.4,7
113.58,0,0.38,-372.52,0.8,0.0,11
60.33,0,0.889,-240.73,0.2,1.0,7
393.71,1,0.267,-93.84,0.0,1.0,18
189.28,0,3.429,-285.08,0.2,0.4,22
321.08,1,1.0,108.27,0.2,0.4,18
57.87,0,0.735,-360.58,0.5,0.0,5
103.01,0,0.628,-11.1,1.0,1.0,12
412.06,0,0.056,9.23,0.8,0.7,0
245.37,0,4.4,75.65,1.0,1.0,10
233.12,0,1.087,150.36,0.2,0.0,11
94.21,0,1.107,-329.57,0.2,0.4,11
201.58,0,0.568,-264.14,0.0,0.7,2
229.4,0,2.778,112.37,1.0,0.7,6
454.55,0,0.439,19.96,0.2,1.0,2
52.93,0,15.0,-380.56,0.8,1.0,4
102.55,1,1.25,-388.29,0.8,0.4,18
137.0,0,0.14,-188.35,0.0,0.0,13
75.19,0,0.735,-266.54,0.0,0.7,6
436.03,0,7.8,241.4,0.8,1.0,11
138.15,0,1.206,-173.96,0.8,1.0,12
378.49,0,2.5,229.26,0.5,0.7,1
249.21,0,1.103,72.53,0.2,0.0,13
376.71,0,3.222,-16.62,0.8,0.4,7
58.76,0,0.391,-350.64,0.8,1.0,14
304.44,0,0.364,-165.18,0.0,0.7,12
353.58,0,0.765,185.32,0.2,0.4,3
90.13,0,2.0,-19.57,0.5,0.7,12
205.13,0,0.846,-277.33,0.0,1.0,0
54.79,0,0.2,-377.51,0.2,0.0,10
50.21,0,3.545,-50.47,0.8,0.4,21
109.56,1,2.048,-163.53,1.0,0.7,9
148.21,0,0.615,64.76,1.0,0.7,15
72.13,0,0.447,-410.43,1.0,0.7,6
182.31,0,0.385,112.96,0.0,1.0,12
156.43,1,4.75,14.23,0.5,0.0,8
98.73,0,0.886,-15.07,0.8,1.0,20
461.83,0,3.0,378.0,0.2,0.0,20
422.3,0,1.086,326.25,0.2,0.7,7
307.63,0,2.455,104.57,0.8,1.0,7
439.96,0,1.75,285.73,1.0,0.4,3
294.58,1,2.75,-203.58,0.8,0.0,19
387.62,0,0.405,-94.28,0.0,1.0,15
373.63,0,1.086,130.72,0.0,1.0,1
231.2,0,11.25,-240.99,0.2,1.0,10
437.05,1,5.0,380.09,0.0,1.0,9
346.51,1,1.667,219.59,0.2,0.7,18
88.79,0,4.0,-138.22,0.5,0.0,2
471.68,0,1.207,112.64,0.8,0.4,22
343.09,1,0.147,-128.59,0.0,0.4,19
486.01,0,1.423,96.28,0.0,0.7,4
324.03,0,0.7,144.07,1.0,0.0,4
432.89,0,3.0,23.62,1.0,0.4,7
488.75,0,1.25,169.55,0.5,0.7,14
447.12,0,0.45,245.15,1.0,0.0,16
206.05,0,0.316,-125.68,1.0,1.0,5
344.67,0,0.067,253.42,0.2,0.4,2
225.72,0,0.897,87.53,0.2,0.0,13
221.2,0,1.611,136.1,1.0,0.0,2
488.01,0,0.953,215.31,1.0,1.0,14
435.66,0,3.5,127.09,0.8,1.0,4
194.05,0,1.111,-115.51,0.8,0.0,1
356.7,0,1.667,306.41,0.2,0.4,1
171.2,0,0.089,107.75,0.5,1.0,22
199.34,1,1.175,-56.15,0.0,0.0,8
175.82,0,0.727,-117.98,0.5,0.7,4
470.4,1,1.417,243.47,1.0,1.0,18
421.91,0,0.391,96.79,0.2,0.4,21
289.72,1,0.205,-19.5,0.5,1.0,9
482.21,1,0.371,16.51,0.0,0.7,17
85.82,0,0.647,-270.42,0.5,0.4,1
375.09,0,2.227,-94.38,0.2,0.7,4
127.34,1,0.297,-348.39,0.2,0.4,8
401.76,0,0.872,185.24,0.2,0.0,15
216.15,0,1.769,154.6,0.8,0.7,10
57.03,1,1.714,-137.17,0.8,0.7,18
137.37,0,15.0,-195.29,0.0,0.0,7
267.91,0,0.795,196.81,1.0,0.7,15
407.05,0,0.889,318.35,0.5,0.4,16
196.36,0,3.333,-57.79,0.5,0.7,4
378.02,0,0.5,163.27,0.2,1.0,6
93.82,0,1.382,-315.64,0.8,0.7,10
169.59,0,0.05,-261.38,0.0,0.7,16
209.24,0,0.06,-46.24,1.0,0.0,5
262.8,0,1.118,185.74,0.2,1.0,23
108.4,0,0.75,-321.72,1.0,0.7,23
470.83,0,1.222,170.0,0.8,1.0,6
312.61,0,0.42,75.63,0.8,1.0,3
112.2,0,1.818,-255.55,1.0,0.7,4
293.61,0,2.389,90.82,1.0,1.0,11
428.71,0,0.457,249.1,1.0,0.4,21
485.44,0,5.0,69.85,0.8,0.7,6
447.12,0,9.0,377.83,0.5,0.7,10
341.3,0,0.395,186.86,0.2,0.4,2
440.82,0,0.381,359.66,0.0,0.7,15
284.8,0,10.333,-50.24,0.8,0.4,12
186.47,0,0.368,-246.53,1.0,1.0,11
497.8,0,0.95,227.02,0.8,0.4,2
404.97,0,0.707,31.26,0.5,1.0,23
108.38,1,48.0,-322.3,0.2,0.7,9
286.62,0,2.8,-125.8,0.2,0.0,12
426.35,0,0.692,319.52,1.0,0.4,21
187.19,0,0.024,95.52,0.8,0.0,10
236.92,0,2.125,-33.37,0.2,1.0,4
124.28,0,0.057,-137.97,1.0,0.0,1
404.12,1,2.5,-50.81,0.8,1.0,9
487.98,0,0.354,185.06,0.5,1.0,6
438.23,0,2.5,-35.73,0.5,0.4,7
417.5,1,0.182,-17.2,0.8,1.0,17
378.3,0,2.25,151.68,1.0,0.4,5
340.44,0,3.625,211.44,0.8,0.4,13
377.74,0,0.63,-88.87,1.0,0.4,22
127.64,0,1.75,-181.85,1.0,0.4,3
479.9,0,2.455,100.14,0.5,0.0,7
298.91,0,1.25,184.17,0.2,0.7,3
483.87,0,0.533,78.66,1.0,0.4,10
170.05,0,1.8,65.08,0.8,1.0,16
180.43,0,0.423,-293.42,1.0,0.7,20
414.84,0,0.459,16.12,1.0,0.0,4
421.19,0,0.744,-16.09,0.8,0.0,14
248.06,0,3.083,125.12,0.5,0.4,21
391.89,0,1.3,-67.91,0.0,0.4,23
112.22,0,2.19,-365.84,1.0,0.4,16
415.54,0,5.0,26.8,0.0,0.4,10
405.76,1,0.553,-32.58,1.0,0.4,19
169.39,1,1.0,-130.0,1.0,1.0,9
438.63,0,1.0,191.36,0.2,0.7,20
133.1,0,1.435,-203.74,0.8,0.0,6
140.9,0,16.667,-34.26,0.5,0.4,7
416.6,0,7.0,-18.23,1.0,0.7,15
206.1,0,6.0,-236.22,0.2,0.0,12
339.31,0,5.0,213.94,1.0,0.7,3
186.26,0,0.333,-78.83,1.0,0.4,10
460.24,0,3.077,150.79,0.8,0.0,10
274.94,1,1.158,-48.97,0.0,0.4,9
117.92,0,0.098,-0.38,0.2,0.4,20
482.05,0,0.978,247.5,0.2,0.0,2
385.71,0,0.78,295.55,0.0,1.0,22
460.98,0,0.778,392.15,1.0,0.0,23
204.32,0,0.191,-179.84,1.0,1.0,23
386.05,0,0.325,239.71,0.5,0.4,7
143.78,1,1.136,87.75,0.2,1.0,9
399.49,0,2.15,302.86,0.5,0.4,10
60.22,0,0.316,-241.05,0.8,0.4,21
349.22,1,0.027,-142.67,0.2,0.7,9
428.0,0,4.5,111.87,0.5,0.7,22
414.71,0,5.0,33.52,0.0,0.4,11
318.29,0,1.162,210.6,1.0,1.0,1
152.99,0,7.143,-101.19,0.2,0.7,5
297.36,0,1.217,4.52,0.8,0.7,4
430.85,0,0.643,264.14,0.0,0.4,6
468.58,0,0.323,228.47,0.5,0.4,23
272.69,0,0.417,195.55,1.0,0.0,6
483.8,0,1.0,239.75,1.0,0.0,1
106.92,0,1.667,-69.71,0.0,0.7,12
422.5,1,1.545,64.5,0.0,0.4,18
64.57,0,2.421,-11.82,0.0,0.7,16
461.39,0,0.865,123.46,0.5,1.0,13
216.9,0,8.0,-98.66,0.5,0.7,15
475.6,1,2.333,312.52,0.0,0.4,17
51.23,1,1.071,-18.63,0.0,0.0,19
143.25,0,2.667,-269.49,0.8,0.4,11
174.28,0,1.115,-300.16,0.8,0.4,0
294.97,1,11.333,12.39,0.5,1.0,19
63.72,1,0.263,-310.19,0.5,0.0,9
278.76,0,0.462,44.9,0.0,0.4,16
153.14,1,0.652,67.27,0.0,0.7,17
271.41,0,1.889,131.64,0.8,0.4,4
61.16,0,3.538,-243.15,0.2,0.7,4
209.9,0,0.773,-31.76,0.8,0.7,10
104.22,1,0.143,51.76,0.2,0.4,8
420.16,1,2.364,-43.6,0.8,0.7,18
420.44,0,0.929,334.92,1.0,0.0,20
364.76,1,1.778,101.01,0.0,0.0,9
241.5,0,0.963,51.73,0.5,0.0,20
72.76,0,0.625,-242.07,0.8,0.0,15
387.06,0,1.5,218.85,0.2,0.0,12
364.97,0,0.755,-3.41,0.5,0.0,22
498.87,1,0.372,419.27,0.2,0.0,8
275.83,0,1.026,-137.69,0.5,1.0,15
495.36,0,1.147,157.86,0.0,0.4,10
358.32,0,1.31,-57.83,0.8,0.7,7
479.95,0,1.08,363.15,0.8,0.7,3
306.96,0,1.032,145.25,0.2,0.7,20
381.64,0,0.857,-103.53,1.0,0.7,13
498.05,0,4.625,247.32,0.0,0.0,20
447.54,0,1.545,15.89,0.2,0.0,2
282.01,0,7.5,-136.91,1.0,0.4,23
74.72,0,0.222,-46.54,0.0,0.7,22
155.84,0,5.833,-202.12,1.0,1.0,6
489.21,1,1.333,6.08,1.0,0.7,9
416.89,0,16.5,-16.24,1.0,1.0,22
112.21,0,0.571,-278.81,0.8,0.7,2
467.2,1,0.688,160.21,0.8,0.7,18
127.66,0,0.029,-287.68,0.5,0.0,11
262.97,0,1.476,170.81,0.2,0.4,23
184.8,0,6.167,-46.65,0.0,0.4,2
417.71,0,0.727,246.02,0.2,1.0,15
258.51,0,3.3,-129.96,1.0,1.0,2
170.21,0,10.25,-144.77,0.2,0.0,1
240.59,1,0.158,31.02,0.0,1.0,8
129.66,0,2.625,-48.19,1.0,0.4,6
209.32,0,1.88,-191.24,0.8,1.0,1
70.33,0,0.463,-251.81,0.8,0.7,2
296.06,0,1.0,-78.1,1.0,1.0,6
280.27,0,0.621,162.01,0.8,0.0,16
95.99,0,1.636,-18.06,0.5,0.4,5
294.18,1,1.5,187.9,1.0,0.4,9
289.72,0,1.346,13.91,1.0,0.0,22
227.83,1,0.529,109.73,1.0,1.0,19
241.21,0,7.4,-89.25,0.0,0.0,7
499.42,0,0.357,398.59,0.2,0.7,10
338.04,1,1.256,214.58,0.2,1.0,18
263.8,0,1.071,30.37,0.0,0.7,14
463.26,0,5.333,268.71,1.0,0.0,3
423.53,0,0.44,363.66,0.2,0.7,6
273.02,0,2.45,105.04,1.0,0.0,13
64.2,0,0.5,-72.76,0.5,0.7,0
230.93,0,1.37,152.5,0.8,0.0,15
166.41,0,0.2,-125.8,1.0,0.0,20
51.28,1,0.745,-179.04,1.0,0.4,18
249.28,0,3.0,13.12,0.0,0.4,21
463.6,0,3.333,131.63,0.5,1.0,11
327.83,0,1.229,-133.98,1.0,1.0,4
248.16,0,1.111,-220.48,0.8,0.7,21
203.13,0,0.286,35.58,0.5,0.0,12
110.65,0,0.2,-208.95,0.2,0.0,0
497.61,0,1.613,336.73,0.8,0.0,15
263.52,1,1.6,23.4,0.0,0.4,8
397.08,0,0.714,-16.3,0.2,1.0,23
489.14,1,0.593,147.71,0.0,0.7,18
75.12,0,0.615,-193.36,0.0,0.0,12
307.58,0,1.0,-105.57,0.5,0.7,7
464.23,1,0.211,-35.16,0.5,1.0,8
72.5,0,1.185,-332.63,0.5,0.4,7
240.62,0,0.952,26.74,0.8,0.7,16
252.78,0,0.054,-226.07,0.5,0.4,2
63.0,1,0.846,-45.89,0.5,0.7,18
434.43,1,2.778,301.48,0.8,0.7,19
98.78,1,4.75,-235.9,1.0,0.7,18
362.66,1,4.0,8.79,0.2,0.4,19
182.35,0,1.2,-301.13,0.8,1.0,1
263.28,0,1.047,32.72,0.5,0.0,2
85.58,0,0.286,-90.84,0.0,0.0,16
290.03,0,1.941,7.35,0.8,0.0,1
56.76,1,1.4,-206.8,1.0,1.0,19
496.24,0,1.438,388.71,0.0,0.4,0
249.84,0,1.696,-153.68,0.0,0.7,23
233.85,0,0.196,65.45,0.2,1.0,16
99.91,1,0.213,-24.17,0.2,0.7,18
448.02,0,0.98,244.05,0.8,0.7,5
223.64,0,0.809,-165.01,0.0,1.0,3
125.96,1,0.561,-366.57,1.0,0.4,9
352.29,0,1.125,-10.33,0.2,0.7,13
490.98,0,0.49,320.22,0.0,1.0,10
215.34,0,0.476,-128.15,0.5,0.4,16
112.97,0,0.625,-24.13,0.8,0.7,16
381.42,0,0.816,-108.3,1.0,0.0,13
229.16,0,0.58,86.33,0.5,0.4,1
136.23,0,5.5,-288.44,1.0,1.0,5
453.98,0,2.2,244.85,0.0,0.0,11
483.04,0,1.56,61.02,0.5,0.7,13
64.94,0,3.154,-259.06,0.2,0.7,3
423.38,1,1.061,253.34,0.2,0.7,17
66.09,0,20.0,-398.28,0.0,0.0,12
263.38,0,0.897,84.41,0.0,1.0,4
164.35,1,0.667,-298.21,0.5,0.7,18
421.63,0,7.0,277.01,1.0,0.7,22
321.25,0,0.161,173.4,1.0,0.0,4
342.91,0,0.955,-116.75,0.5,0.4,0
116.19,0,4.875,-139.23,1.0,0.7,13
411.76,1,1.92,106.21,0.8,0.4,17
187.73,0,9.75,-305.65,0.8,0.4,23
427.89,0,0.389,71.43,0.5,1.0,10
437.83,0,0.5,-56.09,1.0,1.0,22
170.51,0,1.417,-286.54,1.0,0.4,16
284.66,1,2.636,127.44,0.0,0.4,8
297.37,0,0.977,233.83,0.2,0.4,21
465.87,0,1.03,95.61,1.0,0.4,7
70.15,0,1.25,-32.49,0.2,0.4,14
78.36,0,0.5,-206.55,0.8,1.0,1
459.52,0,2.667,180.95,1.0,1.0,12
55.04,0,3.125,-32.59,0.5,0.4,16
179.94,0,4.167,-282.83,0.2,0.7,12
338.52,0,2.625,250.25,1.0,0.0,16
402.37,0,0.667,7.47,1.0,0.4,20
233.9,0,1.05,-258.2,0.5,0.0,10
380.0,0,0.077,-117.56,0.8,1.0,0
417.82,1,0.042,242.29,0.5,1.0,18
58.8,1,0.227,-301.26,0.8,1.0,18
170.9,1,0.893,87.68,0.8,0.7,9
90.63,0,0.13,-337.7,0.2,0.7,10
195.77,0,0.829,-33.7,1.0,0.7,7
285.26,0,10.333,228.49,1.0,0.4,11
141.04,0,0.75,-158.24,0.8,1.0,2
256.6,1,0.641,199.66,0.2,1.0,19
453.97,0,1.059,149.38,0.8,1.0,16
63.79,0,0.208,-347.49,0.8,0.4,13
306.21,0,6.0,-147.35,0.0,0.4,2
109.72,0,0.333,-336.81,0.5,1.0,3
301.58,0,0.919,-141.13,0.8,0.0,1
434.65,0,0.167,42.18,1.0,0.7,22
212.54,0,0.167,-67.18,0.0,1.0,7
367.73,0,1.579,15.8,0.2,1.0,14
133.2,0,0.641,49.62,1.0,0.4,2
370.75,1,0.154,139.48,0.2,1.0,8
113.41,0,1.091,-360.95,0.5,0.0,16
446.74,1,0.087,-14.3,0.5,0.7,8
420.49,1,1.286,214.51,0.5,0.7,8
245.8,0,0.143,-31.81,0.0,0.4,2
423.73,1,0.75,54.09,0.0,0.0,19
148.8,0,1.577,-218.06,0.5,1.0,13
127.25,0,0.133,-295.03,0.5,1.0,10
463.79,0,3.0,138.83,0.5,0.0,6
284.08,0,0.188,-191.31,1.0,0.4,22
372.68,0,2.647,214.51,0.2,1.0,0
465.89,1,0.714,58.21,0.5,0.0,18
403.84,0,1.25,-70.5,0.0,0.0,0
488.63,1,1.542,163.94,0.8,0.0,19
133.67,0,0.286,47.28,0.0,0.7,21
419.37,0,7.25,308.1,0.0,0.0,12
317.14,0,0.179,-39.08,0.0,1.0,6
88.98,0,1.071,-187.9,0.5,0.7,23
414.83,0,1.267,301.45,1.0,1.0,23
307.89,0,1.056,-131.45,0.8,0.7,15
175.56,0,2.294,-86.94,0.0,1.0,21
406.86,0,0.15,125.26,0.2,1.0,4
87.19,0,0.571,-368.57,0.0,0.0,3
119.18,1,7.333,-279.43,1.0,1.0,9
80.92,1,3.667,-370.66,0.2,0.7,17
393.77,0,0.5,-26.97,0.5,0.4,7
232.53,0,8.5,59.68,1.0,1.0,1
251.51,0,1.714,-63.22,0.2,0.7,7
137.85,0,1.061,-48.79,0.2,0.7,20
486.07,0,0.61,302.01,0.2,0.0,11
250.48,1,5.5,0.53,0.5,0.0,18
328.94,0,0.828,120.34,0.5,1.0,2
132.25,1,0.378,-288.84,1.0,0.0,8
196.05,0,0.44,126.92,0.5,0.0,23
450.27,0,5.571,355.39,0.0,0.0,11
473.63,0,1.515,380.99,0.0,0.4,16
474.09,0,0.413,117.2,0.0,0.4,6
232.76,0,20.5,-96.68,0.2,0.7,4
357.16,0,7.5,-142.03,0.0,0.4,0
403.22,0,1.381,-51.82,0.5,0.0,15
391.8,0,0.407,26.96,0.0,0.0,12
146.57,0,0.364,-227.19,0.2,0.7,0
314.69,0,1.0,66.62,1.0,0.7,16
69.72,0,1.526,-355.92,0.0,1.0,12
258.66,0,1.444,-39.18,0.5,0.7,23
349.89,0,0.133,-73.27,0.0,0.0,20
329.92,1,0.432,-156.51,0.0,0.4,19
51.35,0,4.75,-155.34,0.0,0.4,14
325.21,0,0.091,-162.33,0.5,0.0,1
332.09,0,1.75,-127.35,0.2,0.7,14
481.93,0,3.333,270.3,0.2,0.7,3
115.93,0,1.682,-96.68,0.0,0.0,4
306.23,0,0.844,-3.69,0.0,1.0,14
76.46,0,0.778,-219.57,0.8,1.0,16
362.95,1,0.06,204.21,0.8,0.7,9
372.5,0,4.889,-107.89,0.2,0.7,16
483.43,1,0.844,264.69,0.2,0.0,8
256.31,1,0.812,-135.13,0.2,0.7,17
122.31,0,0.071,-84.26,0.0,0.0,16
190.9,0,0.56,82.4,0.8,0.4,13
291.76,1,0.233,159.06,0.0,0.4,9
400.59,0,0.822,252.11,0.2,0.7,11
56.86,0,1.4,-347.49,1.0,0.0,1
70.88,0,0.614,-89.05,1.0,1.0,3
56.28,0,1.062,-392.6,0.0,0.0,15
148.97,0,0.897,37.73,0.0,0.7,20
200.34,0,0.733,-244.07,1.0,1.0,4
89.48,0,3.083,-227.56,1.0,1.0,5
70.89,0,0.423,-408.07,0.2,1.0,12
448.13,0,12.0,334.47,0.5,0.7,5
165.13,0,2.4,-327.36,0.0,0.4,12
90.88,0,3.625,-114.03,0.2,0.4,15
52.75,0,1.361,-82.32,0.2,0.0,16
347.11,0,0.83,266.72,1.0,0.0,1
375.26,0,1.156,16.38,1.0,0.0,2
100.43,1,0.14,-146.01,1.0,0.7,8
86.7,1,1.0,-228.14,0.5,1.0,18
366.79,0,2.818,274.4,1.0,0.0,1
496.59,0,0.082,293.74,0.2,1.0,21
321.74,0,1.089,174.56,1.0,1.0,4
458.88,1,0.303,193.06,0.2,0.7,9
345.81,0,5.0,-152.13,0.2,0.4,20
123.13,0,1.581,48.84,1.0,0.4,14
107.36,0,0.543,-359.62,0.2,0.4,7
163.38,0,2.5,-11.46,0.8,0.7,23
109.26,0,0.298,-277.93,1.0,0.0,14
309.77,0,1.125,-59.97,0.0,0.4,15
55.87,1,0.854,-10.38,0.2,0.0,9
117.17,0,1.022,-316.4,0.2,1.0,6
362.95,1,2.556,266.49,0.5,0.4,19
108.79,0,1.02,16.7,0.5,0.0,12
138.67,0,0.654,-218.31,0.0,0.7,11
470.71,1,2.6,222.72,0.8,0.7,9
325.0,0,5.429,174.09,0.0,0.0,6
90.35,0,0.282,-266.84,0.0,1.0,10
68.39,1,0.641,-406.81,1.0,0.4,17
161.57,0,0.118,-322.84,1.0,0.7,12
226.35,1,1.6,108.47,0.0,0.4,19
56.3,0,0.844,-18.84,0.8,0.7,13
479.32,0,0.867,34.66,0.0,1.0,7
468.44,0,1.731,380.59,1.0,1.0,15
186.44,0,6.0,7.32,0.5,0.7,21
484.39,0,0.103,258.21,0.2,0.7,13
372.78,0,3.846,67.38,0.5,0.0,2
219.62,0,1.077,-34.51,0.2,0.4,12
446.93,0,0.321,344.07,0.5,0.4,7
349.46,1,0.519,-114.38,0.5,0.7,8
95.64,0,4.4,-185.97,1.0,0.0,0
477.11,0,1.5,159.76,1.0,0.0,6
116.38,0,1.481,-41.67,0.5,0.0,16
357.21,1,1.054,188.56,0.2,0.7,19
484.56,0,0.191,-10.64,0.8,0.4,7
214.1,0,10.75,57.97,0.2,0.7,4
158.4,0,0.067,72.99,0.5,1.0,16
491.06,1,0.083,320.88,0.8,1.0,19
170.85,0,0.841,-28.02,0.8,1.0,4
408.87,1,0.979,238.16,0.5,0.4,18
216.82,1,0.571,-45.66,0.5,1.0,9
399.61,0,1.205,177.57,0.0,1.0,14
85.59,0,2.0,-118.88,0.5,0.0,20
307.71,1,45.0,-158.67,1.0,0.7,8
133.41,1,0.273,-96.19,0.2,0.7,19
228.68,1,1.48,-201.23,0.2,0.0,19
441.55,0,0.033,267.27,0.2,0.7,7
169.56,1,4.75,-53.6,0.5,0.0,19
295.01,0,0.405,157.07,0.2,1.0,0
192.53,0,0.4,3.5,0.0,1.0,0
346.0,0,1.8,89.95,0.0,0.0,20
358.82,1,0.833,253.93,1.0,0.7,9
85.73,0,1.25,-292.72,0.8,0.0,21
120.39,0,0.857,-92.85,0.5,0.4,4
166.89,1,1.1,-262.97,0.8,0.0,8
339.27,0,2.462,215.65,0.0,1.0,12
150.15,0,4.8,-99.97,0.8,0.4,1
356.89,0,1.077,123.86,0.2,1.0,6
459.96,1,0.444,119.39,0.0,0.7,17
78.3,0,0.829,-389.11,0.5,0.7,12
492.84,0,0.791,426.48,0.2,1.0,11
107.61,0,0.255,-81.52,0.5,1.0,7
241.44,1,1.625,-80.46,0.2,0.0,19
288.09,0,1.885,-44.31,0.0,1.0,15
104.73,0,0.231,-115.41,0.5,0.7,1
399.0,0,0.294,269.8,0.0,0.4,4
435.18,0,1.146,32.34,0.5,0.4,3
208.51,0,0.6,-243.45,0.2,0.4,2
337.97,0,1.1,-58.92,0.8,0.4,22
452.13,0,3.077,130.6,0.2,0.0,10
361.04,0,0.774,-61.7,0.2,0.7,1
240.45,0,0.6,151.25,0.5,0.0,20
458.33,0,4.333,160.28,0.8,0.0,1
323.21,1,0.48,-81.35,0.0,0.4,9
94.4,0,8.333,-176.73,0.2,1.0,12
430.39,1,0.548,9.76,1.0,0.4,18
334.45,0,1.222,202.15,0.0,1.0,23
465.37,0,1.464,72.45,1.0,0.7,23
195.94,0,2.385,-193.25,0.2,0.4,12
492.11,1,0.311,378.37,0.2,0.0,19
323.34,0,0.143,159.15,0.2,0.7,14
304.73,1,0.896,-68.08,0.2,0.4,18
75.72,1,0.885,-56.65,1.0,0.7,9
72.19,0,0.571,-153.14,0.8,0.4,12
289.21,0,5.25,117.01,0.8,0.7,2
268.51,0,16.0,76.65,1.0,0.7,11
195.78,0,1.167,139.68,0.0,0.4,12
347.49,1,0.462,68.57,0.5,1.0,17
263.09,0,0.787,48.67,0.0,0.7,2
70.26,1,0.581,-123.03,1.0,0.0,17
80.28,0,0.953,-8.64,0.5,0.0,13
463.24,0,0.74,259.24,0.8,0.7,1
91.1,1,0.86,-283.3,1.0,0.4,19
296.2,0,0.724,85.21,0.2,0.0,4
58.17,0,0.111,-67.76,0.2,0.0,3
273.26,0,0.952,162.08,0.0,0.4,14
307.21,0,0.385,-81.14,0.8,1.0,11
341.27,0,0.946,108.58,1.0,1.0,23
241.86,1,0.455,-210.08,0.2,0.0,19
109.33,1,4.167,-234.09,0.0,1.0,17
483.73,0,1.216,193.09,0.8,1.0,12
471.19,0,0.39,-2.13,1.0,0.7,2
91.26,0,0.205,-305.22,0.5,0.7,10
352.45,1,0.061,-51.09,0.5,0.4,9
70.56,0,0.8,-33.91,0.0,0.7,11
268.83,1,2.174,48.67,0.5,1.0,17
369.93,0,31.0,319.39,0.8,1.0,14
295.14,0,1.0,-97.99,0.8,1.0,11
316.89,0,1.276,-148.62,0.0,1.0,6
241.98,0,1.087,-253.79,0.5,0.7,14
159.92,0,0.074,-31.71,0.2,1.0,11
382.6,0,0.079,-106.17,1.0,1.0,11
248.62,0,0.4,149.16,1.0,0.7,2
221.07,0,0.822,26.58,0.0,0.7,13
53.58,0,0.638,-162.02,0.0,0.4,10
236.09,0,0.367,93.22,0.5,0.4,11
180.49,0,0.525,-105.54,1.0,0.7,22
465.17,0,1.13,228.89,0.8,0.4,10
167.78,0,0.449,-287.73,0.5,0.4,14
403.5,0,2.706,-2.77,0.5,0.0,14
315.09,0,0.949,-73.75,0.2,0.7,11
178.29,0,1.31,-130.42,0.5,1.0,14
391.58,0,0.059,-34.97,1.0,0.4,7
316.99,1,3.75,41.76,0.2,1.0,17
351.05,0,0.378,61.12,1.0,0.7,12
96.63,0,1.455,43.04,1.0,1.0,20
128.0,0,0.089,-309.19,0.0,1.0,20
206.49,0,0.588,27.31,0.8,0.7,22
109.36,0,0.816,-290.63,0.0,0.4,16
175.16,1,0.15,-69.62,0.5,1.0,18
324.92,0,0.213,19.96,0.0,0.4,11
111.36,1,3.286,9.7,0.8,0.7,18
368.14,0,0.676,141.92,0.5,0.7,10
483.73,1,1.419,183.81,0.8,0.0,9
474.97,1,2.857,307.48,0.5,0.7,9
197.27,0,0.378,-27.28,0.0,0.0,7
216.94,0,0.972,-231.32,0.5,0.4,6
469.75,0,2.455,86.36,0.0,0.4,20
181.74,0,0.667,12.43,0.2,0.0,21
348.48,0,1.333,-22.91,0.8,1.0,10
298.48,1,0.667,-157.24,0.5,0.4,19
388.97,1,0.72,-92.7,0.2,0.0,17
247.17,0,1.344,68.45,0.8,0.7,11
143.53,1,0.15,-49.81,0.2,0.4,18
123.52,0,6.0,-293.26,1.0,0.7,4
131.53,0,1.182,-256.69,0.2,0.4,7
497.31,0,0.265,166.69,0.2,0.0,4
198.59,0,0.222,-109.54,0.0,0.4,23
59.88,0,0.067,-78.89,0.8,1.0,11
361.52,1,0.106,9.87,0.8,1.0,8
435.16,0,0.034,321.26,0.8,0.7,6
454.39,0,1.312,378.89,0.5,0.7,10
473.7,0,0.667,345.83,0.2,0.7,5
63.07,0,0.688,-108.81,0.2,0.0,0
256.3,0,1.842,-219.65,1.0,0.0,7
123.37,0,0.652,-0.16,0.2,0.7,20
247.71,0,6.0,-197.69,0.8,0.7,11
378.34,1,1.167,-102.96,0.8,1.0,8
97.64,0,0.63,-306.36,1.0,0.4,14
211.89,0,0.16,-81.84,1.0,1.0,13
333.02,0,1.419,130.25,0.0,0.4,10
68.05,1,0.538,-412.05,0.5,1.0,17
176.79,0,1.4,12.16,1.0,0.4,1
332.24,0,2.0,79.12,0.0,0.4,12
88.68,0,1.5,17.46,1.0,1.0,20
363.6,0,0.188,-128.53,1.0,1.0,23
351.32,0,10.0,-99.56,0.0,1.0,2
362.11,0,1.684,-46.96,0.2,0.4,12
487.23,0,0.184,159.47,0.5,0.4,3
448.59,0,0.438,54.65,0.8,0.0,21
457.39,0,1.2,-18.02,0.5,0.4,13
131.8,0,1.2,72.14,0.5,0.4,11
129.27,0,0.32,-226.34,0.5,1.0,2
381.17,0,0.271,19.61,0.2,0.4,5
249.27,0,0.95,-207.91,0.0,0.7,21
278.86,0,1.062,-32.19,0.5,0.0,22
412.0,1,15.0,357.35,0.5,1.0,9
82.12,0,1.913,-312.62,0.5,0.4,12
165.82,1,0.906,-200.08,0.2,1.0,17
144.14,0,0.953,-332.29,1.0,0.7,21
133.24,0,0.833,-331.34,0.8,0.7,1
305.26,1,0.478,247.37,0.0,1.0,19
113.79,0,5.833,-208.27,0.0,0.7,11
117.91,0,4.273,-60.72,0.0,0.7,5
118.24,0,4.667,-74.75,1.0,1.0,10
258.47,0,1.75,-115.62,0.2,1.0,21
183.5,0,0.851,-210.28,0.2,0.0,7
200.85,1,5.0,34.21,1.0,0.0,18
202.84,0,1.194,65.3,0.0,0.4,0
433.1,0,0.714,363.48,1.0,0.4,11
418.51,0,2.2,330.84,0.2,0.0,20
387.13,0,0.208,107.02,0.0,0.7,14
294.55,1,0.357,3.45,0.8,0.7,19
312.28,0,0.143,23.4,0.5,0.0,3
387.53,0,1.0,-39.2,0.0,0.0,6
467.63,0,0.324,5.63,0.8,1.0,12
160.05,0,1.097,-31.11,0.5,1.0,13
475.58,1,1.368,245.9,0.5,0.0,8
108.19,0,0.596,-75.1,0.2,0.0,0
468.57,0,0.217,54.67,0.2,0.0,0
187.54,0,6.0,108.76,0.5,0.4,22
147.63,0,0.486,-340.03,0.5,1.0,1
437.84,0,0.74,-1.79,0.0,1.0,14
421.42,0,2.9,188.61,1.0,0.7,5
93.44,0,1.324,-28.96,0.2,0.0,16
75.66,0,18.0,-368.17,0.8,1.0,16
385.31,0,1.067,17.51,0.0,0.0,22
122.58,0,0.271,-78.92,1.0,1.0,10
194.79,1,7.0,123.9,0.2,0.7,8
297.42,0,2.125,246.56,0.5,0.4,13
346.99,0,3.636,42.94,1.0,0.0,4
290.29,1,1.115,45.8,0.8,1.0,9
429.73,0,1.25,-67.09,0.2,1.0,7
416.55,1,1.0,183.17,0.0,0.7,19
483.56,1,0.195,22.69,0.8,0.4,9
161.52,1,4.286,-136.95,0.0,0.0,19
348.72,1,1.3,-57.28,0.2,0.4,8
94.62,1,3.9,-198.63,1.0,0.4,19
381.73,0,0.4,3.98,0.0,1.0,23
381.33,1,0.939,16.19,0.8,1.0,17
342.79,0,3.571,102.67,0.5,0.4,0
285.19,1,1.171,-150.15,0.5,0.4,18
260.19,0,4.444,10.12,0.8,0.0,16
99.8,1,0.733,-386.67,0.8,0.4,8
207.47,1,2.25,-66.4,0.0,0.4,17
215.89,0,1.04,-263.11,0.8,1.0,1
308.64,0,1.739,216.25,0.5,1.0,0
278.25,0,0.5,-26.23,0.2,0.7,21
172.77,1,0.385,-73.05,0.0,1.0,9
310.7,0,2.222,-12.82,0.8,0.7,11
394.17,0,3.1,158.77,1.0,0.7,20
308.34,0,1.69,79.98,0.0,0.0,5
188.15,0,1.3,-167.72,0.5,0.7,4
177.9,0,1.081,3.79,1.0,0.4,5
100.65,1,1.65,-157.27,0.5,1.0,8
142.82,0,1.864,-237.06,1.0,0.0,22
312.93,0,0.38,250.35,0.5,0.7,16
348.3,0,3.545,66.65,0.8,0.0,20
426.06,0,1.375,-67.9,0.2,1.0,21
228.52,0,10.0,48.07,1.0,0.0,22
171.75,0,2.917,-253.35,0.5,0.0,10
444.77,0,0.028,136.86,0.2,0.0,13
350.04,1,1.55,56.65,0.2,1.0,18
299.0,0,6.857,61.8,0.2,0.0,0
461.84,1,1.208,390.58,0.2,0.0,17
225.67,0,0.489,-129.8,0.0,0.7,21
460.02,1,7.0,-17.62,0.8,0.7,18
395.26,0,2.118,259.05,0.8,0.7,6
73.3,0,0.784,-319.23,0.0,0.0,6
236.5,0,2.818,-102.73,0.0,0.0,7
141.82,0,0.837,-75.74,0.0,0.0,13
186.36,1,0.947,-299.66,0.2,0.0,19
349.37,0,1.722,-130.24,1.0,1.0,12
473.0,0,0.55,252.98,0.2,0.0,3
318.81,0,0.575,-123.7,0.2,0.7,20
132.91,1,4.167,-301.89,0.0,0.0,9
469.34,0,1.143,127.96,0.5,1.0,22
188.29,0,0.531,-267.05,0.5,0.7,6
318.78,1,0.875,-1.57,0.5,0.4,19
151.35,0,0.429,98.6,0.0,0.4,10
206.46,0,0.468,110.73,1.0,0.0,7
227.47,0,3.0,-118.82,0.0,0.0,7
156.57,0,1.613,-243.89,0.2,1.0,13
397.58,1,0.393,106.35,1.0,0.4,9
194.44,0,0.639,-159.36,1.0,0.7,0
350.87,1,0.316,224.23,0.5,0.4,17
232.74,0,3.0,-257.13,0.5,1.0,1
251.88,0,6.667,177.25,0.0,0.0,12
91.74,0,0.513,-159.97,0.5,0.7,16
214.75,0,0.306,68.08,0.2,0.7,16
384.51,1,0.723,5.0,0.0,1.0,18
185.13,0,0.605,-227.47,1.0,1.0,10
431.33,0,0.895,109.96,0.0,0.7,12
290.44,0,0.97,140.43,0.0,0.4,6
359.77,1,1.2,201.93,1.0,0.4,17
263.5,0,0.091,-27.23,0.2,0.0,12
294.49,0,0.387,156.16,0.5,1.0,20
78.17,1,0.477,-53.52,0.8,0.7,9
145.72,0,0.488,-51.63,0.2,1.0,0
280.35,0,0.571,-158.21,0.5,1.0,4
181.64,0,2.385,-259.57,0.8,0.0,16
384.04,0,1.069,-86.04,1.0,1.0,0
151.02,1,0.25,-265.11,0.2,0.7,8
167.9,0,1.464,-289.82,0.0,0.0,20
71.7,0,0.375,-246.31,0.5,1.0,20
289.08,0,18.5,133.8,0.5,0.4,22
293.14,0,7.667,58.82,1.0,0.7,10
182.66,0,0.262,8.04,1.0,0.7,5
326.78,0,1.14,70.76,0.5,1.0,1
420.75,0,1.5,-29.67,0.5,0.7,22
475.45,0,3.778,91.6,1.0,0.0,7
248.5,0,2.0,-64.21,1.0,0.0,1
293.2,0,0.588,-44.48,0.8,0.0,12
387.78,0,0.045,99.68,0.5,0.7,14
241.45,0,1.286,-150.8,0.2,1.0,23
132.0,0,1.167,-15.94,0.0,0.4,12
388.39,0,1.5,-43.62,0.0,0.0,23
493.73,0,0.4,222.47,1.0,0.0,13
55.11,0,0.595,-364.37,1.0,0.4,0
309.69,0,0.967,93.01,0.2,1.0,2
149.46,0,2.714,-255.73,0.0,0.7,20
387.89,1,0.943,-1.65,0.8,0.0,17
106.94,0,1.615,-120.61,0.0,0.0,4
85.92,1,0.421,-75.96,1.0,0.4,9
110.48,0,1.55,-329.28,0.5,0.0,10
69.02,0,1.679,-7.56,1.0,0.7,21
372.73,0,0.212,303.51,0.5,0.0,6
371.59,0,1.429,228.63,0.0,0.7,3
142.54,0,1.062,-248.35,0.2,1.0,10
206.91,0,0.311,-167.37,0.8,0.4,13
409.32,0,1.438,332.16,0.0,0.7,0
428.7,0,0.429,185.11,0.5,0.7,14
88.68,1,2.688,-111.76,0.8,1.0,19
305.64,0,1.188,94.96,0.0,0.0,0
226.8,1,1.188,-128.68,0.0,0.4,8
268.77,0,0.516,13.15,0.2,1.0,10
52.11,0,0.926,-409.24,0.5,0.4,3
413.26,0,0.24,247.87,0.8,0.0,10
499.63,0,0.175,241.81,0.5,0.4,3
463.57,0,0.854,229.25,0.5,0.0,14
135.01,0,2.667,-167.09,0.0,0.4,23
168.83,1,14.0,-100.14,0.2,1.0,8
168.48,0,4.714,1.86,0.5,1.0,0
310.56,0,0.694,-5.83,0.2,0.0,5
408.78,0,0.73,170.5,0.8,0.7,7
437.12,0,1.14,105.11,0.0,0.4,20
393.59,0,0.943,218.39,1.0,1.0,1
482.41,0,0.429,382.06,0.2,0.7,15
111.1,1,1.6,-159.83,0.8,0.7,17
485.53,0,0.048,72.81,1.0,0.0,23
427.61,1,1.96,8.27,0.0,0.4,19
276.74,0,0.368,-8.48,0.0,1.0,21
249.43,0,1.161,-136.91,1.0,0.4,22
232.12,1,1.071,-160.32,0.8,0.0,17
372.86,1,0.467,50.59,1.0,0.0,19
421.66,0,0.394,-21.35,0.0,0.4,23
109.96,1,0.346,-59.07,0.2,0.0,18
431.32,0,0.119,-6.74,0.2,0.0,23
343.57,0,0.064,90.98,0.2,0.0,3
79.83,0,2.722,4.36,0.8,0.7,12
121.8,0,2.643,-95.25,0.2,0.0,4
371.56,0,1.29,182.26,0.2,0.4,6
478.45,0,0.514,415.78,1.0,1.0,20
492.33,0,1.92,52.83,1.0,1.0,23
217.94,1,1.0,-278.4,0.5,0.4,17
169.26,0,19.0,-281.27,0.2,0.4,10
290.11,1,1.0,-39.73,0.0,0.4,19
244.23,1,0.735,-115.16,0.2,0.0,9
295.77,1,0.1,43.88,0.2,0.0,19
64.31,0,16.667,-136.54,0.2,1.0,21
81.54,0,5.222,-130.64,0.8,0.0,16
264.11,0,0.733,73.27,0.0,0.0,13
200.09,0,1.778,-208.98,0.0,0.0,14
257.67,0,0.35,122.39,0.0,1.0,23
99.12,0,1.833,-194.12,0.8,0.0,22
448.07,0,1.065,103.28,0.8,0.4,16
411.92,0,4.0,247.67,0.5,1.0,10
306.27,0,4.0,10.05,0.0,1.0,0
187.88,0,1.765,-45.3,0.2,0.4,11
435.57,1,1.053,-33.23,0.2,0.4,18
341.58,0,1.667,284.65,0.5,0.4,1
389.9,1,2.111,276.04,0.0,0.7,19
409.03,0,1.655,145.52,0.2,1.0,10
353.48,0,0.143,114.18,0.5,0.7,0
261.65,0,1.667,176.14,0.8,0.7,1
486.73,0,18.0,132.02,0.5,0.7,14
293.02,0,0.605,192.64,0.0,0.4,23
350.34,0,0.189,156.49,1.0,0.0,1
446.38,1,0.8,-50.64,0.5,1.0,8
242.58,0,0.861,-202.88,1.0,1.0,1
220.72,0,0.467,144.27,0.0,0.7,4
60.64,0,1.765,-326.5,0.8,0.0,5
64.64,1,0.216,-116.57,1.0,0.4,19
69.63,1,1.4,-162.02,1.0,0.4,19
331.4,0,0.83,-93.72,0.5,0.4,5
279.44,0,1.944,107.75,0.0,0.4,22
484.46,0,0.405,249.86,0.5,1.0,12
435.06,0,0.217,309.38,0.2,0.4,22
358.84,0,1.469,-25.3,0.0,0.7,16
392.61,0,0.071,341.72,0.0,0.0,16
161.9,1,1.36,-19.36,0.8,1.0,19
325.48,0,4.75,273.97,1.0,0.0,13
232.79,0,2.125,181.6,1.0,0.0,14
383.62,0,0.755,265.1,0.2,0.4,4
470.22,0,2.462,86.25,1.0,1.0,5
70.13,0,1.15,16.12,0.5,0.7,3
241.37,0,0.167,-258.62,0.8,0.4,21
464.61,0,2.0,47.44,1.0,0.7,7
245.55,0,0.938,-205.09,0.2,1.0,2
447.07,1,0.206,253.82,1.0,0.7,9
275.56,0,0.773,-116.09,0.5,0.4,22
166.9,0,0.317,-264.64,0.0,0.0,13
393.19,0,0.667,218.21,0.8,0.0,23
474.55,0,0.84,151.31,0.5,0.7,15
438.45,0,2.556,194.08,0.2,0.0,21
112.08,0,0.111,-334.48,0.0,0.4,7
459.61,0,1.429,99.69,0.2,0.4,4
251.03,0,0.455,-214.07,0.5,0.0,0
65.16,1,2.6,-140.83,0.0,1.0,17
457.18,0,2.143,196.77,0.5,0.4,3
477.97,0,1.818,327.95,0.8,0.0,20
121.76,1,3.167,29.14,1.0,0.4,9
98.23,1,2.045,-4.06,0.8,0.0,9
488.55,0,0.293,282.87,0.0,0.7,0
447.52,0,3.25,370.15,1.0,0.4,15
241.91,0,0.235,181.32,0.0,0.4,11
114.5,1,0.471,25.5,0.0,0.4,8
380.75,0,0.243,-85.6,0.8,0.0,15
63.21,0,0.667,-393.79,1.0,0.7,13
243.22,0,0.667,-144.92,0.2,0.7,4
70.7,0,0.532,-373.19,0.2,0.4,13
433.46,0,1.8,248.53,0.0,0.0,23
156.47,0,0.273,-58.21,0.2,0.7,20
155.7,0,0.588,-145.55,0.8,0.0,21
126.08,0,0.771,-347.01,0.0,0.4,20
227.41,0,3.583,-266.68,1.0,1.0,12
470.73,1,1.84,1.38,0.8,0.4,18
480.38,0,3.6,150.75,0.8,1.0,22
435.32,0,0.879,264.02,1.0,0.7,12
348.08,0,5.0,37.9,0.2,0.7,5
488.74,0,0.111,389.76,1.0,0.7,0
497.04,0,1.194,8.94,0.2,0.4,2
188.42,1,1.286,0.16,0.8,1.0,17
117.87,0,1.25,-83.46,0.8,0.7,13
210.33,0,0.98,-0.28,1.0,0.4,0
360.93,1,0.605,-49.53,0.0,0.0,9
325.61,0,0.935,-72.74,1.0,0.0,6
162.08,0,0.333,-273.65,0.8,0.4,16
354.73,0,0.682,-50.3,1.0,0.4,16
282.57,1,0.147,-31.44,0.8,0.0,17
439.78,0,1.529,381.55,0.0,0.0,14
122.45,0,2.0,-322.72,0.5,0.4,20
87.02,1,2.667,-289.77,0.2,0.0,19
72.93,0,1.769,-252.16,1.0,1.0,5
114.02,1,0.5,-257.07,1.0,1.0,18
123.42,0,0.308,-376.36,0.2,0.0,11
422.63,0,0.806,92.33,0.0,0.0,10
472.26,0,6.0,327.82,0.8,0.0,16
360.44,0,0.143,-25.95,1.0,1.0,5
236.72,0,1.167,-164.58,0.0,1.0,10
357.68,0,2.13,30.1,0.0,0.7,15
178.2,1,0.905,-311.98,0.8,0.7,9
104.22,0,0.024,-38.49,0.8,0.7,6
124.54,1,0.647,20.82,0.8,0.4,19
440.25,0,0.773,190.61,0.0,1.0,1
319.43,1,1.667,244.12,0.2,1.0,9
242.04,0,3.857,-56.6,1.0,0.0,13
108.4,1,3.1,-32.86,1.0,1.0,17
398.7,0,0.969,107.74,0.8,0.7,23
445.24,0,0.103,143.39,0.0,0.0,0
56.72,0,0.528,-318.54,1.0,0.7,13
64.17,0,0.909,-62.2,0.5,0.7,22
145.98,0,5.556,-81.89,0.2,0.4,12
67.12,1,0.684,-429.87,1.0,1.0,9
166.81,0,0.767,-183.06,0.0,1.0,7
210.43,0,1.0,-36.19,0.0,0.4,23
386.86,0,0.533,-58.0,0.2,0.0,7
101.95,0,0.083,-131.01,0.5,0.4,5
266.15,1,5.0,211.81,0.2,0.7,9
395.08,0,1.235,-56.67,0.2,0.7,7
362.68,1,0.938,33.68,0.2,0.4,8
276.53,0,1.842,127.35,0.0,0.7,20
320.31,1,1.714,-93.96,0.0,0.7,18
95.42,0,0.3,-364.8,0.8,1.0,2
413.39,1,0.49,115.87,0.8,0.7,19
153.99,0,2.875,-286.49,1.0,0.7,10
90.82,0,0.556,39.41,0.0,0.0,7
239.28,0,0.562,-156.64,0.2,1.0,13
434.99,1,1.357,329.96,0.8,0.4,8
385.01,0,1.048,-76.47,0.0,0.4,21
457.62,1,10.0,-0.8,0.5,0.0,9
217.45,0,0.395,-85.8,1.0,0.0,12
119.64,0,1.412,-314.7,0.0,1.0,23
222.51,0,0.319,103.43,0.5,1.0,13
397.27,1,2.0,156.99,0.8,1.0,17
79.1,0,0.13,-16.69,0.8,0.4,0
105.13,0,1.1,-117.79,0.5,1.0,5
153.45,0,0.857,-195.61,0.0,0.4,16
188.1,1,1.524,35.38,0.0,0.4,8
428.24,0,3.8,151.78,0.5,1.0,11
72.41,0,0.48,-230.77,0.5,0.7,4
287.63,0,0.591,-203.94,0.8,0.4,1
498.66,0,1.7,246.75,0.8,0.7,5
343.72,0,0.034,123.96,0.2,0.4,1
142.94,0,0.109,-59.28,1.0,1.0,6
112.26,0,0.6,-209.42,0.2,1.0,21
323.32,0,1.065,90.42,0.0,0.7,12
316.09,0,1.308,160.9,0.0,0.7,21
166.87,0,3.125,-39.21,0.0,0.4,10
238.15,0,0.351,150.44,0.5,1.0,13
53.98,0,0.34,-82.35,0.5,1.0,14
263.16,0,0.083,-54.76,0.8,1.0,21
164.61,0,0.957,-81.74,0.0,0.0,15
116.22,1,2.0,-15.2,0.2,1.0,8
377.89,0,0.3,246.77,0.2,0.4,0
96.48,0,0.323,-296.23,0.8,0.7,7
323.04,0,1.143,-162.88,0.0,1.0,15
182.54,0,0.08,-145.01,1.0,0.7,5
426.72,0,1.056,194.85,1.0,0.4,15
473.0,1,2.0,47.0,1.0,0.0,17
134.23,0,3.167,-320.09,0.8,0.0,21
355.37,0,1.5,184.48,0.0,0.0,3
440.76,0,17.5,188.0,0.0,0.4,6
250.54,0,2.0,-149.8,0.5,0.0,14
139.23,0,0.5,6.09,0.8,0.4,11
309.91,1,0.72,-123.86,0.8,0.4,8
244.95,0,0.621,86.2,1.0,0.0,10
64.63,0,0.405,-164.33,0.5,0.7,1
327.1,0,0.478,1.36,1.0,0.7,16
148.54,1,1.154,-173.58,0.2,1.0,19
271.97,0,0.224,-21.44,0.0,0.4,11
149.99,0,0.32,-193.51,0.5,1.0,4
373.34,0,0.321,119.69,0.5,0.4,7
340.03,0,0.306,129.88,0.2,1.0,12
331.97,0,0.833,113.83,0.8,0.0,13
185.61,0,1.25,134.35,0.8,0.7,0
126.34,0,13.5,-169.2,0.0,0.4,10
133.78,0,0.273,48.79,0.5,0.7,22
175.77,1,13.333,-118.23,0.0,0.4,19
480.7,0,0.478,319.43,0.2,0.0,7
80.26,0,0.696,-39.02,0.5,0.7,6
328.19,0,0.5,-50.03,0.5,0.7,16
453.86,0,1.045,302.14,0.8,0.7,7
137.14,1,0.35,-261.95,0.2,0.4,18
463.61,0,0.615,147.17,0.2,0.0,16
303.95,0,0.087,-79.24,0.2,0.0,2
171.6,0,0.367,48.84,1.0,0.0,3
388.11,0,2.273,161.34,1.0,0.4,11
159.23,1,0.8,-114.16,0.2,0.0,19
314.6,0,1.5,139.57,0.0,0.0,15
398.69,1,0.308,228.0,0.0,0.4,19
493.69,0,0.55,399.68,0.2,0.4,14
366.35,1,5.8,271.41,0.5,0.4,19
474.87,0,2.889,40.13,0.5,1.0,14
433.87,1,0.233,100.57,0.8,0.7,17
365.55,1,0.7,-85.11,0.8,0.0,18
61.9,0,3.333,-245.09,0.2,0.7,21
77.49,1,0.5,-47.31,0.0,0.0,9
437.03,0,3.0,227.45,0.5,0.0,22
397.35,0,0.298,302.18,0.0,0.7,23
282.84,0,10.75,34.11,1.0,1.0,13
259.76,0,0.529,-228.46,0.5,0.7,15
275.77,0,1.667,119.45,0.5,0.7,20
315.82,0,4.375,-65.36,0.0,0.7,4
68.65,0,0.969,-203.07,0.8,0.4,13
126.57,1,0.327,-188.74,1.0,1.0,8
442.67,0,0.304,-31.57,0.2,0.7,1
349.48,0,1.314,-132.54,0.5,0.0,6
276.56,1,0.537,-126.41,1.0,0.4,8
487.7,0,3.182,293.41,0.8,1.0,7
58.1,0,2.167,-220.46,0.8,1.0,4
400.51,0,1.132,187.42,0.2,0.7,12
403.58,0,4.0,177.27,1.0,0.4,21
53.88,0,0.522,-43.95,0.2,0.7,5
232.58,0,1.049,-158.04,0.5,1.0,22
134.92,1,1.333,-257.3,0.2,0.0,8
160.56,0,1.0,-12.53,0.5,0.4,12
322.47,0,1.0,-22.34,0.8,0.4,11
110.47,1,9.667,-118.86,0.5,0.7,19
243.64,0,1.583,110.34,0.8,0.7,16
372.73,0,1.5,46.19,0.0,0.0,6
216.83,1,0.938,76.47,1.0,0.4,8
426.36,1,0.55,334.22,1.0,0.4,19
71.05,0,0.022,-413.24,1.0,0.4,14
66.77,0,0.744,-163.22,0.8,0.0,5
423.93,0,1.778,349.23,0.8,0.4,0
368.92,0,1.357,-2.03,0.5,0.0,6
152.72,1,1.762,24.66,0.5,1.0,9
346.57,0,1.036,-89.26,0.0,0.4,13
55.59,1,3.375,-416.0,1.0,0.7,19
484.25,0,7.667,299.4,0.2,0.0,4
454.97,1,1.278,275.5,0.2,1.0,8
346.32,1,0.968,121.56,0.5,1.0,8
239.9,0,16.333,-121.75,0.5,0.7,5
418.46,1,13.333,-27.54,0.0,1.0,18
280.22,0,3.143,31.6,0.0,1.0,4
134.95,0,1.081,-49.95,0.2,0.0,5
148.64,0,0.528,-39.8,0.5,0.0,10
170.9,0,0.733,-71.88,0.5,0.4,0
164.99,0,0.676,-141.63,0.0,0.4,22
291.23,0,0.38,-94.18,0.8,0.4,13
68.66,0,0.973,-291.04,0.2,0.4,15
367.74,1,0.596,289.29,0.0,0.0,9
275.39,0,1.467,73.64,0.5,1.0,1
91.12,0,1.5,-285.63,0.2,0.7,21
425.85,0,19.5,361.22,0.2,1.0,0
352.38,0,0.294,279.92,0.8,1.0,12
149.96,0,0.368,-127.37,1.0,0.7,11
73.05,0,0.467,-304.43,0.0,1.0,6
165.38,1,0.852,-70.96,0.8,0.4,18
155.23,0,0.51,-143.82,0.0,0.7,14
89.21,0,0.444,-128.54,1.0,0.0,3
263.92,0,0.345,-99.18,1.0,0.0,14
188.63,1,1.471,120.18,0.8,1.0,17
213.5,0,1.188,-175.3,0.8,0.0,21
367.65,1,0.2,117.76,0.8,0.4,8
267.37,1,0.077,19.36,0.2,0.0,18
406.16,0,0.689,-50.98,1.0,0.4,22
239.28,0,4.0,-210.25,0.8,0.7,4
396.99,0,20.0,143.54,1.0,1.0,15
391.97,1,0.424,37.66,0.0,1.0,18
307.69,0,3.5,165.73,0.2,1.0,5
429.73,0,0.042,20.26,0.5,0.0,13
306.95,0,2.05,194.4,0.0,1.0,6
435.4,0,0.405,195.24,0.0,1.0,10
63.38,0,1.621,-162.46,0.2,0.0,4
393.35,0,0.192,83.3,0.0,1.0,3
129.79,1,1.0,-296.85,1.0,0.0,8
468.72,0,1.057,197.98,1.0,0.4,11
484.6,1,2.143,88.34,0.2,1.0,8
461.49,0,0.625,408.76,0.8,0.7,0
232.35,0,1.545,50.98,0.0,0.4,6
291.0,0,1.184,-188.16,0.2,0.0,4
480.94,0,3.125,294.82,1.0,0.0,7
398.79,0,0.826,74.07,0.8,1.0,3
130.83,0,0.641,-196.79,1.0,1.0,7
166.31,0,0.042,-156.96,0.2,0.7,11
384.12,0,1.091,209.05,0.2,0.0,2
355.23,0,0.222,-27.94,0.8,0.0,21
437.01,0,0.939,384.5,0.8,0.7,5
101.25,0,0.341,-346.11,1.0,0.0,5
432.91,0,0.595,-14.21,1.0,0.4,1
197.86,0,5.5,57.99,0.8,0.0,4
471.61,1,7.75,-18.19,0.8,0.7,17
141.61,0,7.25,-139.32,1.0,0.0,11
254.42,0,8.2,23.47,1.0,0.4,22
128.23,0,0.75,-313.32,0.5,0.7,16
475.94,0,0.429,128.71,0.0,1.0,4
346.9,0,1.03,-137.77,1.0,0.4,4
334.11,0,1.4,244.14,0.8,0.0,2
100.55,0,0.864,-219.38,0.8,0.0,23
226.36,0,1.192,169.36,0.0,0.4,1
104.02,0,0.4,28.45,0.2,1.0,21
176.27,0,2.588,28.02,1.0,1.0,5
338.87,0,3.5,138.57,1.0,1.0,1
54.93,1,0.5,-330.94,0.2,0.7,19
146.73,1,1.792,-171.77,1.0,0.0,9
213.9,1,0.5,159.87,1.0,0.7,17
420.31,0,1.115,-46.77,0.0,0.4,1
392.47,0,0.595,342.12,0.5,0.4,10
430.01,0,2.333,-21.12,0.5,0.0,13
364.28,0,1.533,123.07,1.0,0.0,21
405.4,0,1.207,4.9,0.5,0.0,11
172.39,1,0.578,-272.34,1.0,0.4,18
306.48,0,0.5,-192.65,0.2,0.7,10
235.0,0,1.769,-264.58,0.2,0.4,15
231.45,1,0.12,-27.17,1.0,1.0,18
108.21,0,7.6,-203.45,1.0,1.0,22
386.82,1,1.333,-91.27,0.2,1.0,19
303.65,1,0.407,195.69,0.8,1.0,8
476.88,1,0.167,170.74,0.8,0.4,9
324.62,0,0.92,9.12,1.0,0.4,1
406.01,0,1.231,25.7,0.2,0.4,10
380.66,0,1.361,-58.66,0.8,1.0,23
324.91,0,1.103,107.43,0.8,0.0,4
164.66,0,0.5,36.96,1.0,0.7,6
197.32,0,2.286,-124.09,0.2,0.0,12
54.43,0,0.346,2.44,0.0,0.7,12
490.5,0,0.095,126.22,0.8,0.4,10
474.75,0,0.979,-5.71,0.5,0.4,12
471.1,0,0.404,389.28,0.5,0.0,1
415.19,0,0.412,142.12,0.2,1.0,13
325.8,0,0.079,80.15,0.5,1.0,13
403.66,0,0.229,-69.26,0.2,0.7,13
486.33,1,0.55,144.3,0.0,0.4,8
63.94,0,1.467,-405.68,0.8,1.0,4
474.47,0,0.175,173.06,1.0,1.0,5
295.34,0,0.74,-192.41,0.0,0.7,23
445.71,0,3.889,357.38,0.5,0.4,10
327.06,0,0.034,92.99,1.0,1.0,13
118.82,0,0.71,-275.2,0.5,0.0,10
270.84,0,0.8,166.61,0.2,0.7,1
137.38,1,0.116,-209.83,0.5,1.0,18
273.29,0,0.25,0.15,0.2,0.0,10
151.59,0,5.75,62.82,1.0,0.4,12
200.09,1,0.222,-129.82,1.0,0.0,19
267.93,0,0.382,123.44,0.0,0.4,10
414.66,1,3.917,-18.64,0.5,0.7,18
324.02,0,0.528,-76.86,0.8,1.0,6
481.45,0,0.604,244.26,0.2,0.4,21
361.32,0,5.0,99.62,0.5,0.0,16
403.89,0,7.8,70.45,1.0,0.7,10
157.5,0,0.689,-188.33,1.0,0.7,11
222.59,1,0.783,-264.63,0.0,0.0,18
50.66,1,0.697,-155.18,0.0,0.0,9
172.06,0,1.706,-238.29,0.8,0.7,22
102.64,1,0.907,-126.63,0.8,1.0,8
55.09,0,0.211,-105.53,0.0,0.7,13
292.81,1,2.5,-200.31,0.2,0.4,9
60.86,0,0.171,-83.19,0.8,1.0,0
379.12,0,1.042,221.77,0.5,1.0,7
487.45,1,0.439,102.77,0.8,0.0,19
120.85,0,1.238,-243.17,0.0,1.0,21
369.18,0,1.607,226.19,0.2,0.4,10
109.47,0,1.741,34.5,0.2,1.0,7
276.41,0,8.5,-1.84,0.0,1.0,5
373.93,0,0.091,51.63,0.8,0.0,7
490.57,1,3.667,118.53,1.0,0.0,8
333.14,0,1.044,-157.45,0.2,0.0,5
435.27,0,0.295,319.9,0.8,1.0,11
291.7,1,0.318,-7.4,1.0,0.0,9
158.44,0,0.423,-187.72,0.0,1.0,15
409.42,0,0.633,56.91,0.2,0.4,22
320.28,0,1.4,58.61,0.0,1.0,3
370.03,0,0.75,186.71,0.0,0.4,7
249.71,1,2.167,171.12,0.8,0.0,9
378.14,0,1.682,68.68,0.8,1.0,7
442.75,1,3.0,311.84,0.5,1.0,8
489.3,0,1.6,377.26,0.8,0.0,6
57.4,0,1.75,-160.89,1.0,1.0,1
282.62,0,0.56,210.83,0.0,1.0,1
228.11,0,0.115,-17.18,0.0,0.7,14
288.91,0,0.191,-49.57,0.8,0.7,20
314.5,0,1.143,259.57,0.2,0.0,16
76.42,1,0.727,-306.93,0.0,0.4,9
323.74,0,4.5,121.21,0.2,1.0,16
260.37,0,0.649,-58.49,0.2,0.0,7
486.13,0,3.5,417.38,1.0,1.0,16
206.97,1,0.3,-209.66,0.8,0.7,9
415.09,0,1.235,-76.58,1.0,0.4,14
386.22,0,1.105,-96.97,0.5,0.7,14
90.75,0,0.455,-210.1,1.0,0.0,5
225.18,1,0.923,-107.98,1.0,0.4,19
198.58,0,0.388,-292.58,0.2,0.4,5
117.23,0,1.833,-154.77,0.8,0.0,22
220.95,1,1.667,65.32,0.8,0.0,8
293.79,1,0.45,230.07,0.0,0.7,17
391.0,0,4.1,-64.81,0.8,0.0,16
409.9,0,0.565,331.6,1.0,0.7,3
479.7,0,0.208,123.3,0.0,1.0,15
335.66,0,0.936,245.09,0.8,0.0,20
206.09,0,7.0,-41.93,0.0,0.7,20
186.0,0,0.706,41.87,1.0,0.7,14
169.41,0,0.784,-199.93,0.5,0.7,3
415.24,0,0.159,52.76,0.8,0.0,12
105.4,0,1.567,-364.71,0.0,1.0,0
431.43,0,2.4,199.35,0.2,1.0,13
299.18,0,3.125,161.52,0.5,1.0,14
301.8,0,0.953,73.61,0.0,0.7,2
397.4,0,7.5,-89.36,0.8,1.0,1
169.41,0,0.171,-265.58,0.0,0.4,16
211.95,0,0.051,-58.04,0.2,0.4,12
321.67,0,0.978,56.09,0.2,0.4,3
166.58,0,1.368,32.86,1.0,0.4,6
123.74,1,0.327,-103.91,0.8,1.0,9
134.07,0,0.905,9.67,0.8,0.4,23
150.73,1,4.182,-139.98,0.5,0.4,8
358.7,0,0.562,298.94,0.0,0.7,21
240.48,0,0.2,105.48,0.2,0.7,21
482.69,0,0.643,210.1,0.0,0.4,5
267.47,0,0.023,-151.48,0.0,0.7,3
107.08,0,2.045,-117.97,0.8,0.7,21
324.21,0,0.822,242.96,1.0,0.4,6
372.48,0,2.0,145.47,0.5,0.4,4
132.94,1,4.4,-258.33,0.2,0.4,17
260.09,0,0.967,118.4,0.0,1.0,12
482.04,0,0.733,2.32,0.8,0.7,3
466.48,0,15.5,217.15,0.2,0.7,20
408.91,1,0.64,208.13,0.5,0.4,19
110.87,0,1.65,-68.58,0.0,1.0,3
74.14,0,0.426,-379.87,0.5,0.0,2
262.96,0,1.5,-128.41,1.0,0.4,15
111.97,0,1.111,-194.16,0.0,1.0,1
160.3,0,0.333,-71.88,1.0,0.7,20
475.64,0,1.529,97.62,0.5,1.0,6
268.57,0,0.538,-45.22,0.0,0.4,3
306.83,0,0.9,38.85,1.0,0.7,3
319.43,0,0.294,-48.3,0.8,0.0,23
449.93,0,1.2,33.69,0.0,0.7,5
143.39,0,1.047,-277.21,0.8,0.7,21
385.39,1,1.0,-103.52,0.5,1.0,8
120.63,0,1.286,-175.99,1.0,0.0,11
327.16,1,0.318,24.09,0.5,0.4,17
364.91,0,2.0,232.81,0.8,1.0,2
111.86,0,4.091,-25.04,1.0,0.7,7
422.02,1,1.667,-46.09,0.2,0.7,9
385.94,0,1.533,22.7,0.0,0.4,21
286.64,0,0.483,-9.08,0.8,0.0,13
487.64,0,1.229,307.08,0.8,0.0,14
494.35,0,9.0,354.38,0.5,0.7,2
386.42,0,0.667,77.69,1.0,0.7,23
355.75,0,0.041,73.86,0.8,0.7,22
136.76,0,2.0,-218.46,0.2,0.0,2
140.6,1,2.9,-271.19,0.0,0.0,8
87.65,0,0.37,-142.7,0.0,0.0,11
455.39,0,0.913,75.79,1.0,1.0,7
349.48,1,0.688,64.25,0.8,0.7,18
211.31,1,1.0,-60.78,0.0,0.4,9
173.57,0,1.107,120.49,0.8,1.0,20
413.76,0,1.259,-21.37,0.5,0.0,1
222.18,0,0.185,57.27,0.0,0.4,15
167.01,0,0.85,-229.42,1.0,1.0,15
410.75,0,0.1,-14.18,0.2,1.0,22
280.65,1,14.0,125.63,0.5,1.0,18
253.69,0,9.4,-227.56,0.8,0.4,10
414.45,0,2.0,243.95,0.2,1.0,1
408.79,0,4.0,209.04,0.0,0.4,20
442.69,1,0.78,56.67,0.2,0.7,19
312.75,0,38.0,67.78,0.0,1.0,7
444.94,0,0.865,334.22,0.5,0.7,16
99.28,0,2.0,-113.88,1.0,0.7,15
193.0,0,0.05,123.99,0.2,0.7,0
388.31,0,2.0,116.85,1.0,0.0,10
338.1,0,0.656,-140.9,1.0,0.7,23
313.02,1,0.091,-19.55,1.0,0.0,19
50.49,0,1.536,-322.26,0.5,0.7,4
410.64,1,14.0,-75.61,0.5,0.4,8
324.74,0,1.889,-117.21,0.8,0.4,4
152.31,1,3.333,-151.27,0.8,1.0,17
246.55,0,0.543,33.39,0.5,0.0,20
281.07,0,4.0,39.66,0.5,0.4,6
284.89,0,0.03,-90.87,1.0,0.7,5
363.35,0,1.308,-49.34,0.5,0.0,16
160.11,1,2.455,-234.79,0.2,1.0,18
212.27,0,1.143,-84.62,1.0,0.7,12
427.39,0,1.111,245.75,1.0,0.4,14
364.91,1,2.231,142.13,0.2,0.4,18
88.9,0,0.955,-2.62,1.0,0.0,22
117.31,0,1.061,-283.21,0.8,0.7,15
236.44,0,1.85,-60.5,0.0,1.0,16
257.08,0,1.778,142.09,0.8,0.0,14
475.63,0,1.212,413.49,0.2,0.4,20
422.39,1,0.705,346.91,0.8,0.7,18
332.46,0,1.314,80.85,1.0,0.7,4
195.33,0,0.763,28.56,0.8,1.0,10
141.14,0,1.0,-145.03,1.0,0.0,10
258.25,0,3.429,178.41,1.0,0.0,10
76.14,1,0.821,-235.32,0.5,1.0,8
144.54,0,0.722,-24.07,1.0,1.0,4
60.28,0,0.412,-59.72,0.0,1.0,7
157.01,0,0.6,-72.61,0.0,0.4,4
321.18,1,0.953,-13.24,0.5,0.0,19
119.61,0,5.0,-185.57,1.0,1.0,22
279.83,0,7.0,169.61,0.0,1.0,23
371.87,1,1.04,-60.54,1.0,0.0,19
313.76,0,0.133,165.01,0.2,0.4,7
452.06,1,0.923,301.3,1.0,1.0,9
455.95,0,0.513,-8.64,0.2,0.7,13
197.56,0,0.844,-82.4,0.8,0.4,5
360.73,0,0.957,304.76,0.8,1.0,2
394.67,0,6.857,-33.27,0.2,0.0,5
334.46,0,1.0,-22.15,0.5,1.0,1
107.14,0,0.13,15.01,0.8,0.4,13
419.98,0,0.391,251.45,0.5,0.7,6
97.1,0,2.5,12.74,0.0,0.7,14
463.89,0,0.095,367.81,0.2,0.4,14
139.3,0,5.25,-151.79,0.8,0.0,1
227.09,0,0.837,-243.39,1.0,0.0,21
337.49,0,0.079,-107.76,0.8,1.0,15
154.45,1,0.4,-333.64,0.5,0.7,19
168.53,1,1.737,-320.82,1.0,0.7,8
418.73,0,3.267,178.26,0.8,0.7,15
148.07,0,0.179,37.45,0.5,1.0,16
277.71,0,1.531,133.97,0.0,0.7,14
253.85,0,1.333,-208.8,1.0,0.4,7
97.01,0,1.933,-130.07,1.0,0.4,21
304.22,1,0.333,214.29,1.0,0.7,9
339.14,0,2.15,-159.03,0.2,0.4,16
219.16,0,3.333,-277.54,0.5,0.0,12
382.49,0,0.561,90.6,1.0,1.0,4
459.67,0,0.067,274.72,0.8,1.0,1
129.51,0,0.68,24.46,1.0,0.7,0
87.05,0,0.452,-245.15,0.5,0.0,22
51.32,0,0.172,-4.59,0.2,0.4,14
92.32,0,0.767,-211.72,0.0,0.7,14
184.93,0,0.306,11.87,0.8,1.0,23
315.86,0,0.087,-101.92,0.2,1.0,15
381.17,0,9.5,273.36,0.2,1.0,7
498.61,0,1.049,11.62,0.0,0.4,22
486.16,0,1.783,99.06,1.0,1.0,5
301.02,1,1.5,166.15,0.8,1.0,18
385.81,0,0.205,-109.67,0.8,1.0,12
498.82,1,0.111,112.85,0.2,0.7,18
407.05,0,0.333,-20.18,0.2,0.4,3
294.9,0,1.053,212.33,0.2,1.0,1
451.0,0,2.4,181.3,1.0,0.0,1
326.42,0,1.069,129.09,0.5,0.7,20
182.19,0,0.444,-145.36,0.2,0.4,16
186.82,0,0.167,-41.13,0.5,1.0,15
416.1,0,0.36,316.58,0.8,0.4,0
220.82,0,5.444,140.9,1.0,0.7,16
452.13,1,1.68,116.96,0.5,0.4,9
358.39,0,0.375,139.36,0.5,0.0,10
61.85,1,13.0,-405.43,1.0,0.7,8
410.71,1,0.25,206.24,0.2,0.7,8
443.75,0,2.588,214.05,0.2,0.4,1
307.7,0,2.333,122.39,0.2,0.4,14
174.2,0,0.708,-204.85,0.0,0.7,2
311.12,0,1.632,172.03,0.5,0.0,4
401.75,0,0.378,145.66,1.0,1.0,22
78.59,0,1.5,-365.09,0.0,0.7,7
178.44,0,1.81,-69.93,0.8,1.0,23
73.3,0,2.538,-214.45,0.5,0.0,3
363.52,0,0.149,97.33,0.2,0.0,4
87.94,1,0.368,-3.5,0.0,0.7,18
290.69,1,0.903,163.82,0.0,0.0,8
296.96,0,7.2,203.17,1.0,1.0,4
240.46,0,1.619,132.47,0.8,0.0,14
343.26,1,1.167,292.23,0.8,0.4,8
217.53,1,9.4,49.05,0.2,0.0,19
133.11,0,0.75,58.71,1.0,1.0,2
474.07,0,0.933,14.59,0.0,0.7,0
383.41,0,0.579,290.28,0.2,0.0,20
66.5,1,0.871,-125.27,0.5,0.7,9
113.75,0,1.027,20.8,0.8,1.0,20
283.69,0,0.292,175.76,0.2,0.7,4
154.45,0,0.143,-335.34,0.2,0.4,2
217.6,0,3.0,104.67,0.0,0.0,5
390.88,0,1.2,-41.77,0.0,0.4,7
144.08,0,1.75,-165.06,0.2,0.4,4
131.69,0,0.5,-88.78,0.0,0.4,4
318.97,0,0.34,117.98,0.8,0.7,6
186.93,0,0.643,-88.34,0.5,0.7,3
406.87,0,1.036,278.9,1.0,1.0,12
128.24,0,0.722,53.71,1.0,0.7,1
254.22,1,0.571,-97.29,0.2,0.7,8
336.64,0,1.028,124.4,1.0,1.0,11
425.68,1,0.885,334.23,0.2,1.0,19
303.22,0,1.091,223.37,0.8,1.0,5
442.55,0,1.5,162.65,1.0,1.0,16
169.97,0,2.857,-232.27,0.5,0.4,22
364.09,1,0.684,242.43,0.8,0.7,18
193.0,0,0.596,38.0,0.2,1.0,0
446.31,0,1.195,136.85,0.5,0.4,13
444.84,0,1.462,76.66,0.8,1.0,16
96.47,0,0.5,-167.2,0.2,1.0,21
477.91,0,1.667,92.68,1.0,0.4,2
473.08,0,1.286,294.1,1.0,0.7,1
160.86,1,1.714,-149.13,0.8,0.0,19
116.2,0,1.343,-188.28,1.0,0.4,12
450.24,0,0.796,154.37,0.0,1.0,20
353.21,0,1.533,78.17,0.0,1.0,16
362.59,1,3.231,272.82,0.2,0.0,8
108.86,0,0.452,32.34,0.2,0.0,21
326.1,0,0.514,-90.43,1.0,0.0,23
379.36,0,0.36,71.13,0.0,0.4,10
402.69,0,0.731,86.22,0.5,1.0,11
339.1,0,0.571,-88.15,1.0,0.4,5
205.01,1,2.368,-27.45,0.2,0.0,17
468.84,0,0.188,31.58,1.0,0.7,13
419.3,0,0.538,251.28,0.0,0.0,1
366.13,0,1.556,143.66,0.5,1.0,13
253.17,1,1.481,-99.34,0.8,0.4,17
320.04,0,1.467,255.25,0.8,0.0,3
307.05,0,0.46,205.94,0.2,0.7,0
392.64,1,12.667,306.05,0.2,0.4,19
264.31,0,1.286,-85.34,0.8,0.4,4
407.55,0,0.514,230.9,1.0,0.7,12
479.76,0,11.75,40.52,0.8,0.4,4
458.92,0,0.294,367.91,0.8,0.0,20
369.67,0,0.905,21.36,0.0,0.0,6
454.53,1,0.476,331.83,0.0,0.4,9
433.95,0,1.333,-32.67,0.8,0.0,12
321.0,1,0.125,160.1,0.2,0.0,8
452.89,1,0.515,-17.65,0.5,0.7,9
193.66,0,0.286,110.05,0.0,1.0,3
268.55,0,6.143,-204.1,1.0,0.0,21
76.44,1,1.4,-119.33,0.8,0.0,17
102.2,0,0.188,-342.41,0.0,0.7,2
457.8,0,0.45,106.75,0.0,0.4,4
89.72,0,0.857,-1.69,0.2,1.0,1
111.52,0,0.952,-156.54,0.0,0.4,21
215.83,0,0.939,-5.42,0.8,0.4,12
299.35,0,0.312,-184.44,0.0,1.0,3
345.93,0,5.0,125.4,1.0,0.7,4
118.29,0,0.381,-88.47,0.0,0.0,23
464.04,0,2.667,316.03,0.0,1.0,6
484.62,1,1.536,351.12,0.0,1.0,17
201.71,0,0.739,-297.54,0.2,1.0,6
50.91,0,4.0,-283.94,0.5,1.0,0
259.95,0,0.109,-34.31,1.0,0.7,5
241.66,0,1.478,-80.37,1.0,0.4,6
97.69,0,0.083,-397.99,0.5,1.0,12
462.66,1,0.535,318.97,0.5,0.7,8
337.17,1,0.414,248.28,0.2,1.0,19
344.03,1,0.184,111.74,0.0,0.7,18
60.15,0,0.032,-9.13,0.5,0.7,11
494.07,0,15.0,273.94,0.8,0.4,20
280.38,0,0.067,-119.73,0.0,0.0,6
234.13,1,1.519,-85.65,0.5,0.0,9
113.32,0,0.257,-148.95,0.2,0.4,22
104.77,1,5.875,-336.81,0.2,0.4,17
116.64,1,0.278,-12.11,0.2,0.7,9
261.97,0,1.944,-177.88,1.0,0.4,0
317.97,0,1.026,253.59,0.5,0.0,1
299.41,0,0.959,45.84,0.0,0.4,15
101.96,0,0.152,-58.86,0.0,0.7,22
474.66,0,0.42,7.22,0.2,0.4,21
102.95,0,1.474,-262.14,0.5,1.0,22
391.63,1,0.077,105.74,0.0,0.4,9
60.68,1,0.4,-124.37,1.0,0.7,18
185.58,0,1.375,-140.39,0.2,0.0,21
261.29,0,0.895,26.79,0.8,0.7,21
297.77,0,4.556,168.89,1.0,0.4,13
390.2,0,1.667,116.23,1.0,0.0,6
301.24,1,0.5,-96.66,0.2,0.0,9
376.42,0,1.075,2.99,0.5,0.4,0
309.07,0,0.667,115.55,0.5,0.7,5
316.56,0,1.333,128.83,0.0,0.7,14
50.3,0,0.771,-188.3,0.8,0.0,20
452.24,0,0.87,168.32,1.0,1.0,6
377.55,0,5.0,152.72,0.8,1.0,16
390.27,0,0.517,173.21,0.0,0.0,6
249.87,0,2.1,157.91,0.2,1.0,4
184.48,0,7.2,-270.03,0.0,0.4,0
59.22,0,0.366,-116.94,0.8,1.0,12
338.07,0,3.636,-93.93,0.5,0.7,4
426.81,1,0.6,-10.05,0.2,0.7,18
353.89,1,1.842,195.72,0.2,0.7,18
280.53,0,0.7,-114.53,0.5,0.0,5
188.52,1,5.111,-185.55,0.5,0.4,8
197.43,1,5.571,-4.69,0.8,0.7,8
128.35,0,0.08,-146.19,0.8,0.0,20
216.02,1,1.636,138.37,0.2,0.4,18
407.67,0,0.25,53.62,0.5,0.7,2
194.97,0,2.5,-97.05,0.2,1.0,23
59.12,0,0.167,-363.54,1.0,1.0,21
327.76,0,0.267,236.97,0.2,0.0,10
320.11,0,1.727,-103.04,0.0,0.7,16
293.71,0,0.9,-102.38,0.0,0.7,7
129.24,1,0.421,-103.51,1.0,0.4,9
149.58,0,0.038,42.79,0.5,0.0,23
313.87,0,0.533,38.82,0.5,0.7,21
70.29,0,1.2,-22.56,1.0,0.0,22
339.34,0,2.312,194.1,1.0,0.4,1
88.14,0,1.219,10.33,0.0,0.0,20
341.61,0,1.211,97.98,0.8,0.4,20
371.99,1,0.88,17.33,0.8,0.0,19
209.25,0,2.0,-110.62,0.0,1.0,20
152.11,0,4.0,-26.43,0.5,0.4,3
87.28,0,3.2,-136.0,0.8,1.0,22
178.19,0,10.0,-41.39,0.8,0.7,7
402.07,1,29.0,298.85,0.5,0.7,18
364.68,0,1.1,267.7,0.0,1.0,4
370.17,0,1.037,167.18,0.5,0.4,15
453.35,0,0.738,215.21,0.2,0.0,5
88.94,1,0.306,-276.19,0.5,1.0,18
347.98,1,0.148,-60.74,1.0,0.0,9
81.16,1,0.562,-20.08,0.8,1.0,9
421.66,0,0.61,86.99,0.2,0.7,4
139.29,0,0.9,-129.54,1.0,0.7,6
441.05,0,2.0,220.7,1.0,0.7,16
236.34,0,1.375,-223.89,0.0,0.0,13
190.21,0,0.256,130.5,0.0,0.4,7
458.75,0,0.44,152.34,1.0,0.4,10
82.92,0,1.0,-31.52,0.8,0.7,0
275.99,0,1.049,54.95,1.0,0.4,1
484.0,0,0.633,112.88,0.0,1.0,14
410.65,0,2.769,137.03,0.5,0.0,13
112.76,0,0.412,20.35,0.5,0.0,7
365.15,0,2.091,138.34,0.2,1.0,2
78.63,0,0.625,-36.39,0.2,0.7,20
483.01,1,1.533,23.7,0.8,0.7,9
468.66,0,1.238,245.0,0.8,1.0,22
280.09,0,1.172,-34.82,0.2,0.4,5
368.67,0,1.947,-55.04,0.0,0.7,13
191.71,0,4.556,-289.65,1.0,0.4,22
222.38,0,1.286,-245.58,0.0,0.4,10
394.66,0,0.148,6.85,0.8,1.0,6
382.86,1,2.6,16.89,1.0,1.0,9
165.83,0,3.571,-278.97,0.2,0.0,16
185.52,0,4.625,-255.38,0.5,0.0,15
181.72,0,0.769,-90.32,1.0,0.0,11
375.37,0,0.719,116.73,0.2,0.7,0
364.15,0,1.789,290.78,0.0,0.4,15
288.36,0,1.05,196.24,0.8,0.4,11
340.3,1,0.448,-106.07,0.0,0.7,18
465.14,0,0.109,195.43,0.8,0.0,14
333.56,1,0.481,-18.35,1.0,1.0,8
80.31,0,0.125,-31.93,0.2,0.0,3
283.1,0,1.068,6.58,0.5,0.4,7
484.11,0,0.34,189.7,0.2,0.4,2
309.32,0,0.659,249.0,1.0,0.4,16
232.46,0,0.897,-143.24,0.0,0.4,21
338.05,0,0.045,174.11,0.5,1.0,1
303.03,0,4.5,86.32,0.8,0.7,21
101.18,0,11.5,-33.33,0.5,0.7,1
218.39,1,2.643,-202.8,0.0,0.0,17
226.18,1,1.158,-37.66,1.0,0.0,8
478.25,0,0.286,98.06,1.0,0.0,13
80.66,1,0.415,-96.17,0.5,0.4,18
223.23,0,0.885,-55.81,0.0,0.4,13
335.44,0,0.382,239.08,1.0,0.4,3
193.87,1,0.667,-83.69,0.2,0.0,18
96.4,0,41.0,-135.09,0.5,1.0,22
269.18,0,3.625,-147.86,1.0,0.7,7
66.74,1,0.154,-383.12,0.0,1.0,9
301.44,0,0.756,-65.04,0.8,0.0,22
214.62,0,0.857,-252.91,0.8,1.0,7
307.08,0,0.162,-114.89,0.8,1.0,4
370.76,0,0.792,229.88,0.2,0.4,22
441.4,1,0.161,67.66,0.0,0.7,18
135.32,0,0.583,-75.12,1.0,0.0,1
197.22,0,0.821,-170.3,1.0,0.7,3
494.32,0,1.5,183.99,1.0,0.4,21
230.08,0,0.44,116.17,0.8,1.0,2
79.94,0,12.0,-118.67,0.5,1.0,15
322.14,1,1.125,178.53,0.2,0.0,19
142.03,0,1.5,-313.4,0.8,0.4,0
243.5,1,1.96,-58.58,0.2,0.7,18
216.94,0,0.122,-165.45,0.0,0.4,11
216.78,0,0.265,31.86,0.0,0.4,4
418.18,0,1.167,-55.44,0.0,1.0,5
337.51,0,47.0,-56.98,0.2,0.4,13
255.15,0,1.0,-130.95,0.0,0.0,10
113.09,0,1.737,5.37,0.8,1.0,12
321.14,0,0.02,267.26,0.0,0.4,22
372.35,0,0.4,196.95,0.2,0.7,3
147.47,1,0.594,-207.54,0.0,0.7,8
431.94,0,1.387,70.66,0.8,1.0,1
425.4,0,1.225,22.73,0.8,0.0,21
333.9,1,1.0,235.15,0.5,1.0,18
231.19,0,1.923,-23.68,0.5,0.0,7
356.57,0,0.851,70.76,0.2,0.4,10
57.23,0,2.778,-269.52,0.5,0.4,21
493.89,1,2.111,272.95,0.5,0.4,19
480.73,1,3.077,348.7,0.0,0.0,9
492.83,0,1.062,126.29,0.8,0.0,15
265.21,0,2.368,105.75,0.0,0.0,3
314.03,1,0.78,226.85,0.5,0.0,18
69.74,1,6.429,-158.89,0.2,1.0,18
64.71,0,0.061,-165.89,1.0,0.4,16
459.38,0,0.567,140.34,1.0,0.4,12
278.42,0,1.105,-92.76,0.5,1.0,11
98.51,0,3.25,-208.19,0.8,0.0,15
486.63,1,1.562,116.73,0.8,1.0,18
415.54,0,2.75,355.21,0.2,0.0,13
417.78,1,5.0,184.33,0.5,0.4,9
226.78,0,0.5,26.9,1.0,0.4,0
107.84,0,0.744,56.66,0.0,0.4,16
348.83,0,1.346,259.97,0.8,0.0,12
60.84,0,0.158,-333.72,0.5,0.4,13
230.29,0,4.0,-112.98,0.0,0.4,6
430.26,0,0.778,-29.05,0.8,0.4,10
75.59,0,1.5,8.62,0.0,0.4,14
284.47,1,1.241,-92.73,0.5,0.0,19
492.08,0,0.81,338.29,0.5,0.0,2
390.2,0,0.897,58.95,0.0,0.4,2
149.28,0,0.37,-100.29,0.8,0.0,12
227.26,1,1.852,-62.95,0.0,0.0,19
335.84,0,0.205,51.88,0.5,0.7,20
396.1,0,2.647,-34.96,0.5,0.4,21
490.77,0,2.0,134.37,0.2,0.4,20
273.74,0,1.429,132.48,0.8,0.7,21
313.04,0,0.194,206.88,0.5,0.4,20
154.75,0,0.718,-344.66,0.5,0.0,15
232.49,0,6.714,-36.13,0.8,0.0,6
229.16,1,1.032,-224.91,1.0,0.4,8
295.14,0,0.571,-162.58,0.5,0.0,14
228.43,0,1.119,-170.74,0.2,1.0,1
121.51,1,0.316,-119.79,0.8,1.0,17
55.04,0,1.364,-309.62,0.2,1.0,0
477.32,0,4.333,-17.96,0.5,0.4,13
321.0,1,0.857,-130.4,1.0,0.0,9
312.68,0,0.5,-101.11,1.0,0.0,6
330.12,0,0.955,64.0,0.2,1.0,5
221.08,0,1.219,159.86,0.2,0.7,1
192.69,0,17.5,-273.23,0.5,0.0,11
224.39,0,0.14,-42.89,1.0,0.4,13
315.6,0,0.556,-161.45,0.5,1.0,15
289.79,1,0.171,203.66,0.0,0.7,18
75.24,0,9.333,-267.93,0.0,0.0,5
167.85,0,3.25,-149.61,0.2,1.0,12
337.75,1,1.391,-158.84,0.2,0.0,17
58.11,0,2.923,-37.64,0.2,0.7,22
339.69,0,0.2,113.55,0.0,1.0,13
389.41,0,0.297,329.08,1.0,0.7,0
152.18,1,1.091,17.12,1.0,0.4,18
57.05,0,1.139,-68.62,0.0,0.0,5
58.92,0,3.154,-52.33,0.5,0.4,13
240.56,0,0.913,73.76,1.0,1.0,12
475.34,0,0.516,94.69,0.5,0.0,3
447.86,0,0.656,87.19,0.5,0.7,0
215.37,0,1.103,-18.23,0.8,0.7,1
294.24,1,1.88,22.41,0.2,0.7,19
472.88,0,1.176,324.39,0.5,0.0,1
243.11,1,0.595,-53.93,1.0,1.0,9
349.82,0,2.538,-92.84,1.0,0.4,14
435.27,0,0.75,87.66,0.5,1.0,6
424.46,0,0.407,277.33,0.8,0.7,11
119.42,1,1.312,-317.88,0.8,1.0,9
52.06,0,1.097,-226.49,1.0,0.7,10
447.72,1,0.22,213.89,1.0,0.4,19
185.34,0,2.471,-256.73,0.8,0.7,20
60.7,0,0.13,-315.13,0.5,0.7,4
64.35,1,0.511,-64.34,0.5,1.0,9
420.23,0,0.234,347.22,0.2,0.7,22
391.32,0,1.256,86.1,0.8,1.0,21
458.14,0,1.5,28.1,1.0,0.7,1
350.13,0,1.783,-136.14,0.0,0.4,10
239.77,1,0.4,38.98,0.5,0.0,8
109.69,1,0.068,-254.05,0.0,0.7,8
133.25,1,0.047,-169.8,0.5,0.4,8
112.67,0,3.0,-146.13,0.5,0.4,5
329.2,0,1.531,-95.4,0.5,0.4,10
457.54,0,1.0,357.29,0.2,0.7,3
497.19,0,0.111,372.1,0.5,0.4,15
298.11,1,1.7,-130.11,0.8,0.4,19
361.36,0,2.875,75.75,0.8,0.4,11
371.71,0,0.361,164.17,0.5,0.7,7
390.47,1,0.415,-99.09,1.0,0.0,9
92.2,0,0.714,-172.29,0.5,0.7,1
357.92,0,0.429,-1.97,0.0,1.0,5
294.72,0,2.583,196.28,0.8,0.4,1
223.37,1,1.706,-275.59,0.2,0.0,19
218.55,0,0.677,-21.88,0.2,1.0,4
388.97,0,0.583,326.03,0.5,0.0,1
226.51,0,1.448,170.16,1.0,0.0,0
87.73,0,2.467,-336.79,0.2,0.0,5
201.21,0,1.026,118.02,0.8,0.0,7
370.52,0,7.333,-3.98,1.0,0.4,5
375.61,1,0.957,127.29,0.0,0.4,8
401.74,0,0.778,-20.76,1.0,0.0,12
432.59,1,1.435,341.89,0.5,0.4,9
323.51,1,0.417,164.48,0.5,0.7,9
298.84,0,4.4,-104.6,0.2,0.0,4
262.12,0,1.889,-133.08,0.8,1.0,3
324.34,0,0.308,224.75,0.5,0.7,20
178.36,1,0.042,11.92,0.0,0.4,17
246.15,0,1.25,-80.62,0.2,0.0,3
435.09,0,1.048,86.08,1.0,1.0,13
339.13,1,0.182,144.82,0.8,0.4,9
476.93,0,4.75,5.67,1.0,0.4,2
459.37,0,4.4,313.24,0.2,0.0,16
326.47,1,0.227,-58.17,1.0,1.0,19
120.53,0,4.0,-196.64,0.2,1.0,23
249.19,0,0.238,-106.54,0.8,1.0,5
211.54,0,25.0,-92.66,0.8,1.0,12
181.41,0,0.69,-251.29,1.0,0.0,15
164.43,0,3.25,-28.58,0.0,0.4,1
340.79,0,0.18,-43.29,1.0,0.4,14
325.81,0,0.889,-123.36,0.5,0.7,13
192.29,0,0.282,-37.6,0.8,0.0,23
71.39,0,0.84,17.56,0.2,0.7,10
256.66,1,0.978,50.07,0.0,0.4,17
277.24,0,0.8,207.15,0.2,0.4,23
71.81,1,2.4,-315.84,0.0,0.4,8
77.05,1,0.72,-218.42,0.2,0.4,8
290.94,1,0.438,-5.17,0.5,0.4,18
297.58,0,0.06,158.94,0.0,1.0,23
400.88,0,0.17,165.9,0.8,0.0,23
354.53,1,0.946,-1.57,0.8,0.4,9
55.68,0,0.641,-331.41,1.0,0.7,14
266.96,1,1.143,196.18,0.0,0.7,19
364.44,1,0.353,269.56,0.0,1.0,19
245.17,0,3.75,74.12,0.5,0.0,1
427.08,0,1.229,232.79,0.2,0.4,20
217.09,0,0.029,-177.05,1.0,0.0,23
186.77,0,0.405,19.98,0.5,1.0,11
327.58,0,3.1,122.73,0.8,0.0,23
242.5,1,0.4,157.29,0.8,1.0,18
359.64,0,5.5,5.56,1.0,1.0,7
158.23,0,0.357,-51.24,0.0,0.4,1
423.13,0,0.531,-42.52,0.8,0.4,7
272.49,0,1.0,16.05,0.2,1.0,13
124.64,1,6.333,11.73,0.5,1.0,8
404.36,0,1.0,-44.23,0.2,1.0,23
148.29,0,0.298,-35.3,0.0,0.0,23
93.54,1,0.54,-90.65,0.0,0.7,17
152.04,1,0.576,-168.39,1.0,1.0,17
265.64,0,1.588,-163.13,0.8,0.7,6
224.37,0,0.946,-55.36,0.8,0.0,21
301.43,0,0.694,-181.15,0.0,0.0,6
268.89,0,2.333,-52.62,0.2,1.0,6
429.32,0,0.333,34.84,1.0,0.4,14
479.73,1,0.2,-14.79,1.0,0.0,9
267.15,0,3.818,191.21,0.5,0.4,2
458.53,0,1.667,386.08,0.2,0.0,3
126.65,0,1.207,-154.45,0.5,1.0,7
59.19,0,2.615,-232.22,0.8,1.0,6
200.6,0,0.129,-51.09,1.0,0.7,2
311.74,0,1.632,59.78,1.0,0.0,20
97.91,0,1.222,-8.0,0.5,1.0,0
282.55,1,1.174,189.84,1.0,0.0,17
271.63,0,5.6,-62.7,0.5,1.0,11
140.05,0,0.259,47.7,1.0,1.0,5
418.09,0,0.793,32.91,0.8,0.0,12
323.96,0,1.95,175.9,1.0,0.0,12
286.5,0,2.643,-73.88,1.0,0.0,22
363.96,0,3.091,262.74,0.2,0.0,3
496.0,0,0.179,289.37,0.2,0.0,4
137.51,1,0.333,-326.91,0.2,0.0,19
198.24,0,1.176,-112.04,0.0,0.7,20
159.2,1,9.75,-193.45,1.0,0.7,8
282.15,1,0.792,82.34,0.2,0.7,8
356.04,0,1.688,-106.64,1.0,0.0,15
499.64,0,1.722,351.62,0.2,0.4,6
97.63,0,2.273,-316.29,0.0,0.4,5
333.21,0,7.2,-96.16,0.5,1.0,6
418.51,0,1.714,-77.65,0.2,1.0,4
293.9,0,0.178,138.93,1.0,0.7,0
421.17,0,2.429,45.67,1.0,0.7,14
191.28,1,2.143,43.35,0.0,0.4,19
319.02,1,1.613,34.43,0.5,0.0,9
363.09,0,1.357,175.46,1.0,1.0,6
461.6,0,2.278,397.15,1.0,0.4,15
267.55,1,0.233,-131.83,0.2,0.7,8
238.34,0,8.167,-40.36,0.0,0.4,23
136.45,0,1.29,-106.51,0.0,1.0,13
265.47,0,1.125,113.61,0.5,0.0,7
109.67,0,0.6,-17.57,0.2,0.7,0
286.34,0,1.125,-120.02,0.2,0.0,2
133.17,0,2.75,-22.44,0.5,0.7,6
94.95,0,0.2,-310.96,0.5,0.7,6
487.41,0,0.388,44.73,0.5,0.4,16
120.8,0,21.5,-54.98,0.5,0.0,2
247.65,1,1.95,39.68,0.0,0.0,18
241.61,0,1.455,162.3,0.5,1.0,15
411.22,0,0.025,232.97,0.5,1.0,14
292.62,0,0.325,-75.39,0.2,1.0,1
423.87,0,1.05,313.46,0.5,0.0,7
75.11,0,1.025,-384.07,0.2,1.0,16
81.77,0,0.86,-257.58,0.5,1.0,12
131.56,0,2.222,-178.5,0.2,0.0,21
266.13,0,0.75,-103.88,0.8,1.0,23
125.55,0,0.24,-80.59,0.2,1.0,2
91.79,0,2.176,12.35,1.0,0.4,4
426.1,0,22.0,19.23,0.5,0.4,1
436.4,0,1.024,254.07,0.8,1.0,7
385.11,0,0.364,213.54,0.2,0.4,7
292.46,0,1.294,138.93,0.2,0.7,14
96.14,0,1.292,-384.54,1.0,1.0,21
379.24,0,2.353,100.76,0.5,0.7,14
377.36,0,1.188,247.89,1.0,0.4,3
59.37,0,1.0,-111.67,0.5,0.0,0
488.34,0,2.091,54.69,1.0,0.7,4
429.59,0,0.581,-9.94,0.2,1.0,12
197.04,1,1.474,1.82,0.0,1.0,17
166.38,0,7.333,60.31,1.0,0.4,4
316.36,0,0.061,1.44,0.5,0.4,11
145.52,0,1.1,-28.13,0.5,1.0,21
483.29,0,0.735,239.93,1.0,0.7,0
365.36,0,0.074,109.45,0.0,1.0,10
430.83,0,0.667,101.28,0.0,0.0,4
409.29,0,3.5,241.97,0.8,0.0,22
423.17,0,0.839,184.7,0.5,0.0,4
294.27,0,4.4,16.94,0.0,0.0,14
181.64,1,0.744,-121.7,0.2,0.4,17
486.35,0,3.214,270.78,0.8,0.7,21
391.76,1,0.857,334.27,0.5,1.0,9
405.94,0,1.243,252.74,0.5,0.7,10
387.23,0,0.196,218.3,0.2,1.0,0
291.68,0,0.689,166.16,0.5,1.0,6
430.02,1,6.667,231.32,0.2,0.7,8
385.06,0,1.143,-4.95,0.5,0.0,7
390.14,0,0.551,107.35,0.5,0.4,12
436.75,0,1.778,-3.93,0.8,0.4,4
149.33,1,1.435,-224.71,0.0,0.0,8
247.67,0,4.9,-62.48,1.0,0.7,22
143.78,0,0.952,-247.81,1.0,0.7,4
256.85,0,1.438,-29.03,0.8,0.0,22
236.73,0,1.19,163.51,0.2,1.0,23
356.0,0,0.85,210.92,1.0,0.7,22
318.99,0,0.66,-67.25,0.2,0.4,1
353.42,0,7.0,235.68,0.2,0.7,13
89.95,0,1.63,-281.38,0.0,1.0,14
185.65,0,0.276,-254.22,0.8,1.0,15
236.06,0,0.273,124.9,0.2,1.0,3
363.48,0,1.667,84.23,1.0,1.0,11
484.78,0,0.531,48.37,1.0,0.7,7
157.74,0,0.452,-20.63,1.0,0.7,0
431.8,0,1.652,181.04,0.8,0.7,2
264.29,0,3.062,4.71,1.0,1.0,23
442.45,0,0.118,382.31,0.8,1.0,1
188.66,0,3.833,-61.66,0.2,0.7,13
389.47,0,0.238,-5.47,0.2,0.0,23
404.94,1,9.5,65.43,0.0,0.7,9
217.67,0,0.111,6.99,1.0,0.4,13
375.06,0,2.526,170.53,1.0,0.7,0
214.46,0,1.536,10.58,0.2,0.4,23
243.43,0,0.333,179.08,0.0,0.0,21
434.96,0,15.0,128.18,0.0,0.0,3
416.72,0,3.0,103.51,0.5,1.0,12
360.25,0,0.154,41.22,1.0,1.0,23
296.43,0,1.0,-60.85,0.5,0.4,10
230.81,1,1.611,146.38,0.5,1.0,18
279.83,1,4.667,-114.02,0.8,1.0,17
374.25,0,0.056,-5.63,0.8,1.0,12
296.4,0,1.68,180.13,1.0,0.0,5
109.93,0,0.522,-121.92,1.0,0.7,1
328.47,0,0.81,154.17,0.2,0.4,15
378.5,0,15.0,70.09,0.2,1.0,2
192.0,0,9.5,-235.18,0.2,1.0,16
164.02,0,2.0,-45.53,0.2,0.0,4
64.5,0,1.0,-203.55,0.8,0.4,4
427.1,1,0.947,263.1,1.0,0.7,8
184.65,0,0.567,-1.45,0.2,0.0,11
168.11,0,0.538,71.71,0.2,0.4,16
151.55,0,0.738,-59.26,0.0,1.0,22
265.58,0,0.625,172.6,0.0,0.4,5
353.44,1,0.152,299.54,0.5,0.7,19
397.6,0,0.667,107.07,0.0,0.7,11
399.12,0,1.176,185.01,0.2,0.0,2
197.54,0,0.923,-247.03,1.0,0.0,1
367.65,0,1.7,12.81,0.0,0.4,4
212.45,0,1.136,-71.02,0.0,1.0,15
329.38,0,0.469,182.57,0.2,0.0,2
289.62,0,0.75,-189.95,0.0,0.0,22
482.23,1,0.308,402.97,0.5,1.0,9
366.61,0,1.889,-125.3,0.2,0.7,7
323.72,0,0.156,107.23,0.8,0.4,20
465.68,0,0.792,337.66,1.0,0.7,12
182.84,0,2.385,-312.73,0.5,1.0,13
87.73,1,0.812,-359.46,0.5,0.7,18
194.33,0,0.8,126.78,0.0,0.7,13
248.43,0,0.034,158.85,0.0,0.0,11
212.25,0,1.778,-84.81,0.5,0.7,0
427.73,0,0.562,183.26,0.5,0.7,23
383.89,1,0.222,251.2,1.0,0.0,17
435.96,0,0.675,116.88,0.5,0.4,14
358.0,0,1.35,-112.72,0.0,0.0,10
386.7,0,0.156,-105.29,0.8,0.0,0
449.68,0,0.082,17.26,1.0,0.4,0
110.3,0,2.529,-272.72,0.8,0.4,14
118.38,0,3.667,30.71,0.8,0.7,12
342.67,0,2.364,121.21,1.0,1.0,7
137.1,1,0.059,-34.85,1.0,0.0,17
205.37,1,1.0,51.69,0.5,1.0,19
298.07,0,5.444,42.93,0.2,0.4,7
482.07,0,0.667,134.62,0.5,0.7,13
107.97,0,0.667,-304.31,1.0,1.0,11
207.34,0,0.25,24.48,0.2,0.0,10
448.06,0,1.333,36.78,0.0,0.4,2
57.17,1,1.308,-163.88,0.5,0.0,19
55.76,0,0.706,-346.67,0.5,1.0,14
361.67,0,1.115,38.53,0.5,0.0,5
165.73,0,19.0,78.19,1.0,0.7,22
166.81,0,0.578,100.94,0.8,0.7,12
412.37,0,0.821,263.12,1.0,1.0,6
249.26,0,1.0,-196.77,0.5,1.0,3
423.31,0,1.0,339.98,0.8,0.0,16
448.27,0,4.667,336.15,1.0,0.0,13
440.66,1,0.149,140.45,0.0,0.7,17
349.43,0,2.111,98.18,0.0,0.0,2
143.29,0,16.5,38.73,0.5,0.7,4
125.82,0,0.444,-247.4,0.5,0.7,22
389.07,0,0.826,222.24,1.0,0.0,16
248.22,0,0.75,-54.14,1.0,0.7,3
263.4,0,1.778,-74.42,1.0,0.7,6
345.88,0,1.667,118.65,0.0,0.7,3
231.81,0,1.441,-100.25,0.8,0.7,0
117.16,0,1.047,-333.75,0.5,0.4,3
372.61,0,3.091,-82.87,0.0,0.4,13
144.35,1,0.667,-102.21,1.0,0.7,17
184.11,0,0.745,-289.84,0.8,1.0,7
276.07,0,1.281,-48.8,0.8,0.7,2
265.83,0,2.4,94.87,0.5,0.7,6
115.95,0,1.409,-38.02,0.2,0.0,3
357.66,1,0.913,-11.44,1.0,0.4,19
269.85,0,1.125,-22.0,0.8,0.7,16
367.59,1,8.8,186.58,1.0,1.0,8
249.69,0,0.393,-142.59,0.0,1.0,23
150.81,0,0.773,-175.1,0.5,0.7,1
400.39,0,2.174,154.27,0.0,1.0,11
242.05,0,0.872,-228.86,0.0,0.0,2
381.38,0,0.609,-36.8,0.0,0.0,13
88.64,0,4.333,-292.74,1.0,1.0,5
127.65,0,4.1,-48.7,0.2,0.7,11
146.73,0,0.729,-250.8,1.0,0.4,22
298.98,0,0.926,-6.5,1.0,0.7,22
72.19,0,0.933,-15.08,1.0,0.0,14
138.44,0,0.071,-46.57,0.0,0.0,5
386.49,0,0.517,167.86,1.0,1.0,4
96.95,0,1.5,-108.71,0.5,0.7,15
160.27,0,0.087,40.86,0.8,0.0,14
435.11,0,0.875,-34.02,0.8,0.4,11
333.11,1,2.25,-54.11,0.8,0.7,19
98.19,1,7.4,-262.7,1.0,0.7,9
331.94,0,0.604,-25.32,1.0,0.7,10
491.5,1,0.273,45.73,0.5,0.7,19
147.88,0,0.977,-12.78,0.0,1.0,6
297.06,0,1.048,206.86,0.2,1.0,23
147.89,0,1.588,-175.41,0.8,1.0,5
179.86,0,1.833,-48.08,0.8,0.0,20
349.84,1,3.667,-102.33,1.0,0.0,8
255.24,0,6.6,36.65,0.0,0.4,11
174.8,1,0.978,81.61,0.5,0.4,17
95.14,0,0.318,-367.8,1.0,0.4,6
391.98,1,1.114,109.17,0.5,1.0,19
245.47,1,1.0,24.81,0.5,0.0,18
196.76,0,0.083,-179.62,0.5,0.4,11
492.8,0,1.333,248.44,0.8,1.0,7
410.32,0,0.815,281.7,0.2,0.0,14
325.62,0,0.36,-128.3,0.8,1.0,10
439.31,0,0.8,233.71,0.5,1.0,3
348.8,0,2.0,249.39,0.5,0.7,12
394.92,0,2.0,68.37,0.5,0.4,5
168.09,0,0.116,-123.36,0.2,0.4,12
482.87,0,0.8,281.33,0.5,0.0,6
341.67,0,1.222,-37.38,0.8,0.7,22
197.96,0,0.743,-143.96,0.8,0.4,4
118.24,0,2.048,-319.08,1.0,0.7,15
57.94,1,0.639,-340.92,1.0,0.7,8
185.64,0,1.231,-83.87,1.0,0.0,2
69.94,0,1.038,-334.4,1.0,0.7,10
399.51,0,5.125,164.76,0.2,0.4,2
404.19,0,1.143,67.05,0.8,0.0,5
95.79,0,0.067,-134.41,1.0,1.0,22
164.52,0,6.571,-326.06,1.0,1.0,0
488.39,0,2.812,382.37,0.5,0.7,13
283.19,0,7.333,135.65,0.5,0.7,14
66.69,0,1.923,-190.98,0.2,1.0,10
257.05,0,0.4,-70.05,0.0,0.0,14
387.37,0,0.241,-85.68,0.8,0.7,7
294.35,0,0.094,-70.98,0.2,0.7,0
229.04,0,6.286,-137.6,0.0,0.7,23
349.06,0,3.125,-47.73,1.0,1.0,1
162.49,1,0.591,-336.71,0.8,1.0,17
408.01,0,0.545,41.56,1.0,1.0,11
254.5,0,8.0,144.72,1.0,0.4,0
485.17,0,8.333,331.45,0.5,0.0,0
53.29,1,0.325,-119.16,0.0,1.0,9
335.86,1,0.344,-153.15,0.2,1.0,17
191.14,1,2.933,-179.38,1.0,1.0,9
477.81,0,10.0,307.2,0.0,0.4,13
54.95,0,1.163,-18.25,0.8,0.4,10
246.63,0,1.22,32.49,0.2,1.0,7
488.44,0,2.75,284.22,0.8,0.4,4
475.69,0,0.816,107.3,0.0,0.4,11
225.65,0,1.441,-246.89,0.0,0.0,2
480.61,0,4.889,72.07,0.2,0.0,14
124.88,1,0.953,-315.15,0.8,0.0,18
405.37,0,1.188,109.42,0.2,0.7,6
489.54,0,0.769,98.09,0.8,0.7,7
219.89,0,2.278,2.35,0.2,0.4,11
176.07,0,2.095,-289.97,0.0,0.0,0
432.5,0,0.814,-24.79,0.5,0.0,3
134.41,0,0.862,-350.46,0.5,0.4,7
421.49,0,0.389,81.93,0.0,0.4,3
280.85,1,1.679,-120.3,1.0,0.7,9
221.9,0,0.353,111.34,0.0,0.0,20
159.72,1,1.265,0.4,0.5,0.0,17
249.31,1,0.667,-44.46,0.8,0.0,19
266.76,0,0.03,-133.21,0.5,1.0,15
307.85,1,0.064,-188.27,0.8,1.0,17
398.97,1,2.188,179.22,1.0,0.7,8
344.39,1,1.148,-15.68,0.0,1.0,17
116.28,0,0.219,-60.59,1.0,1.0,13
184.91,0,0.093,-90.54,1.0,0.4,12
122.83,0,0.349,-307.4,0.5,1.0,5
260.27,0,1.429,161.14,1.0,0.0,1
373.07,1,0.143,14.96,0.2,0.0,9
64.94,1,0.459,-239.11,0.8,0.0,17
201.33,0,2.222,-146.57,0.0,1.0,11
298.54,0,0.5,-83.29,0.5,0.0,12
113.99,1,0.743,-112.08,0.0,1.0,8
482.33,0,1.5,17.31,0.0,0.4,13
112.35,0,0.553,-331.23,0.2,1.0,6
100.89,0,0.75,-206.23,0.0,1.0,5
54.71,0,0.545,-384.47,1.0,0.4,11
295.36,0,2.083,-94.84,0.5,0.4,11
87.21,0,0.976,-146.5,0.8,0.4,21
190.17,1,0.194,-273.05,0.8,0.4,18
104.95,0,2.0,-339.29,0.0,0.7,7
117.74,0,8.167,-176.65,0.2,0.0,14
280.95,0,0.917,-54.7,0.8,0.0,12
438.05,0,0.449,183.84,0.8,1.0,4
62.07,1,0.711,-2.63,0.8,1.0,9
83.17,0,1.85,-80.97,0.8,0.0,13
164.02,0,0.231,-250.1,1.0,0.7,14
223.33,0,0.552,56.84,1.0,1.0,20
439.55,0,1.0,193.54,0.0,0.0,7
189.57,0,1.2,-284.21,1.0,1.0,0
428.92,0,0.953,-0.32,0.8,0.4,12
129.67,0,1.0,-181.39,0.8,1.0,6
453.26,0,1.531,284.45,0.5,0.0,13
176.41,1,0.571,-113.59,0.0,0.7,19
410.9,0,0.617,-18.76,1.0,0.0,5
435.4,0,12.5,5.09,0.2,1.0,21
400.75,0,0.769,88.1,0.5,0.7,3
97.33,0,3.375,24.28,1.0,1.0,21
212.93,0,0.69,-140.19,0.5,1.0,12
280.28,1,3.0,-125.33,0.2,0.4,8
144.54,0,1.189,-133.57,0.5,0.0,14
54.69,0,0.368,-223.67,0.8,0.7,2
429.28,0,27.0,208.75,1.0,0.4,10
80.46,0,1.704,-203.27,0.8,1.0,12
438.04,1,0.8,-9.38,0.8,1.0,8
68.4,0,0.8,-276.01,1.0,1.0,11
273.65,0,1.667,-41.52,0.8,0.0,14
475.86,1,1.5,84.18,0.5,0.0,18
238.75,0,0.923,104.41,0.0,1.0,11
179.34,0,3.818,55.56,0.2,0.4,21
327.55,0,0.714,-140.53,0.5,0.7,2
416.48,0,0.077,-33.84,0.8,0.7,4
462.71,0,0.341,233.24,0.5,0.4,5
291.96,1,0.759,65.66,0.2,0.7,9
204.64,1,0.273,-62.44,0.0,0.0,18
288.98,0,1.0,-133.63,0.5,0.7,4
476.19,0,0.62,315.76,0.0,0.0,7
207.53,0,0.458,17.57,0.2,0.0,2
234.59,0,0.552,-262.42,0.2,0.7,6
300.71,0,0.065,-186.21,0.8,1.0,1
355.43,0,13.0,286.51,1.0,0.4,5
449.47,0,0.5,-13.2,0.0,0.0,0
302.08,0,2.19,-181.93,0.2,0.4,10
286.02,0,0.838,18.2,1.0,1.0,2
163.22,1,9.0,42.34,0.5,0.7,9
417.85,1,0.324,154.6,1.0,1.0,9
242.2,1,2.5,86.7,0.2,0.0,17
195.88,0,0.5,-169.83,0.2,1.0,4
85.68,0,0.5,-386.87,0.2,0.4,2
388.47,0,1.095,301.45,0.8,0.7,12
80.07,0,1.333,-93.87,0.8,0.4,15
75.0,0,9.0,-374.62,0.8,1.0,14
342.61,0,1.429,284.55,0.0,0.7,0
356.25,0,0.591,104.96,0.5,0.4,23
229.21,0,0.319,-37.37,0.5,0.7,16
140.75,0,2.692,-167.04,0.5,1.0,16
299.93,0,0.356,70.88,0.0,1.0,3
201.01,1,0.353,-289.01,0.2,0.4,8
83.96,0,0.812,-299.73,1.0,0.7,1
329.43,0,6.571,72.29,0.0,0.7,13
304.47,0,6.714,31.11,0.8,0.4,1
207.68,1,4.444,-99.48,0.0,0.0,9
375.72,0,0.278,166.95,0.2,0.4,10
252.48,0,0.27,200.79,0.5,0.4,23
203.21,0,0.816,80.52,0.0,0.7,20
461.52,1,1.708,46.77,0.0,1.0,9
249.63,0,0.929,72.54,0.2,0.0,3
186.22,1,0.733,-250.43,0.5,0.4,9
422.03,1,1.2,109.76,0.2,1.0,17
85.88,1,0.59,-380.67,0.2,0.0,9
308.8,0,0.476,-180.73,0.8,1.0,3
245.41,0,1.167,-159.82,0.8,0.4,4
136.07,0,0.85,-51.5,0.5,0.7,22
272.93,0,0.882,-48.69,0.8,0.7,5
456.8,1,0.364,68.09,0.5,0.4,9
69.35,0,1.048,-51.16,1.0,0.0,3
467.64,0,0.833,126.37,0.5,0.4,22
438.86,0,0.816,-43.59,0.0,0.0,22
320.63,0,19.0,82.1,0.5,1.0,20
107.35,1,1.148,-338.19,0.8,1.0,9
424.98,0,1.111,318.33,0.5,0.4,14
401.85,0,0.556,247.93,1.0,0.0,6
488.54,0,0.439,27.97,0.5,0.4,2
474.9,0,2.286,373.76,0.8,0.4,0
460.15,0,1.3,293.77,0.5,1.0,13
335.36,1,1.0,50.59,0.2,0.4,19
287.37,1,0.55,-94.26,0.8,0.7,17
292.42,0,0.297,133.36,0.5,1.0,7
266.58,0,0.6,2.08,0.0,0.7,22
405.34,0,19.5,280.57,0.2,0.7,6
156.32,0,0.94,-39.68,0.0,0.4,13
57.15,0,1.054,-9.92,0.0,1.0,5
80.4,1,1.111,-347.92,0.5,0.7,8
270.0,0,0.879,-158.92,0.5,0.7,22
371.48,0,10.75,193.62,0.2,0.0,3
319.41,0,1.25,-56.44,0.0,1.0,6
475.74,0,1.333,324.65,0.2,0.7,13
230.11,0,1.189,171.46,0.5,0.4,7
315.48,0,1.163,183.03,0.5,0.4,20
362.26,0,0.861,161.79,0.2,0.4,2
160.82,0,0.467,-309.59,0.2,0.7,14
454.17,0,0.39,98.52,0.0,0.4,15
95.66,0,1.4,-34.76,0.5,1.0,12
306.53,0,0.049,88.09,0.8,0.4,14
206.08,0,1.067,10.19,0.0,1.0,5
419.67,0,0.562,222.68,0.0,1.0,2
476.24,0,0.25,280.32,0.8,0.0,2
498.95,0,0.439,425.4,0.2,0.4,15
184.62,0,1.0,-18.78,0.5,0.0,10
120.32,1,0.95,-295.54,0.0,0.4,9
410.35,0,0.455,344.33,0.8,0.0,5
420.03,1,0.375,40.29,0.5,0.0,19
150.45,0,0.958,-209.41,1.0,0.7,5
370.83,1,0.125,109.13,0.5,1.0,17
273.28,0,0.913,168.71,0.8,1.0,14
334.31,0,0.364,225.15,0.5,1.0,4
104.15,0,0.071,-130.58,0.0,0.7,10
192.17,0,1.75,138.0,0.0,1.0,22
68.69,0,0.238,-50.54,0.5,1.0,0
343.46,1,0.535,25.42,0.8,0.0,17
147.1,1,0.295,-336.86,0.0,0.0,18
67.07,0,1.289,-2.79,0.5,1.0,21
379.71,0,1.75,59.76,0.8,0.0,15
67.22,0,2.786,-342.44,0.8,0.0,11
285.35,0,0.444,51.92,1.0,1.0,4
208.54,1,0.745,-78.81,0.5,1.0,8
332.47,0,0.13,-14.91,0.8,0.7,4
291.34,0,1.361,169.2,0.8,0.4,21
265.63,0,3.0,145.39,0.8,0.4,10
492.58,0,1.146,392.06,0.5,1.0,13
256.15,0,3.154,47.88,0.5,0.0,4
377.22,0,2.267,6.86,0.0,0.4,1
321.65,0,1.923,-156.88,1.0,0.7,4
206.01,0,2.471,28.18,1.0,0.4,3
167.1,0,5.0,-99.26,1.0,0.0,0
281.8,0,0.735,43.76,0.5,0.0,12
271.14,1,0.449,175.7,0.8,0.7,8
207.99,1,9.333,-115.44,0.5,1.0,17
466.76,0,1.25,376.53,0.0,1.0,12
57.32,0,3.8,-7.25,0.5,0.7,14
405.95,1,0.449,247.85,0.8,1.0,17
354.65,1,8.0,259.91,0.8,1.0,17
427.84,0,3.455,329.36,0.5,1.0,7
433.45,0,10.0,318.84,0.0,0.4,11
194.56,0,0.864,-151.62,0.5,0.7,21
497.09,0,0.091,123.13,1.0,0.4,21
333.99,0,1.231,177.38,1.0,1.0,7
93.83,0,0.8,-52.72,0.2,0.7,23
397.6,0,2.267,320.85,0.0,0.0,2
120.82,0,0.714,-67.43,0.2,0.0,20
175.09,0,0.978,-71.87,1.0,1.0,0
389.57,0,0.667,270.9,1.0,1.0,12
94.9,1,0.565,-227.64,0.8,0.4,9
253.55,0,2.2,56.26,0.8,0.0,5
162.42,1,1.222,54.08,0.5,0.0,17
260.64,0,0.521,-173.26,0.0,0.4,21
216.03,0,0.14,-87.71,0.0,0.7,6
124.7,0,0.829,-313.23,0.0,0.7,6
244.11,1,1.038,-125.23,0.0,0.4,19
269.51,1,4.222,-29.49,0.5,1.0,19
312.67,0,13.333,90.94,0.2,1.0,1
263.14,0,2.333,-62.03,1.0,0.7,1
56.67,1,2.0,-65.36,0.5,0.4,17
426.38,0,1.0,290.25,0.0,0.4,14
84.56,0,0.533,-130.59,0.2,0.0,14
362.95,0,11.667,141.83,0.8,0.0,14
393.01,1,0.205,41.72,0.8,0.0,17
168.66,0,3.0,-300.15,0.0,0.0,7
106.34,0,0.95,-85.56,0.8,0.4,22
234.14,1,1.469,-64.36,0.2,0.7,19
167.83,0,0.2,-8.58,0.2,0.0,15
474.74,0,0.875,-25.0,1.0,0.0,4
464.73,0,0.045,100.9,0.2,0.4,22
250.22,0,5.125,-64.04,0.0,0.7,5
276.05,0,9.667,39.72,1.0,0.7,6
95.04,0,0.833,-252.22,1.0,1.0,16
59.8,0,2.8,-37.25,0.5,1.0,20
106.31,1,0.677,-287.75,0.8,0.7,9
170.96,1,0.795,96.37,0.5,0.0,8
169.49,0,0.483,-158.72,1.0,1.0,6
161.12,0,2.6,63.18,0.2,1.0,12
90.03,0,2.105,-327.09,0.8,0.7,3
57.61,0,0.04,-67.91,0.8,0.7,7
340.66,0,0.111,270.2,0.8,1.0,14
426.43,0,0.136,339.88,1.0,1.0,23
233.15,0,1.158,140.57,0.5,0.4,12
468.96,0,0.12,409.37,0.5,1.0,3
258.75,1,1.308,73.61,1.0,1.0,17
417.34,0,1.079,101.42,1.0,0.7,13
55.45,0,0.167,-286.88,0.8,0.0,7
409.07,1,0.133,357.3,0.0,1.0,8
344.23,0,3.267,153.29,0.5,0.4,5
287.51,0,0.103,187.72,0.0,1.0,21
391.5,0,0.804,-32.97,0.0,0.7,12
464.86,0,0.182,294.24,0.5,0.0,3
240.29,0,0.579,64.6,0.2,0.4,0
186.37,0,1.265,-117.72,0.8,0.7,13
305.4,0,0.733,206.4,0.0,0.4,10
159.71,0,0.625,109.14,0.0,0.7,10
312.62,0,1.184,89.49,0.8,0.7,1
372.93,0,1.88,-107.83,1.0,1.0,15
96.69,0,1.875,-157.8,1.0,0.7,16
172.87,0,4.5,-100.02,0.2,0.4,16
430.61,0,1.565,211.36,0.5,0.4,0
346.48,0,0.323,121.87,0.8,0.0,20
495.96,0,7.5,14.43,0.5,0.4,6
462.83,0,1.581,237.1,0.0,1.0,1
301.65,0,1.0,206.08,0.2,0.7,12
103.3,1,4.333,-269.39,0.8,0.4,17
363.87,1,0.077,49.52,1.0,0.4,19
226.92,0,2.882,-3.37,1.0,1.0,4
348.18,1,0.368,15.4,0.5,0.7,8
319.68,0,0.067,162.88,0.2,1.0,6
293.45,0,0.149,65.65,1.0,0.4,15
321.95,0,2.333,-111.56,0.0,0.7,10
225.24,0,3.333,151.12,0.0,0.0,11
387.43,0,0.86,300.01,0.5,1.0,21
430.74,0,5.4,173.89,1.0,0.7,15
330.57,0,1.042,49.15,0.2,0.0,13
352.66,0,0.25,52.44,0.2,0.4,6
487.18,0,0.465,62.69,1.0,0.0,16
418.96,0,0.957,-14.75,0.8,0.4,16
83.11,0,3.143,-85.55,0.5,0.0,15
476.91,1,1.467,316.65,0.8,0.7,17
81.59,0,1.741,-30.74,0.0,0.4,21
146.0,0,0.074,59.27,0.8,0.7,12
78.41,0,1.24,-254.95,0.2,0.0,10
167.81,0,0.481,65.44,0.8,0.4,1
192.59,0,2.538,-138.96,1.0,0.0,22
173.26,0,1.071,-253.21,0.2,0.4,1
370.86,0,8.6,-9.52,0.2,0.7,20
448.48,1,3.5,112.7,0.8,1.0,8
449.63,0,0.48,291.45,1.0,0.7,12
194.4,1,1.081,-242.63,0.2,0.7,18
392.72,1,1.481,226.56,1.0,0.7,9
333.41,0,0.333,-61.62,1.0,1.0,10
83.47,1,1.0,-318.95,0.2,0.4,9
60.94,0,1.647,-307.45,0.0,0.7,10
88.33,0,1.032,-111.94,0.5,0.0,7
449.95,0,0.556,48.95,1.0,1.0,2
465.03,0,0.364,155.32,0.2,0.0,16
479.54,0,2.611,0.37,0.8,0.4,0
448.85,0,2.25,-36.13,0.8,0.0,21
195.8,0,0.769,12.17,1.0,0.0,15
205.12,0,1.905,-123.53,1.0,1.0,23
374.67,0,3.333,-111.91,1.0,0.4,20
433.72,0,0.719,241.59,0.5,0.0,5
164.69,1,4.2,-88.46,0.0,0.0,17
147.46,1,0.705,-78.72,0.8,0.0,17
241.56,1,1.353,-241.03,0.8,1.0,8
122.14,0,1.0,-354.49,0.5,0.4,21
408.42,0,7.0,114.05,0.5,1.0,21
476.48,1,0.062,111.74,1.0,0.4,9
301.38,0,0.415,21.31,0.2,0.4,12
357.33,0,0.097,72.56,0.2,0.0,23
153.29,0,1.414,-88.75,0.5,0.7,0
132.75,0,2.3,-129.62,0.0,0.0,10
297.69,0,14.5,185.71,0.8,0.7,7
356.85,0,0.179,234.78,1.0,1.0,5
228.0,0,0.341,148.2,1.0,0.7,10
357.99,0,3.667,299.22,0.5,0.0,15
328.3,0,4.125,-31.59,0.5,0.4,21
143.6,0,2.333,72.15,0.2,1.0,14
108.05,1,3.222,-86.96,0.2,0.4,8
351.35,0,3.538,-5.91,0.5,0.4,0
308.44,0,1.571,-182.83,1.0,0.4,14
100.34,0,0.051,-136.65,0.8,0.4,7
325.5,1,1.0,-100.77,0.8,0.7,18
436.16,1,1.143,271.75,0.5,0.7,18
94.82,0,0.08,-131.11,1.0,1.0,5
295.97,0,0.045,115.4,0.5,0.0,12
345.15,1,0.468,74.74,0.5,0.4,19
126.48,0,0.6,74.86,0.2,0.7,20
52.73,0,0.348,-365.42,1.0,1.0,14
237.07,0,0.804,-141.79,0.2,0.0,13
199.14,0,0.239,77.23,0.2,0.4,11
470.95,0,1.194,274.98,1.0,0.4,2
336.18,0,1.448,180.42,0.5,0.0,22
273.62,1,2.3,41.55,0.5,0.4,8
397.21,0,8.0,308.09,0.5,0.4,1
358.62,0,0.636,-67.05,0.8,1.0,12
292.24,0,0.972,61.4,0.2,0.0,1
314.4,0,0.514,-171.82,0.0,0.7,22
53.15,0,1.061,-338.5,0.8,0.0,2
409.67,1,5.6,-22.63,0.5,0.4,9
215.59,0,2.6,-150.54,0.5,0.7,7
196.69,0,4.0,-210.36,1.0,1.0,6
273.17,0,0.724,-50.1,0.0,0.0,15
495.25,0,0.448,86.38,0.2,0.0,2
199.11,0,0.408,-36.14,0.2,1.0,20
440.59,0,0.42,343.75,0.8,0.0,14
485.59,0,1.609,178.89,0.0,0.0,20
131.69,0,3.909,-267.77,0.2,1.0,0
399.58,1,0.872,322.23,1.0,0.4,19
356.34,0,1.071,274.68,1.0,0.4,23
176.34,0,1.375,-279.79,0.0,0.4,2
389.8,0,0.949,124.18,1.0,0.4,3
457.86,0,0.171,260.1,0.8,0.0,13
354.54,1,0.412,-32.14,1.0,0.7,8
380.25,0,1.375,-103.21,1.0,1.0,22
295.74,0,6.0,-99.41,0.2,1.0,13
73.02,0,2.812,-386.2,1.0,0.0,21
156.75,1,0.032,-157.57,1.0,0.7,9
357.8,1,0.7,18.64,0.5,0.7,9
253.35,0,2.667,-58.34,0.2,1.0,6
397.03,0,0.61,192.52,0.2,0.7,11
99.11,0,0.622,-126.84,0.5,0.4,13
463.82,0,0.905,319.64,1.0,0.7,13
438.0,0,0.891,54.65,0.8,1.0,11
252.7,0,1.571,-137.65,0.8,0.7,16
82.42,0,1.194,-182.21,0.5,0.4,16
269.96,0,14.667,-209.9,0.2,0.0,6
94.04,0,0.977,-264.98,0.8,1.0,6
336.57,1,0.159,199.58,0.0,0.0,19
148.06,0,0.943,-164.68,0.2,0.4,15
275.47,1,1.0,98.34,0.2,0.4,9
321.81,0,1.0,213.36,1.0,0.7,12
377.62,0,16.667,226.73,0.2,1.0,22
256.37,0,1.182,65.27,0.5,0.0,16
120.14,0,1.379,-197.27,0.0,0.4,21
170.53,0,0.562,-98.75,0.5,1.0,20
313.32,0,7.333,-56.34,0.5,0.7,5
494.01,0,1.552,425.15,0.2,0.0,20
261.62,0,3.375,178.48,0.8,0.7,10
173.34,0,0.649,-88.21,0.8,0.0,0
303.67,1,0.194,-163.56,1.0,0.0,19
354.65,0,0.323,-35.47,0.0,1.0,0
380.72,0,0.069,284.2,0.2,0.4,23
156.58,0,0.833,-212.96,0.0,0.7,10
238.66,0,1.0,-124.08,0.2,0.0,5
195.73,0,1.0,-277.08,1.0,0.7,22
145.51,0,0.333,-54.26,0.0,1.0,5
292.52,0,0.64,-118.38,0.5,0.4,11
269.67,0,4.667,-166.35,0.2,0.0,16
65.91,0,1.63,-217.89,0.2,1.0,2
347.31,1,0.532,-71.52,0.2,1.0,8
476.13,0,0.167,343.44,0.0,1.0,12
60.51,0,0.5,-36.37,1.0,0.0,7
60.69,0,1.4,-313.9,0.5,0.0,21
143.24,0,0.75,-288.51,0.5,0.7,22
246.39,1,0.1,-17.64,0.2,0.0,19
83.25,0,0.255,-258.82,0.2,0.4,1
434.83,0,1.171,352.17,1.0,0.4,23
324.23,1,0.595,223.62,0.5,0.4,8
121.83,0,5.167,-342.01,0.0,0.0,16
279.91,0,0.9,-63.66,0.8,0.7,1
74.36,0,0.6,-104.37,1.0,0.7,21
290.95,0,1.371,40.74,0.2,0.4,22
117.83,1,2.0,-244.01,1.0,0.0,9
489.22,1,0.407,190.19,0.5,0.7,17
214.55,0,1.704,-96.27,0.2,0.7,21
430.09,0,27.0,192.46,0.0,1.0,10
362.65,0,2.9,196.97,0.5,0.4,16
253.87,0,2.143,-5.73,0.5,1.0,13
167.39,0,1.029,-81.29,1.0,0.7,16
260.65,1,0.677,-138.3,0.0,1.0,17
281.28,0,0.25,-41.72,0.2,0.7,11
77.58,0,0.765,-241.85,1.0,0.4,2
82.04,1,0.936,-257.72,0.8,0.7,17
50.59,0,14.5,-87.55,0.8,0.0,20
64.97,0,1.214,-159.27,0.8,0.0,6
427.7,0,0.111,89.13,0.8,0.7,15
336.19,1,1.542,221.23,1.0,0.4,9
392.79,0,0.245,224.66,1.0,0.7,22
358.55,0,0.545,271.11,0.8,0.0,21
88.52,0,0.949,-239.04,0.5,0.0,1
468.93,1,29.0,365.61,0.0,1.0,8
126.75,0,0.292,-139.04,0.0,0.0,16
178.24,0,4.75,27.02,1.0,0.7,23
220.69,0,0.744,-144.03,0.5,1.0,0
197.39,0,10.75,117.07,0.0,0.0,22
72.95,0,1.419,-24.81,1.0,0.7,1
55.32,0,3.917,-16.31,0.5,0.7,3
358.73,0,2.818,-109.9,0.2,0.4,14
495.39,1,6.0,367.92,0.8,0.7,18
171.06,0,1.258,-86.26,0.5,0.4,1
317.75,0,1.333,-69.06,0.8,0.7,10
205.95,1,4.455,-16.66,1.0,0.7,17
75.27,1,3.818,-12.25,0.5,0.0,19
145.04,0,1.064,-36.23,0.5,0.0,12
471.84,0,0.533,-20.64,0.2,1.0,0
383.7,0,1.885,-13.45,1.0,1.0,1
384.59,1,4.375,-70.64,0.0,0.7,8
89.78,0,0.64,-318.29,0.5,0.0,13
326.92,0,1.7,100.98,1.0,0.0,13
325.52,1,0.474,43.54,0.2,0.7,18
177.46,1,2.364,107.15,0.5,1.0,8
62.06,0,0.773,-265.68,1.0,1.0,13
218.25,0,0.706,58.68,0.2,1.0,13
93.73,0,5.429,-8.72,0.0,0.7,12
162.63,0,0.143,-192.21,1.0,0.7,7
84.37,0,1.364,-126.26,1.0,1.0,21
144.34,1,0.767,-274.09,0.8,0.4,8
471.65,0,0.4,182.31,0.0,0.4,3
169.11,1,1.593,-36.66,0.8,0.4,19
183.43,1,1.0,-238.38,1.0,1.0,17
324.39,0,0.152,-161.38,0.5,1.0,10
377.98,0,0.436,201.96,0.5,1.0,3
312.74,0,1.583,-158.22,0.0,1.0,23
356.99,1,2.118,-137.01,0.2,0.0,17
256.11,0,4.667,-18.46,1.0,0.0,21
329.67,0,2.3,-124.01,0.8,1.0,15
283.31,1,1.212,-45.09,1.0,1.0,18
175.45,0,1.158,-105.27,0.8,0.7,7
51.92,1,0.889,-411.21,0.2,0.4,17
197.73,0,0.022,-123.2,0.2,1.0,7
494.54,0,8.6,182.9,0.5,1.0,22
62.25,1,0.872,-56.69,0.5,0.7,18
159.08,1,0.795,-214.37,0.5,1.0,18
234.32,1,0.208,-177.17,0.2,0.4,18
484.74,0,4.0,69.61,0.0,1.0,1
283.31,0,2.353,-156.57,0.2,0.0,2
367.95,0,0.333,115.67,0.5,0.4,0
426.65,0,0.286,-55.45,0.2,1.0,11
336.08,0,1.296,213.2,0.5,1.0,13
437.71,0,2.077,27.8,0.0,0.4,15
294.62,0,0.357,238.17,1.0,0.4,20
391.23,0,0.914,319.86,0.8,1.0,12
446.9,0,0.467,240.88,1.0,0.7,20
154.24,0,1.04,-90.61,0.5,0.0,0
332.82,1,0.182,34.88,1.0,0.4,18
472.16,0,1.8,10.47,1.0,1.0,4
460.1,0,12.667,267.86,1.0,0.7,2
322.57,0,0.826,-69.96,0.2,0.4,13
252.05,0,1.842,185.85,0.2,0.0,12
149.1,0,0.14,-204.43,1.0,1.0,7
439.19,0,0.959,294.87,0.2,0.0,16
285.33,0,1.12,-205.74,0.2,1.0,10
225.14,0,0.886,-17.22,1.0,0.7,15
288.13,0,3.1,-94.32,0.0,0.4,23
497.27,0,0.03,229.87,1.0,0.4,3
480.46,1,4.833,427.2,0.2,0.4,9
334.98,0,0.439,-80.99,0.5,1.0,12
128.07,0,0.786,-351.25,0.2,1.0,2
395.2,0,0.913,320.03,0.5,0.4,16
367.57,0,1.478,106.15,0.0,0.4,12
336.21,1,0.312,-85.0,0.2,0.7,19
369.13,0,0.1,-35.77,0.0,0.4,11
